timestamp,window,elapsed_seconds,attack_label,flow_count,flow_duration_mean,fwd_packets_mean,bwd_packets_mean,fwd_bytes_sum,bwd_bytes_sum,flow_iat_mean,flow_iat_std,flow_iat_max,flow_iat_min,fwd_iat_mean,bwd_iat_mean,syn_count,ack_count,rst_count,fin_count,psh_fwd_count,psh_bwd_count,urg_fwd_count,urg_bwd_count,packet_length_mean,packet_length_std,packets_per_second,bytes_per_second,down_up_ratio,active_mean,active_std,idle_mean,idle_std,packet_count,unique_src_ips,unique_dst_ips,unique_src_ports,unique_dst_ports,ttl_mean,ttl_std,tcp_window_mean,tcp_window_std,payload_mean,payload_std,payload_sum,payload_max,fragmented_packets
2018-02-28 08:22:00,0,0.0,0,5350.0,18655013.993271027,6.055140186915888,6.558317757009346,1805338.0,22538828.0,925533.735652586,1499314.7418240565,119455389.0,0.0,1519074.3325508432,1272093.8053437986,170.0,758.0,1577.0,17.0,170.0,0.0,0.0,0.0,110.46714746547602,143.81335232969158,0.0,0.0,0.734392523364486,273724.7152030807,136879.34493023387,5501884.602987067,96273.72646728334,1740,37,37,159,159,129.9557471264368,68.2561120557456,4781.9036845507435,14053.65947827604,407.6810344827586,783.5308826290332,709365,10446,0
2018-02-28 08:23:00,1,60.0,0,810.0,7523679.083950617,3.411111111111111,2.6419753086419755,191308.0,487179.0,1016787.9362135384,1514931.14729084,80600000.0,0.0,1862249.199006579,1849116.9902732945,4.0,309.0,144.0,18.0,4.0,0.0,0.0,0.0,66.3750882848763,88.9615652677074,0.0,75555.70875451309,0.6567901234567901,238514.58950629632,217242.97766560095,3204817.2773841377,233219.0489874762,424,36,34,52,52,117.44811320754717,55.13432680012935,15053.961165048544,25217.9956258492,83.2122641509434,414.00323457875317,35282,5728,0
2018-02-28 08:24:00,2,120.0,0,984.0,9324462.163617888,4.192073170731708,2.283536585365854,189965.0,466881.0,1134021.0793994276,1554991.697508081,65529580.0,0.0,1745307.811690211,1359919.7085246255,51.0,576.0,144.0,0.0,51.0,0.0,0.0,0.0,49.01676431828607,71.86342339723353,0.0,109436.93364499684,0.5477642276422764,976423.9158608534,478018.6053044277,3683119.517478648,119961.7883650814,243,26,25,38,38,114.70781893004116,50.359708377510536,11789.105042016807,23358.97557670582,68.73662551440329,227.81093676385893,16703,1460,0
2018-02-28 08:25:00,3,180.0,0,1249.0,3898766.601281025,2.745396317053643,1.4915932746196958,182045.0,409416.0,794128.7383493918,956451.720879338,75580438.0,0.0,1509892.7488157924,1263885.8020278537,299.0,697.0,130.0,22.0,299.0,0.0,0.0,0.0,47.4869671655976,56.26022313428006,0.0,0.0,0.4963971176941553,120623.36395173642,83794.63609533745,2052842.799475872,63730.77380875315,139,14,13,21,21,117.00719424460432,37.22191508185124,14966.810218978102,24663.187469185512,70.22302158273381,197.9929746654937,9761,1173,0
2018-02-28 08:26:00,4,240.0,0,1085.0,15151473.14562212,5.635023041474654,5.7778801843317975,340448.0,4229669.0,886939.7857083118,1450085.3433779243,110000000.0,0.0,1350189.3665711605,1033325.3774572506,26.0,127.0,230.0,0.0,26.0,0.0,0.0,0.0,94.01829643052378,111.5646872985539,0.0,0.0,0.7428571428571429,1096532.3894553296,349220.2087944572,4309716.484830302,296353.42408677214,190,12,12,17,17,124.5578947368421,33.60278893359665,32260.655555555557,30835.212726735674,250.61052631578949,544.7926122524063,47616,4949,0
2018-02-28 08:27:00,5,300.0,0,1696.0,11730764.480542451,3.932193396226415,3.875,378115.0,2987854.0,854304.2134366985,1475827.062250999,69211996.0,0.0,1777353.157281135,1583703.2761157206,32.0,227.0,375.0,2.0,32.0,0.0,0.0,0.0,79.87064092089688,94.66117928212884,0.0,178250.23664575344,0.7659198113207547,111906.62748039389,22531.76481759101,3644291.56568105,43873.58490299439,871,24,24,143,143,130.42250287026405,70.32022418778531,4876.677204658902,13445.46190612144,146.70952927669344,320.07178704645526,127784,1460,0
2018-02-28 08:28:00,6,360.0,0,627.0,17959092.751196172,7.066985645933015,4.637958532695375,249592.0,1190418.0,1078104.4247251824,1747218.715050824,61030371.0,0.0,1457747.4575317835,1232659.0473728522,26.0,202.0,175.0,1.0,26.0,0.0,0.0,0.0,96.26015357307624,142.03845180970686,0.0,0.0,0.6012759170653907,1495573.2134600305,815809.6007273739,5579803.92878319,370429.4603436676,212,24,25,32,32,116.42924528301887,50.34223814658817,10625.576354679803,22074.880576419895,82.70754716981132,242.30508234156434,17534,1460,0
2018-02-28 08:29:00,7,420.0,0,608.0,9087048.481907897,3.8996710526315783,2.960526315789474,207808.0,489768.0,1625012.196893229,2436977.9295116174,64154642.0,0.0,3385694.9285622854,3062635.8172681155,59.0,295.0,137.0,10.0,59.0,0.0,0.0,0.0,73.09173971127994,106.49775208678668,0.0,0.0,0.5296052631578947,141517.50424639654,72733.5320103601,5688690.713150419,121893.44293984996,135,21,17,24,24,113.36296296296297,43.64145082328616,14133.87969924812,25792.13294816311,66.53333333333333,200.3101624831597,8982,1173,0
2018-02-28 08:30:00,8,480.0,0,743.0,12847534.952893674,5.500672947510094,3.838492597577389,236224.0,1498031.0,895408.7134189632,1372271.5873271648,85000000.0,0.0,1434685.804777222,1389175.027754787,63.0,230.0,134.0,11.0,63.0,0.0,0.0,0.0,73.82230133124617,91.75501122416756,0.0,0.0,0.5720053835800808,1094637.6219910986,823649.6830955643,3970924.991682381,321957.1122390776,92,13,13,18,18,128.19565217391303,53.27107520424333,9593.333333333334,21473.985708873413,60.16304347826087,165.1186903893989,5535,1173,0
2018-02-28 08:31:00,9,540.0,0,1552.0,12868772.226804124,47.345360824742265,166.98904639175257,746488.0,366920423.0,964584.033814196,1718173.706181763,82339129.0,0.0,1959139.008128248,1786840.926805774,65.0,236.0,375.0,3.0,65.0,0.0,0.0,0.0,110.03661427527403,126.72852040660356,0.0,0.0,0.8086340206185567,95632.2547809473,50249.08618255343,5463791.987369526,418152.9639390457,423,14,12,67,67,163.50591016548464,66.81291938850346,5372.576923076923,15929.907333277144,399.1394799054373,596.9425035438248,168836,1460,0
2018-02-28 08:32:00,10,600.0,0,810.0,17871209.17530864,88.57777777777778,189.99753086419756,310667.0,218027498.0,980337.8584090638,2085704.849253834,109811388.0,0.0,1542525.9222586935,1157963.1552061767,69.0,208.0,258.0,10.0,69.0,0.0,0.0,0.0,126.21836361974864,165.8201626427352,0.0,0.0,0.5753086419753086,948940.042272938,317529.7821605743,5344687.586773823,535231.5402265023,6867,30,29,62,62,79.16950633464396,44.64149633102858,2868.719953154736,5490.964146741528,871.5356050677152,707.1801222599719,5984835,1460,0
2018-02-28 08:33:00,11,660.0,0,1008.0,17278466.29761905,31.901785714285715,85.3422619047619,1540325.0,118551999.0,934463.2769987404,1854641.66145688,97700000.0,0.0,1515320.4112917446,1077494.503137295,49.0,280.0,252.0,3.0,49.0,0.0,0.0,0.0,100.37351415501726,126.04931939634682,0.0,0.0,0.6765873015873016,629817.1152923509,211278.33529694215,5691597.403641225,265407.8052027722,252,26,25,36,36,125.47222222222223,64.02952523496455,6540.762295081967,17596.289195436537,42.84920634920635,169.12912945334546,10798,1460,0
2018-02-28 08:34:00,12,720.0,0,1305.0,15282322.502681991,4.880459770114943,4.454406130268199,446587.0,2632754.0,1161088.3462837248,1861531.7030336405,86935013.0,0.0,1628701.9087829662,1310067.4573043864,112.0,367.0,308.0,8.0,112.0,0.0,0.0,0.0,88.87943359872774,120.5556687916252,0.0,0.0,0.6406130268199234,286177.1701350289,179049.34477042552,5843933.329009988,462585.3393680961,141,19,18,23,23,120.8581560283688,43.678465037178825,17523.201438848922,27502.102283854452,66.80851063829788,195.3320950474425,9420,1173,0
2018-02-28 08:35:00,13,780.0,0,732.0,12629651.846994536,5.834699453551913,5.352459016393443,234497.0,2584605.0,1198172.1604924726,1102686.9877623804,73601816.0,0.0,1415473.3968924272,663096.269031316,52.0,250.0,128.0,8.0,52.0,0.0,0.0,0.0,72.00512799016434,95.27651432392284,0.0,0.0,0.6407103825136612,797906.8719632269,484005.6493235146,4031219.292539104,408884.83629793726,72,11,9,12,12,112.86111111111111,44.884611232677585,10947.958333333334,23797.90333434682,47.333333333333336,161.91007763396516,3408,1173,0
2018-02-28 08:36:00,14,840.0,0,1788.0,16863309.011744965,5.745525727069351,6.017897091722595,739507.0,5769759.0,658458.9330313904,1536055.4164031364,59732357.0,0.0,1124856.1020739332,1019442.7442713724,90.0,390.0,527.0,8.0,90.0,0.0,0.0,0.0,105.12457066283127,143.15458160936006,0.0,0.0,0.6879194630872483,245354.88888447717,79777.57363175876,5330157.170983026,234484.22256055992,74,7,8,9,9,113.98648648648648,14.214109566687164,28589.661971830985,30431.305652447387,114.86486486486487,263.76267478857835,8500,1173,0
2018-02-28 08:37:00,15,900.0,0,1343.0,15792939.85927029,5.209977661950856,4.475800446760982,384469.0,2929776.0,1083303.3531035653,1452562.9520857504,109780919.0,0.0,1535500.800214987,969885.2079772608,89.0,391.0,308.0,13.0,89.0,0.0,0.0,0.0,89.8706527354146,119.38805620926216,0.0,0.0,0.5964259121370067,571816.3486209197,219813.27418429067,5290626.078962704,209569.1897528291,114,9,6,16,16,131.52631578947367,59.851617484492564,13159.26,24346.68479646011,231.21929824561403,420.47355853797956,26359,1460,0
2018-02-28 08:38:00,16,960.0,0,889.0,11789695.721034871,5.7109111361079865,5.901012373453319,361971.0,3599913.0,920118.0835204194,1404496.7265944297,59922030.0,0.0,1258520.9171750972,959391.4123205304,47.0,340.0,165.0,10.0,47.0,0.0,0.0,0.0,72.34198967676603,100.42237170904916,0.0,398906.7908024797,0.5838020247469067,253889.0541184453,187829.35552188195,4598930.601076108,469023.82367005537,241,16,14,27,27,126.9045643153527,42.747261363509836,33569.85462555066,29891.116433450006,231.7759336099585,671.2822180362956,55858,7327,0
2018-02-28 08:39:00,17,1020.0,0,926.0,10331858.435205184,4.6781857451403885,2.970842332613391,274956.0,740627.0,846131.8369643543,1326087.3640235804,108312139.0,0.0,1249561.1439026035,1067360.840706055,165.0,434.0,166.0,11.0,165.0,0.0,0.0,0.0,69.31072929799612,97.23580467986264,0.0,0.0,0.541036717062635,767120.9332612882,388709.05094789766,3660240.5929765296,144485.06206735002,113,11,10,16,16,117.98230088495575,34.099115588888424,16951.45871559633,24923.14145436522,119.02654867256638,289.76072210461706,13450,1460,0
2018-02-28 08:40:00,18,1080.0,0,876.0,17702631.514840182,11.39840182648402,18.366438356164384,442006.0,18461271.0,1546234.3381036948,1545144.2142783983,60703388.0,0.0,2023833.9903487545,1141066.883142591,63.0,270.0,227.0,3.0,63.0,0.0,0.0,0.0,107.44260658480307,137.61939391332328,0.0,74435.51902061362,0.6015981735159818,90863.25651735852,47603.164929653874,5185477.090048015,231242.2657952389,82,7,7,10,10,112.59756097560975,35.87697076140562,26721.71794871795,31046.09421986966,126.6951219512195,272.8203265762924,10389,1173,0
2018-02-28 08:41:00,19,1140.0,0,781.0,16707938.417413572,6.387964148527529,5.47887323943662,293831.0,2386290.0,985583.1146347158,1490067.6103649249,59900000.0,0.0,1421613.9591243786,1217540.5249973142,45.0,201.0,219.0,5.0,45.0,0.0,0.0,0.0,86.21737263354775,119.17556302841832,0.0,0.0,0.6261203585147247,780393.5724264869,645044.4272591049,4961650.072867271,337335.9098191701,345,14,12,46,42,146.70434782608694,62.06363584122471,28799.843333333334,27137.17921680399,217.34782608695653,387.6539613903071,74985,1460,0
2018-02-28 08:42:00,20,1200.0,0,511.0,10467732.583170254,4.540117416829745,3.681017612524462,200375.0,489458.0,980637.0821261776,1246529.741447098,118000000.0,0.0,1240711.9985922417,940797.1782938772,32.0,203.0,114.0,6.0,32.0,0.0,0.0,0.0,79.86154646141019,115.35215252110586,32236.12961822453,122299.36590860668,0.5205479452054794,254202.55359711932,213538.30053994947,4076870.793187656,108424.1220410479,234,13,10,32,29,156.22222222222223,64.7691988354597,25269.11374407583,26586.452004309955,46.034188034188034,196.04586621191467,10772,1460,0
2018-02-28 08:43:00,21,1260.0,0,934.0,17500181.843683083,6.690578158458244,8.88865096359743,508739.0,7406301.0,1320266.731015673,1439498.8635493263,60700000.0,0.0,1729928.385384971,1057418.493410125,55.0,243.0,239.0,3.0,55.0,0.0,0.0,0.0,114.05453449268768,135.0354938091923,0.0,0.0,0.6937901498929336,578551.8886671751,494914.86737704265,5275284.521577404,272245.71909396746,246,15,14,35,35,146.9390243902439,63.76993358993491,20118.26605504587,26316.410436819064,217.7642276422764,453.30774483946533,53570,1460,0
2018-02-28 08:44:00,22,1320.0,0,523.0,11828970.619502869,5.458891013384322,4.5659655831739965,242188.0,917357.0,840086.1274537701,1099866.0389744255,58900000.0,0.0,1067136.1694193715,668476.6771552728,42.0,178.0,135.0,5.0,42.0,0.0,0.0,0.0,88.85993097630899,127.27274070110477,0.0,0.0,0.5544933078393881,655902.5245958666,256577.6208129685,3466236.301380671,139695.0272564558,130,13,11,21,21,129.3923076923077,53.35060226534592,15841.90322580645,23177.860018371175,73.86923076923077,195.72617276396647,9603,1279,0
2018-02-28 08:45:00,23,1380.0,0,675.0,13473759.822222222,7.940740740740741,8.318518518518518,440805.0,4333002.0,1150269.056234917,1301510.6919286803,60339734.0,0.0,1529320.1483341611,1220446.6465229443,18.0,219.0,203.0,0.0,18.0,0.0,0.0,0.0,106.2783423433563,142.02406926249364,0.0,70578.19846495613,0.5437037037037037,1189916.6642277646,198854.67170514428,3953601.339374543,247211.2876090083,131,8,8,11,11,126.9618320610687,48.01945192077455,24158.748091603054,29568.72279657458,84.16793893129771,232.99601028844828,11026,1173,0
2018-02-28 08:46:00,24,1440.0,0,1302.0,13295723.447004609,5.329493087557604,5.04147465437788,507821.0,3374858.0,911384.530069258,1163043.9691856855,82814459.0,0.0,1242879.2229995416,952358.2227135216,54.0,307.0,327.0,6.0,54.0,0.0,0.0,0.0,101.30293392423565,135.88208967796191,0.0,0.0,0.6536098310291859,355573.87863352435,190870.6400892438,4339777.7744082045,123785.40780871928,113,10,7,16,15,114.90265486725664,21.531938321682706,20559.938053097347,25951.399538809354,85.87610619469027,218.1362669109513,9704,1173,0
2018-02-28 08:47:00,25,1500.0,0,1269.0,19214754.84554768,6.727344365642238,8.459416863672184,566254.0,7965298.0,774545.9467519926,1795704.8280535135,103000000.0,0.0,1329519.0075392076,1319411.3020639478,43.0,251.0,347.0,1.0,43.0,0.0,0.0,0.0,113.20873585668188,144.0324724698315,0.0,0.0,0.7092198581560284,420653.57794522616,186367.2372166688,7077259.657050164,219624.7119928161,67,10,6,16,15,175.40298507462686,57.544464942336326,5623.527272727273,13611.232822840691,198.80597014925374,386.8595093361637,13320,1460,0
2018-02-28 08:48:00,26,1560.0,0,766.0,11067719.16840731,4.906005221932115,3.815926892950392,317820.0,891160.0,1055980.9720650665,1107093.2759478593,106320636.0,0.0,1291346.7777176972,649269.4457859454,28.0,259.0,203.0,3.0,28.0,0.0,0.0,0.0,93.18754074576384,131.663397509994,0.0,0.0,0.5926892950391645,844206.3060246882,264845.4608615647,3665798.0049130544,276144.0825764656,124,11,10,21,20,135.13709677419354,60.248312013249304,24752.238532110092,29087.201656111865,131.99193548387098,297.0017518211657,16367,1460,0
2018-02-28 08:49:00,27,1620.0,0,1229.0,11515165.128559804,4.823433685923515,5.802278275020342,526963.0,4875470.0,1115906.7970602608,1502719.7816353268,86971176.0,0.0,1507449.0604971696,993446.3549564854,106.0,389.0,314.0,6.0,106.0,0.0,0.0,0.0,96.59192504581864,123.248555081242,0.0,0.0,0.6501220504475184,228705.78169440152,55405.621875319375,4273743.430533676,1301550.1041510175,822,26,26,94,94,101.78953771289538,55.30295908746546,6260.009536784741,15565.056172641345,225.59367396593674,443.14229283799006,185438,1711,0
2018-02-28 08:50:00,28,1680.0,0,1082.0,12446317.232902031,4.902033271719039,3.5794824399260627,291420.0,1513471.0,607918.0514254967,1241933.5183642027,72498255.0,0.0,966254.7964827165,929074.4717713,122.0,357.0,253.0,3.0,122.0,0.0,0.0,0.0,78.61507515706478,103.94320882958796,0.0,0.0,0.6035120147874307,700613.0738194745,378434.634865184,3973556.2887288127,197728.78336644016,429,26,24,49,49,125.50582750582751,63.160995066073276,6652.97,17793.937112229683,214.28671328671328,456.55127291432063,91929,1711,0
2018-02-28 08:51:00,29,1740.0,0,450.0,7157274.462222222,4.311111111111111,2.973333333333333,177321.0,423680.0,1821954.928169217,784298.7782935366,62600000.0,0.0,1909557.3632190952,696541.1890365954,17.0,127.0,110.0,2.0,17.0,0.0,0.0,0.0,102.39199059625356,124.94827475246645,0.0,0.0,0.4488888888888889,391492.0122222222,216036.1745094993,3543784.953333333,199135.48022129096,182,13,14,20,20,110.0989010989011,38.10571365491513,26891.242424242424,30768.237487500217,307.1208791208791,586.802569886791,55896,4901,0
2018-02-28 08:52:00,30,1800.0,0,734.0,14088748.648501365,6.489100817438692,6.1880108991825615,279719.0,3242439.0,988965.605150044,1239519.9882572806,59939043.0,0.0,1348662.092413094,1061284.1147859416,18.0,195.0,229.0,0.0,18.0,0.0,0.0,0.0,113.0169192058958,143.05848417295476,0.0,0.0,0.5817438692098093,916455.8362781928,255443.48133552892,4261508.698451119,181803.442594221,62,4,3,8,8,119.19354838709677,17.142449190582965,23508.6935483871,27462.27178559449,103.85483870967742,237.05957242398463,6439,1173,0
2018-02-28 08:53:00,31,1860.0,0,1829.0,14693392.368507382,5.139967195188627,5.282121377802078,673134.0,5209456.0,588917.3325322744,1268706.2102048225,97101830.0,0.0,1090710.4861160691,1035452.9489587144,70.0,316.0,492.0,3.0,70.0,0.0,0.0,0.0,102.43535560754658,133.4977166755745,0.0,0.0,0.7266265718972116,241436.49993761352,85735.35809680348,4213269.456466624,64210.011007680536,52,4,4,4,4,115.53846153846153,13.39367942602477,31132.76923076923,31561.348159912177,157.25,303.514503642855,8177,1173,0
2018-02-28 08:55:00,32,1980.0,0,2643.0,13987446.58910329,5.206961785849414,5.58948164964056,966342.0,8657676.0,590156.3853159065,1130665.2450456342,60000000.0,0.0,973722.77131284,838651.4484522765,88.0,544.0,631.0,11.0,88.0,0.0,0.0,0.0,96.17833217651082,124.5942993035132,0.0,0.0,0.7162315550510783,215112.24365286255,167557.0486793439,3949628.620796736,153874.16197912378,88,6,6,6,6,114.29545454545455,13.60118241218036,30173.909090909092,31391.170775527105,155.07954545454547,300.9555365483435,13647,1173,0
2018-02-28 08:56:00,33,2040.0,0,675.0,7813187.263703704,4.032592592592593,2.2533333333333334,163962.0,409872.0,747611.8091401366,1087262.6208082312,60434828.0,0.0,896979.7699198498,786272.1311224242,76.0,375.0,103.0,16.0,76.0,0.0,0.0,0.0,56.40791478762148,74.51630770035244,0.0,0.0,0.5096296296296297,691821.7430482605,156916.57142577774,3619900.452464646,164165.38945994063,40,7,4,7,7,125.9,33.54812845863273,36611.02631578947,29325.193858474773,175.5,329.19614603470455,7020,1173,0
2018-02-28 08:57:00,34,2100.0,0,1204.0,12890585.99833887,4.92109634551495,4.670265780730897,340748.0,3336607.0,1128263.9527223036,1238023.6446620144,82800000.0,0.0,1575236.7318292276,892544.4066256633,76.0,417.0,259.0,8.0,76.0,0.0,0.0,0.0,76.28847104689635,97.01128162043416,0.0,0.0,0.617109634551495,485764.7835460915,141591.99173594455,4156152.7662852034,85609.50646926995,17,3,3,4,4,121.88235294117646,38.009673691280845,1622.4666666666667,2692.703682882601,551.0588235294117,1044.422296690151,9368,4123,0
2018-02-28 08:58:00,35,2160.0,0,957.0,8904895.312434692,4.2936259143155695,5.016718913270638,202676.0,3918942.0,510575.5190252696,778652.2356040331,72599196.0,0.0,720708.6550132959,724343.1959790488,106.0,302.0,184.0,10.0,106.0,0.0,0.0,0.0,77.51905711439906,95.34059947385006,0.0,0.0,0.619644723092999,266939.55027546466,100526.42738723324,2547967.565712264,166658.98127316343,371,12,12,35,35,151.9946091644205,67.13922584105379,10140.816023738873,21634.367553140662,419.99460916442047,605.082303959928,155818,1460,0
2018-02-28 08:59:00,36,2220.0,0,1283.0,14013916.88854248,4.698363211223694,4.067030397505846,393014.0,1970276.0,890662.4247643617,1277970.9548215556,74900000.0,0.0,1355807.8117632775,967349.1312617188,50.0,253.0,262.0,7.0,50.0,0.0,0.0,0.0,85.2418780839187,109.79013946526844,0.0,184651.79052564444,0.7084957131722526,527203.123306783,235624.02720835735,4061823.737175728,117418.13690364778,187,15,13,24,25,111.93582887700535,41.318148655459446,19476.049723756907,27560.893237878485,101.16042780748663,237.36362453750036,18917,1173,0
2018-02-28 09:00:00,37,2280.0,0,1620.0,12561341.255555555,4.50925925925926,4.311111111111111,459208.0,3156803.0,833575.3207818497,1132641.4756692422,59936593.0,0.0,1151109.7679057077,884094.2660209249,75.0,363.0,384.0,5.0,75.0,0.0,0.0,0.0,93.40681253878346,125.67346751266729,0.0,0.0,0.6907407407407408,223762.43082814504,68211.31090460058,4166751.701740904,148220.48325365366,44,9,8,12,12,105.0,44.82420442490398,13201.675,25464.193544890964,81.22727272727273,211.597562701526,3574,1173,0
2018-02-28 09:01:00,38,2340.0,0,804.0,13493817.218905471,5.236318407960199,4.001243781094527,302149.0,1233459.0,878881.372958645,1352125.5674015654,60014752.0,0.0,1229182.526644513,983040.1148681554,47.0,281.0,192.0,8.0,47.0,0.0,0.0,0.0,76.18421536848147,104.12626877982436,0.0,0.0,0.5485074626865671,691181.482483316,446011.8707919511,4302419.448147497,357585.30512257933,58,5,5,8,8,120.55172413793103,28.038302382347783,23602.741379310344,30380.300213663013,142.1551724137931,290.52087533921633,8245,1173,0
2018-02-28 09:02:00,39,2400.0,0,757.0,10746047.861294584,4.618229854689564,3.854689564068692,236293.0,1256871.0,882924.1982341751,1065435.0141195406,59936638.0,0.0,1204404.9792981315,899588.3301927363,37.0,264.0,189.0,3.0,37.0,0.0,0.0,0.0,83.54307197486723,118.7713522549193,0.0,0.0,0.5640686922060766,202085.3925487082,170455.09941267245,3396150.0542429844,168700.23795677323,74,6,5,7,7,114.27027027027027,18.758229096320978,28641.013513513513,30245.375539869892,166.6891891891892,317.712712724453,12335,1173,0
2018-02-28 09:03:00,40,2460.0,0,971.0,13738197.460350154,4.719876416065912,3.834191555097837,322972.0,1197416.0,1211718.7061482274,1343262.863071365,62324186.0,0.0,1625656.6193696714,999033.9570357924,115.0,295.0,207.0,7.0,115.0,0.0,0.0,0.0,75.11480771113398,101.69064167898104,0.0,0.0,0.619979402677652,496556.6100663293,206919.22233109752,4492773.412325993,481987.0770929536,130,11,10,19,19,116.66153846153846,26.068054597207777,19428.564516129034,27040.80520047642,113.62307692307692,235.56665198058673,14771,1173,0
2018-02-28 09:04:00,41,2520.0,0,698.0,11012607.845272206,4.297994269340975,3.1117478510028653,195474.0,587266.0,1108398.6274472652,1373287.926463645,63817092.0,0.0,1486463.3130659382,1199235.27817959,63.0,188.0,185.0,2.0,63.0,0.0,0.0,0.0,77.34179792731103,103.97787377227534,0.0,0.0,0.6174785100286533,466191.6699668006,337080.28532629606,4010402.230594141,328503.57576952816,122,9,7,11,11,115.98360655737704,17.042961566328827,29267.303278688523,30463.113995654163,168.14754098360655,313.44058901990167,20514,1173,0
2018-02-28 09:05:00,42,2580.0,0,568.0,17165842.70774648,5.209507042253521,3.8767605633802815,243192.0,568754.0,2028394.5950469116,1774006.3234005284,60000000.0,0.0,2443341.541577839,1156445.359238939,35.0,188.0,110.0,5.0,35.0,0.0,0.0,0.0,79.2341190721234,110.39376684611426,38519.611457897256,407097.0823791301,0.5686619718309859,821457.5995085347,443570.9860977074,6367027.371988178,438774.6008130029,35,7,5,9,9,114.45714285714286,28.329306024538134,25757.571428571428,29336.884577655637,114.68571428571428,249.10956382667442,4014,1173,0
2018-02-28 09:06:00,43,2640.0,0,475.0,17003423.867368422,5.7368421052631575,4.334736842105263,173131.0,848403.0,1897313.291835368,1842686.4179197596,60813838.0,0.0,2357693.8136562994,1602730.2664040918,50.0,180.0,121.0,0.0,50.0,0.0,0.0,0.0,90.7821342797278,135.2295424317413,0.0,74575.88559324206,0.4926315789473684,591338.1132483128,202088.41737642183,6333049.230347591,579423.6787753202,74,5,5,8,8,112.66216216216216,13.588146553811661,21353.527027027027,27263.670053263777,124.10810810810811,260.64927190969985,9184,1173,0
2018-02-28 09:07:00,44,2700.0,0,2601.0,15161230.18531334,5.018838908112264,4.87043444828912,929723.0,5565250.0,572556.3311797801,1236636.6073548452,60015234.0,0.0,991678.0478191256,955333.7764405374,89.0,424.0,654.0,8.0,89.0,0.0,0.0,0.0,98.40234753029036,131.11943741427385,0.0,0.0,0.7185697808535179,221353.05585289063,125779.76859775392,4160260.7669860674,94400.3517002696,355,10,9,92,92,149.9774647887324,67.52843761120135,8950.220657276996,18343.81515155144,117.38591549295775,271.4316934476259,41672,1460,0
2018-02-28 09:08:00,45,2760.0,0,759.0,14686777.930171276,5.384716732542819,4.797101449275362,237171.0,1988759.0,1672404.6339507357,1471484.9148670863,59874050.0,0.0,2010119.5032275552,1144319.9553351838,91.0,294.0,176.0,9.0,91.0,0.0,0.0,0.0,81.76243680125995,113.371790832844,0.0,0.0,0.5349143610013175,488979.82967455673,233997.8970138656,5674066.384598822,500534.84532849706,65,9,6,13,12,99.81538461538462,52.14699545146762,8123.587301587301,19916.65693999981,46.07692307692308,170.88037735616285,2995,1173,0
2018-02-28 09:09:00,46,2820.0,0,1041.0,11603180.261287224,4.345821325648415,3.950048030739673,391214.0,1263693.0,849307.3138802183,1125993.4688817472,71428518.0,0.0,1092992.186726984,901633.844221509,38.0,319.0,205.0,0.0,38.0,0.0,0.0,0.0,77.06575966833967,101.99276616578916,0.0,396910.5881383317,0.6935638808837656,247219.08607246968,141754.44007458177,3714787.2252383786,275942.8548735752,55,7,6,10,10,116.0,32.83855006498262,23261.036363636365,28814.48743058849,130.52727272727273,288.6242498054479,7179,1173,0
2018-02-28 09:10:00,47,2880.0,0,2398.0,15667271.740200168,5.957464553794829,6.217264386989157,868096.0,10113912.0,705388.1253175567,1390165.0731126324,75000000.0,0.0,1149888.58908196,1101066.1201739972,176.0,599.0,634.0,19.0,176.0,0.0,0.0,0.0,100.59789128483908,129.11337068719905,0.0,0.0,0.6305254378648875,209917.3156919092,126713.93439252196,4498146.971303688,178814.9021043671,66,7,6,11,11,121.36363636363636,28.514307536142883,18816.666666666668,26925.39832279229,110.03030303030303,242.51648443238912,7262,1173,0
2018-02-28 09:11:00,48,2940.0,0,1102.0,17309763.48911071,5.549001814882033,5.762250453720508,498632.0,3422730.0,1374714.7741093996,1652319.7578637411,60110956.0,0.0,1820972.385904469,958762.6513440132,77.0,302.0,250.0,6.0,77.0,0.0,0.0,0.0,97.08142968720998,124.6423998637313,0.0,0.0,0.6669691470054446,407219.9725130932,278611.0970761918,6385293.047811875,258695.1571983389,1484,29,29,139,139,124.23382749326146,68.78406340274425,1933.361111111111,7263.856759330901,558.0566037735849,1961.589970036998,828156,19082,0
2018-02-28 09:12:00,49,3000.0,0,1441.0,9623027.82165163,6.460791117279667,5.850798056904927,937057.0,2580161.0,583316.4072038322,1045863.4774097966,115000000.0,0.0,913815.1009321704,879112.6254593926,42.0,331.0,719.0,9.0,42.0,0.0,0.0,0.0,108.01175314432976,187.44120333099053,0.0,0.0,0.4809160305343511,281047.2628245052,108512.35468106106,3168669.0138677093,233081.7439262829,373,28,28,45,45,104.15549597855228,57.43994014399111,2583.086111111111,9941.526299861465,190.6112600536193,490.31103972817317,71098,2633,0
2018-02-28 09:13:00,50,3060.0,0,2268.0,9031719.339065256,6.592151675485009,6.264991181657848,1872360.0,2955318.0,498006.459332617,949388.6605615437,101240373.0,0.0,860661.8570496303,707349.1818849999,139.0,411.0,1253.0,14.0,139.0,0.0,0.0,0.0,118.17747533407872,211.2032803204928,0.0,0.0,0.4700176366843033,328005.87547320075,166722.34159541957,2490840.6894383384,190849.26196418816,294,26,26,40,40,101.63945578231292,51.281788021070106,6263.078014184397,16794.35570731385,241.14625850340136,538.3628345970523,70897,2745,0
2018-02-28 09:14:00,51,3120.0,0,2184.0,7111079.986721612,6.7866300366300365,6.298534798534798,1863795.0,2972023.0,755454.675939878,901426.5279142366,114432944.0,0.0,1099185.369841057,729983.1266143498,105.0,344.0,1385.0,10.0,105.0,0.0,0.0,0.0,129.7611516609059,235.25697171645805,0.0,0.0,0.4299450549450549,438236.5747176755,44937.96187350476,2413539.365268916,159664.21675982332,277,19,19,32,32,99.86642599277978,52.42842110646118,4295.322957198444,13274.878739175829,234.1480144404332,545.1846547019575,64859,2744,0
2018-02-28 09:15:00,52,3180.0,0,2120.0,11310536.98962264,7.477358490566037,7.755660377358491,1847164.0,6149659.0,535642.9625399038,1116042.1378815856,114000000.0,0.0,953875.9747888694,859657.4621978939,33.0,179.0,1241.0,2.0,33.0,0.0,0.0,0.0,133.6966418753023,230.6421596505337,0.0,0.0,0.4896226415094339,549093.5806544309,214055.24393603095,3597011.380065659,218238.7709647664,2130,32,31,117,117,90.10234741784038,52.764619465046565,2772.749494949495,10361.958702800328,561.5352112676056,667.1778951353492,1196070,4079,0
2018-02-28 09:16:00,53,3240.0,0,1100.0,11348088.706363635,6.743636363636363,6.010909090909091,811374.0,2637153.0,781616.6656427674,1165176.9585606572,117000000.0,0.0,1062360.7590081007,948853.2088498174,57.0,221.0,517.0,6.0,57.0,0.0,0.0,0.0,125.67626584648164,200.3279780327516,0.0,0.0,0.3672727272727272,372047.6243859836,181071.52126741884,3810869.029607479,277335.9357761295,451,31,29,53,53,100.18625277161863,49.023494475544474,6952.972027972028,18064.55524760043,131.43680709534368,347.3449804477203,59278,1698,0
2018-02-28 09:17:00,54,3300.0,0,2269.0,13036988.151167916,6.75275451740855,6.947113265755839,1422308.0,8774086.0,813815.1556924869,1197366.894131021,105472823.0,0.0,1188700.7564532177,847612.8910477776,98.0,380.0,907.0,11.0,98.0,0.0,0.0,0.0,117.93141420655851,178.23423107327034,0.0,0.0,0.5187307183781401,317197.8222496408,189075.6839358577,4040294.761111241,379269.919260557,326,27,26,39,39,97.38036809815951,45.442130040671685,6738.593548387097,16793.918243717184,167.28527607361963,394.03229258263013,54535,1698,0
2018-02-28 09:18:00,55,3360.0,0,1728.0,9381601.333333334,6.175347222222222,5.585069444444445,1144943.0,3290879.0,553599.7229197482,1159366.2647560963,115000000.0,0.0,907075.4937113432,832598.6345038557,44.0,271.0,818.0,8.0,44.0,0.0,0.0,0.0,117.91577200554676,192.61012500428865,0.0,0.0,0.4224537037037037,214823.0233263165,40063.05928756373,3974443.353631641,217984.193623153,843,29,28,110,110,112.53262158956109,61.39908636374001,5711.330955777461,14444.487016912033,193.05693950177937,403.6436648276147,162747,4079,0
2018-02-28 09:19:00,56,3420.0,0,1403.0,8004892.62722737,7.565930149679259,7.111903064861012,1186191.0,4632730.0,711636.367425472,989140.9001585247,86700000.0,0.0,941528.2991207308,647428.5687781337,39.0,233.0,772.0,1.0,39.0,0.0,0.0,0.0,132.15005804513166,228.88528730709527,0.0,0.0,0.2530292230933713,393720.1373744288,134812.8543713418,3276940.011386573,218248.7406170252,143,11,27,35,19,111.24475524475524,35.41608148754787,15475.41726618705,26434.328122781713,168.85314685314685,362.4075590349371,24146,1698,0
2018-02-28 09:20:00,57,3480.0,0,1677.0,7274716.533691115,6.742993440667859,5.989862850327967,1313727.0,3004754.0,704988.9818166265,770780.3290942939,59905205.0,0.0,928455.3445294906,609372.5313865714,28.0,217.0,961.0,2.0,28.0,0.0,0.0,0.0,132.42456832005487,228.4888543642264,0.0,39531.74098697858,0.3124627310673822,212878.0873134087,59074.1607868998,2686649.492596032,79166.7879669174,39,7,4,8,8,111.94871794871794,29.709070666919857,26597.871794871793,29751.360945588858,139.43589743589743,290.677140019807,5438,1173,0
2018-02-28 09:21:00,58,3540.0,0,840.0,15082159.867857143,5.71547619047619,5.703571428571428,353799.0,3091317.0,940370.8435922688,1552769.3534361748,59937109.0,0.0,1268600.90630341,1291672.5669417002,29.0,181.0,232.0,5.0,29.0,0.0,0.0,0.0,119.96300665661536,146.53133752667011,12182.598812856024,172449.04772625942,0.6130952380952381,615129.4565109863,26261.681925261837,4811965.535605375,165013.03592176133,66,8,9,13,13,107.0909090909091,46.13149342168197,29689.81818181818,27462.156182436804,132.84848484848484,277.4415110876383,8768,1173,0
2018-02-28 09:22:00,59,3600.0,0,976.0,14267608.721311476,4.815573770491803,4.645491803278689,262427.0,2526763.0,1476553.938498923,1184597.1645675383,59936325.0,0.0,1815837.5047465004,1028895.4610182272,31.0,186.0,228.0,0.0,31.0,0.0,0.0,0.0,84.53838105395205,103.93878968212395,0.0,125294.68767343104,0.6516393442622951,272686.50111345726,63138.308938857575,4512027.656342883,116990.85706323304,428,19,17,50,50,150.99065420560748,65.81913979259419,10342.72311827957,21360.68051113706,378.2079439252336,580.8074741234277,161873,1460,0
2018-02-28 09:23:00,60,3660.0,0,819.0,8518507.683760684,4.096459096459096,2.7887667887667886,226815.0,647790.0,1345034.8228672107,890082.6080182362,72138390.0,0.0,1566493.3620737032,729620.9436000255,64.0,291.0,142.0,15.0,64.0,0.0,0.0,0.0,75.30410223956238,97.8318728797734,0.0,680841.2788783613,0.5787545787545788,495895.62876004766,219254.68365109185,3067729.118291536,180804.7141261742,102,10,10,16,16,128.2156862745098,70.32761065763215,7843.29347826087,18297.49042994156,123.84313725490196,587.1516198184303,12632,5545,0
2018-02-28 09:24:00,61,3720.0,0,1133.0,14247952.48455428,4.823477493380406,4.184466019417476,328954.0,1948747.0,769080.3251673279,1392864.2182539466,59936333.0,0.0,1217916.393260292,1107035.5485135696,83.0,326.0,265.0,2.0,83.0,0.0,0.0,0.0,81.85583264199691,111.55977623632684,0.0,151996.24577150986,0.6054721977052074,226149.4158293758,230272.99114217507,4714061.418581354,124167.105893699,80,8,9,13,13,115.8125,53.20276326458374,2960.240506329114,5623.8027745061745,83.7,568.4693060304435,6696,5088,0
2018-02-28 09:25:00,62,3780.0,0,490.0,11365538.142857144,4.563265306122449,3.126530612244898,164337.0,561303.0,2897448.2449734937,1114666.513705894,59937046.0,0.0,3115988.159328639,951396.6394113484,36.0,214.0,106.0,3.0,36.0,0.0,0.0,0.0,75.56181813083163,107.42136963937102,0.0,156828.93371447953,0.4836734693877551,793843.6607295708,77444.50025135097,5337253.987957576,302494.1373068283,106,11,9,13,14,121.83018867924528,47.95165654780183,13423.596153846154,25390.631953162487,79.66981132075472,224.61487554937068,8445,1173,0
2018-02-28 09:26:00,63,3840.0,0,1603.0,14421620.349968808,4.6743605739238925,4.184029943855271,425060.0,2639917.0,733148.3458664642,1512698.1543110884,67336633.0,0.0,1205023.6089007056,1112060.6009675784,111.0,320.0,347.0,8.0,111.0,0.0,0.0,0.0,82.5928139159373,108.21637813802664,0.0,0.0,0.686837180286962,326393.525010328,82223.06191924216,5356933.580183553,322924.87237319705,835,20,19,135,135,129.19640718562874,70.69836447948289,3376.5351882160394,11234.191861324003,234.95089820359283,445.7156197097754,196184,1460,0
2018-02-28 09:27:00,64,3900.0,0,2094.0,14332110.55921681,5.298949379178605,5.585004775549188,652799.0,6906635.0,635337.2968376648,1357721.4881240437,59937008.0,0.0,1037986.5401537413,994959.7913135173,106.0,394.0,586.0,11.0,106.0,0.0,0.0,0.0,107.6459657734162,145.69675168304371,0.0,0.0,0.7020057306590258,214334.03325099597,113660.06512477768,4687884.38149619,226967.43083675325,294,30,26,38,38,104.29251700680273,46.616467360128574,13093.805555555555,24729.844595088973,175.39455782312925,409.4175344473459,51566,1460,0
2018-02-28 09:28:00,65,3960.0,0,879.0,7383191.718998862,3.5415244596131967,2.4379977246871443,206989.0,571618.0,1388236.6440193446,796779.0590773533,59937158.0,0.0,1547022.4911640154,593841.6545109767,45.0,285.0,152.0,6.0,45.0,0.0,0.0,0.0,66.48682465908429,84.63127949365051,0.0,0.0,0.626848691695108,388506.5938217616,90405.14300653207,3248684.7199356365,85195.82913088718,205,22,21,32,32,109.61951219512196,40.75346261910949,9261.843902439025,21698.682737533665,63.697560975609754,189.4910785936135,13058,1173,0
2018-02-28 09:29:00,66,4020.0,0,754.0,6212811.923076923,3.6710875331564985,2.1644562334217508,194496.0,398443.0,887781.8331014893,1214385.7830846517,59937119.0,0.0,1117997.8946133184,786957.695627436,125.0,452.0,118.0,12.0,125.0,0.0,0.0,0.0,56.20167801654164,76.57192580402308,0.0,984799.0485169666,0.4018567639257294,138592.57296437983,87435.96279875305,3105176.9145526886,244940.1942669544,88,13,13,14,14,105.73863636363636,40.31499373630367,5318.568181818182,17225.723679838487,42.73863636363637,146.85402043410102,3761,1173,0
2018-02-28 09:30:00,67,4080.0,0,1725.0,16978027.5142029,6.194202898550724,6.297971014492753,1075205.0,6998928.0,860211.0553168469,1465686.435154806,59937051.0,0.0,1283839.3700675522,1099850.6784118747,131.0,367.0,426.0,6.0,131.0,0.0,0.0,0.0,91.05167349833508,111.46864599008266,0.0,0.0,0.6857971014492754,399767.4191357249,242531.1690089509,5055427.516594381,373930.8490229207,115,8,9,21,15,104.96521739130435,41.73368584181793,17140.21,25025.370153488046,75.8,217.45111166630596,8717,1173,0
2018-02-28 09:31:00,68,4140.0,0,799.0,10651527.245306632,3.667083854818523,3.2090112640801003,202002.0,825860.0,1319102.7950509533,1031543.0298129208,59937238.0,0.0,1563948.0496314631,838161.1863012236,30.0,144.0,177.0,8.0,30.0,0.0,0.0,0.0,83.04233321623605,108.5953785176502,0.0,0.0,0.6595744680851063,125133.5015043203,25596.62176011614,4159052.323780534,62813.139885793615,161,9,8,24,24,103.12422360248448,54.09468062619179,8744.195804195804,19122.127254098956,147.66459627329192,347.75386310038635,23774,1460,0
2018-02-28 09:32:00,69,4200.0,0,878.0,13217182.200455582,4.892938496583144,3.753986332574032,344190.0,899176.0,910039.8347350394,1372232.2217976155,59939477.0,0.0,1236739.0180504443,1095702.7581813592,36.0,319.0,195.0,14.0,36.0,0.0,0.0,0.0,77.39849372542585,109.00812627793042,0.0,0.0,0.571753986332574,458901.2749728272,170383.19940754375,3972359.0844795792,216831.79454723484,115,7,7,12,12,103.85217391304347,29.45208522634714,13931.88695652174,24005.29366975792,80.18260869565218,217.31041677459703,9221,1173,0
2018-02-28 09:33:00,70,4260.0,0,750.0,8990173.96,4.168,2.776,224037.0,556373.0,877220.8789536953,930399.939521498,59937256.0,0.0,1125351.6248969198,852341.8019003536,101.0,332.0,159.0,16.0,101.0,0.0,0.0,0.0,70.56833057616947,102.09391691110896,0.0,723229.7732763477,0.472,339031.4275919863,122663.15379024844,3090568.109198667,76132.75561604867,77,8,6,11,9,117.72727272727273,30.145103627741484,24981.7012987013,29644.44897183644,141.53246753246754,290.94983219283995,10898,1173,0
2018-02-28 09:34:00,71,4320.0,0,1603.0,14236200.791640673,4.615720524017467,4.310043668122271,575412.0,2510719.0,944978.0461876336,1288611.7083093936,59933031.0,0.0,1325763.0577004864,950802.937475283,55.0,320.0,392.0,6.0,55.0,0.0,0.0,0.0,95.8334198712398,126.77272299837026,0.0,0.0,0.72613849033063,437287.5119254034,168892.82223015462,4500322.309229068,157275.77172786987,42,7,5,10,10,130.28571428571428,44.606291645410295,39957.794117647056,30774.619663631525,142.23809523809524,278.70439008013835,5974,1173,0
2018-02-28 09:35:00,72,4380.0,0,1033.0,18395262.24588577,6.343659244917715,6.732817037754114,412898.0,4997916.0,815834.0050853963,1595971.171416341,59937096.0,0.0,1301163.5270120322,1152709.2281193952,44.0,254.0,289.0,3.0,44.0,0.0,0.0,0.0,110.40041619294918,142.5747155153471,0.0,0.0,0.6524685382381413,323080.73035883217,113563.83313621664,5962601.410125046,175886.92575893673,40,4,4,4,4,112.5,14.743968779966114,29334.325,31441.186057248837,176.875,326.6324043387345,7075,1173,0
2018-02-28 09:36:00,73,4440.0,0,942.0,16299303.567940552,5.646496815286624,5.5615711252653925,366610.0,2927956.0,1399078.780055774,1532135.5648187634,59937085.0,0.0,1843766.73485059,1241772.5033690024,56.0,274.0,241.0,2.0,56.0,0.0,0.0,0.0,87.37674804541082,118.0308715981672,0.0,0.0,0.6061571125265393,651000.6225390546,131455.60461412484,5595053.7354567405,275816.40481133363,44,5,5,6,6,104.86363636363636,38.25592576630171,25602.837209302324,31001.864009957782,152.75,286.57781320830793,6721,1173,0
2018-02-28 09:37:00,74,4500.0,0,512.0,7696708.59375,3.99609375,2.23828125,136376.0,294812.0,1361894.796985243,865751.683658407,59937114.0,0.0,1436899.1488397256,772619.0150709414,74.0,281.0,95.0,2.0,74.0,0.0,0.0,0.0,59.79008703920176,81.23375825478848,0.0,332496.7575671358,0.40625,423425.4017370774,357962.20762341743,2952574.810570431,324528.99079812603,47,4,4,4,4,114.38297872340425,13.709015109851846,29007.021276595744,31402.010837364727,174.31914893617022,315.4613671918707,8193,1173,0
2018-02-28 09:38:00,75,4560.0,0,2173.0,18175006.711458813,5.165209387942936,4.705936493327197,864394.0,3502268.0,724654.050606463,1699578.7660218936,59936269.0,0.0,1267685.087780227,1184519.9518714948,141.0,441.0,570.0,8.0,141.0,0.0,0.0,0.0,96.9679190131433,131.1501074000177,0.0,0.0,0.698573400828348,355578.9225183899,118128.62320287242,5860457.214859801,248281.3628032192,1263,37,35,149,149,125.12034837688044,69.18896073562371,4597.704887218045,13637.724142080287,268.7046714172605,477.97168424181314,339374,1460,0
2018-02-28 09:39:00,76,4620.0,0,1860.0,15692869.754838709,5.211827956989247,5.453763440860215,604715.0,5689549.0,1010223.524906612,1426126.0432836695,94200000.0,0.0,1461454.437968216,1112735.434897852,91.0,355.0,458.0,2.0,91.0,0.0,0.0,0.0,97.55807094828312,127.80702562541973,0.0,0.0,0.7086021505376344,161003.80478221062,116097.9158913043,5438143.981463665,226580.73261728545,262,33,32,41,41,119.37022900763358,54.25804274249308,12360.522900763359,23610.293746954554,55.29389312977099,171.49726459430636,14487,1173,0
2018-02-28 09:40:00,77,4680.0,0,1256.0,16174579.914808918,5.730891719745223,6.717356687898089,516512.0,5785500.0,940064.123309346,1579584.0722301586,103094370.0,0.0,1429580.1072574465,1305817.3246553864,56.0,368.0,258.0,13.0,56.0,0.0,0.0,0.0,87.58003851620238,109.68079693377142,0.0,0.0,0.6576433121019108,283257.75743339525,251483.06876529168,5524152.79413235,442589.9553064284,242,31,30,40,40,120.11570247933884,42.24040858649767,14937.607438016528,26462.60557010494,103.5702479338843,237.7377412906145,25064,1173,0
2018-02-28 09:41:00,78,4740.0,0,1215.0,10772161.917695474,4.137448559670782,2.831275720164609,371044.0,926295.0,813366.0200041181,1527430.4117894317,59937370.0,0.0,1143774.3334165986,1227915.756138962,200.0,591.0,222.0,13.0,200.0,0.0,0.0,0.0,68.18864954200527,94.56452533301471,0.0,0.0,0.4567901234567901,223213.4090459928,64930.30191319337,4379194.007297244,237347.3094496055,428,30,30,61,61,111.35280373831776,55.5490737456006,3648.372448979592,11555.298356887264,151.67523364485982,371.39034256623785,64917,1460,0
2018-02-28 09:42:00,79,4800.0,0,1186.0,16062920.466273189,5.3161888701517706,5.38026981450253,477865.0,3760734.0,1223386.6497641276,1336371.6840199246,59936294.0,0.0,1661072.513190219,1162253.8684523513,157.0,452.0,243.0,18.0,157.0,0.0,0.0,0.0,93.87927499835564,118.16132577364648,0.0,0.0,0.5978077571669477,375682.80248474114,202098.25735543144,4858996.069679856,380439.95888308826,94,13,13,16,16,106.14893617021276,52.00536726783639,7849.271739130435,20599.96503256568,125.96808510638297,262.95129980142997,11841,1430,0
2018-02-28 09:43:00,80,4860.0,0,904.0,13366100.867256638,4.842920353982301,3.678097345132744,321128.0,958664.0,972463.7717810192,1507487.4253356748,64300000.0,0.0,1440823.031186272,1380250.9236950392,88.0,313.0,196.0,12.0,88.0,0.0,0.0,0.0,80.88067823760232,113.16753507921858,0.0,0.0,0.5486725663716814,365438.9974411722,332098.9704890215,4055745.006747821,419975.73121679225,131,20,14,25,24,114.0381679389313,34.44290807434433,16022.8203125,26656.99747800305,118.10687022900764,248.17472913898004,15472,1173,0
2018-02-28 09:44:00,81,4920.0,0,1393.0,12995190.987796124,4.630294328786791,4.262742282842785,508874.0,2043492.0,706015.6973371884,1249362.7702844085,59936571.0,0.0,1076894.2289822164,1110087.1792227996,118.0,450.0,339.0,12.0,118.0,0.0,0.0,0.0,87.77155954560172,121.9871195806282,0.0,0.0,0.6109117013639627,278807.8822072875,99461.95881578478,4134782.64433484,193867.36840277803,98,12,12,17,18,109.84693877551021,50.67347504372009,10302.704081632653,20863.031562145414,69.1938775510204,157.81652260612637,6781,1173,0
2018-02-28 09:45:00,82,4980.0,0,831.0,13692891.00120337,5.884476534296029,5.108303249097473,309756.0,2542680.0,1584053.1874957213,1340676.862007602,60000000.0,0.0,2016934.8161138403,1068962.864803236,77.0,278.0,183.0,10.0,77.0,0.0,0.0,0.0,82.71048395110216,110.89553076859724,0.0,272152.0536397757,0.5487364620938628,560933.6955124899,524294.6983102494,4494542.282625351,662063.1199245311,1477,21,21,78,78,87.40419769803655,49.73791537921382,3050.8484631879915,11758.402560522562,563.0839539607313,658.941041725276,831675,1585,0
2018-02-28 09:46:00,83,5040.0,0,994.0,12600693.405432597,5.297786720321931,5.576458752515091,347506.0,3465985.0,906678.4734857765,1617684.5499564623,59936290.0,0.0,1356671.754418389,1086043.394959646,69.0,262.0,237.0,6.0,69.0,0.0,0.0,0.0,86.19598285825694,112.56007891346891,0.0,0.0,0.6388329979879276,262275.2801476191,115419.37018707085,4819379.57268512,573880.5362627624,256,19,18,26,26,92.96875,46.2406217306733,4604.99609375,14829.48218642956,99.49609375,248.26503861084842,25471,1432,0
2018-02-28 09:47:00,84,5100.0,0,1021.0,13065361.833496572,5.044074436826641,4.257590597453477,321283.0,1986658.0,1009092.680270168,1283585.6860062887,59936396.0,0.0,1379665.4511292384,835576.4746341875,81.0,253.0,260.0,4.0,81.0,0.0,0.0,0.0,90.88182959724378,117.79240071830628,0.0,0.0,0.5925563173359452,456001.7085818452,369380.5300537039,4396546.253732928,345991.5140906853,81,12,16,25,17,109.69135802469135,51.421212056725345,6720.6875,19160.815081757617,35.93827160493827,154.02007545114145,2911,1173,0
2018-02-28 09:48:00,85,5160.0,0,1852.0,15836803.127969762,5.564794816414687,6.29805615550756,1176887.0,7612369.0,1036075.632123732,1375719.8130245376,59936392.0,0.0,1519292.1244898534,1111306.806828505,80.0,341.0,535.0,6.0,80.0,0.0,0.0,0.0,120.91480343803796,140.95565276069345,12451.421753469947,175271.02350414754,0.7230021598272138,168133.43969169562,53264.78927426541,4561896.198998723,246204.25209256925,80,8,6,12,12,106.975,29.441198637541742,15178.139240506329,25733.682073198663,104.225,243.91474828386194,8338,1173,0
2018-02-28 09:49:00,86,5220.0,0,1877.0,14477175.725093234,4.72562599893447,6.003196590303676,458793.0,8047855.0,713111.8846299208,1255501.365527728,71046703.0,0.0,1156317.0193932566,1003817.7549332402,81.0,385.0,433.0,7.0,81.0,0.0,0.0,0.0,85.30542501400718,104.28820923626702,0.0,0.0,0.7101758124667021,256839.147461016,121352.32177895558,3973287.4401491033,246603.80009446864,353,15,13,40,39,160.3541076487252,64.5211544005651,12106.819047619048,22223.843719263205,410.5099150141643,605.0655209996265,144910,1460,0
2018-02-28 09:50:00,87,5280.0,0,925.0,10355525.014054054,4.029189189189189,3.0291891891891893,203244.0,1010715.0,1265268.3940937088,1388152.4364918096,115324516.0,0.0,1726235.843352823,1166225.318721033,77.0,414.0,233.0,7.0,77.0,0.0,0.0,0.0,62.45304934872076,89.85863403548184,0.0,0.0,0.534054054054054,312000.431534818,93427.96072184398,4061410.669724324,151345.9257210181,276,18,16,40,38,107.40942028985508,59.22133324179253,11730.910204081632,20725.633190313984,84.05072463768116,268.87702690909265,23198,1460,0
2018-02-28 09:51:00,88,5340.0,0,1956.0,13388896.48210634,4.8343558282208585,4.457055214723926,641035.0,4272168.0,924656.4099022272,1288543.135250038,112977067.0,0.0,1299627.3768164702,953749.4026775318,128.0,483.0,450.0,12.0,128.0,0.0,0.0,0.0,88.55022374836017,108.7199814544799,0.0,0.0,0.6666666666666666,321469.8875240192,149300.62860765593,4358856.9922730215,520390.8367292296,149,12,13,20,21,115.39597315436242,55.45168566540072,15250.207142857143,25185.701394373897,85.14765100671141,220.6548722472993,12687,1173,0
2018-02-28 09:52:00,89,5400.0,0,2156.0,10925908.354359929,4.487012987012987,4.308905380333952,588924.0,4359997.0,534808.9723053122,1160062.983890755,59936294.0,0.0,901030.668989932,816051.1439066889,126.0,445.0,523.0,15.0,126.0,0.0,0.0,0.0,91.07189778920088,119.18698691287148,0.0,0.0,0.6790352504638218,169603.92708557032,107330.4281370143,3812321.194361432,120716.92274171456,182,13,12,25,25,113.34615384615384,43.583867986461264,17178.376470588235,25796.53782603577,144.69230769230768,310.56466812835095,26334,1430,0
2018-02-28 09:53:00,90,5460.0,0,1806.0,8654694.677187154,3.44905869324474,2.9656699889258027,320638.0,2159226.0,841199.517101351,892460.0982005323,73100000.0,0.0,1058462.7150344655,711094.9537485203,71.0,347.0,336.0,4.0,71.0,0.0,0.0,0.0,68.73889849023548,83.01062781947547,0.0,0.0,0.7270210409745294,376824.03583769134,48473.30065728825,3149809.9902008623,136933.77005028634,346,11,11,92,92,154.83236994219652,70.70080411687613,9384.8,20653.528808933654,117.83236994219654,273.6097309347624,40770,1460,0
2018-02-28 09:54:00,91,5520.0,0,1158.0,9647939.159758205,4.301381692573402,3.715889464594128,316517.0,2119480.0,714857.5699723959,929742.7018074768,59936310.0,0.0,951462.594722568,701226.5772228608,104.0,372.0,246.0,9.0,104.0,0.0,0.0,0.0,80.76731976856702,103.9733568950552,0.0,0.0,0.6044905008635578,251197.60865784585,84875.78911881932,2868245.3237899984,175935.38955782546,104,9,9,15,15,102.82692307692308,38.70913248851546,11574.182692307691,21998.19454584805,64.0673076923077,189.18621146943252,6663,1173,0
2018-02-28 09:55:00,92,5580.0,0,636.0,9254307.613207549,4.193396226415095,3.341194968553459,186012.0,732150.0,756365.3589028703,1252814.6880651452,59938028.0,0.0,1028037.1093458151,949479.7378520896,62.0,262.0,154.0,6.0,62.0,0.0,0.0,0.0,71.415440050886,101.40822217112108,0.0,0.0,0.5455974842767296,158370.3036496617,115749.8321501886,3565015.2530136267,142745.75265033494,87,8,8,11,11,107.83908045977012,34.389990959789166,16611.32183908046,27493.453246729474,96.03448275862068,245.63531525299584,8355,1173,0
2018-02-28 09:56:00,93,5640.0,0,733.0,15362980.427012278,5.544338335607094,4.416098226466576,231573.0,1887382.0,2070050.36650829,1449533.1108544844,59936572.0,0.0,2450804.213407187,994536.895148508,66.0,266.0,142.0,2.0,66.0,0.0,0.0,0.0,84.26437001775267,112.53093743552265,0.0,0.0,0.5238744884038199,864706.2982016719,281085.26259724994,6246795.032213609,318688.8554113725,34,3,3,4,4,124.29411764705883,31.80006614417049,45526.05882352941,28731.500441724213,129.02941176470588,296.4457623543054,4387,1173,0
2018-02-28 09:57:00,94,5700.0,0,1520.0,18032817.925,5.632236842105264,5.85328947368421,574015.0,4444228.0,877203.5686206325,1846020.741284365,118163164.0,0.0,1405708.7201034925,1574027.6257398848,99.0,259.0,443.0,2.0,99.0,0.0,0.0,0.0,98.0941621410498,133.80850035819952,0.0,0.0,0.6960526315789474,176984.58508367205,34249.67631448304,6157279.481274917,173502.5186818143,118,7,6,20,20,110.41525423728814,43.41517444577451,18476.76851851852,26963.031564561184,97.39830508474576,242.19449483924282,11493,1173,0
2018-02-28 09:58:00,95,5760.0,0,1305.0,13211211.626819924,5.025287356321839,4.47816091954023,412781.0,2742516.0,704543.3965870934,1399170.486426662,106000000.0,0.0,1163550.077055986,1101214.4583275374,88.0,291.0,324.0,7.0,88.0,0.0,0.0,0.0,88.69693311054407,121.09411494058214,0.0,0.0,0.6183908045977011,395632.86638175725,203724.58737792645,4621308.204398883,176723.0686552766,55,5,4,8,8,116.32727272727273,20.27866471008982,20438.145454545454,27198.48516984,117.36363636363636,248.9115091632755,6455,1173,0
2018-02-28 09:59:00,96,5820.0,0,658.0,10164552.68237082,4.75531914893617,3.4468085106382977,299885.0,647394.0,1922492.240623613,1090230.9491422244,94026705.0,0.0,2286795.328133734,1152036.1301923448,64.0,333.0,145.0,9.0,64.0,0.0,0.0,0.0,79.7776058293383,116.88416538682978,0.0,0.0,0.4361702127659574,1068813.479741172,132728.20273709405,3849349.441211246,162936.51162390673,55,6,5,7,7,113.43636363636364,22.149127260093987,25716.072727272727,30190.07770827445,148.78181818181818,297.1765088984617,8183,1173,0
2018-02-28 10:00:00,97,5880.0,0,1040.0,11027866.647115383,4.558653846153846,3.2365384615384616,294031.0,1277631.0,672771.9167157564,1178077.597223717,60000000.0,0.0,969792.3839583716,883509.8532706602,148.0,434.0,200.0,25.0,148.0,0.0,0.0,0.0,76.5127853446647,102.757388053985,0.0,0.0,0.4961538461538461,354474.9198951355,334379.49050606985,3843784.771421562,219936.17023101012,90,6,6,9,9,117.58888888888889,16.082577945040477,27602.068965517243,31114.11138493687,167.95555555555555,315.05426360189574,15116,1173,0
2018-02-28 10:01:00,98,5940.0,0,883.0,17130825.58776897,6.265005662514156,6.65911664779162,349637.0,3801424.0,1000556.5460061256,1592006.778647387,103166567.0,0.0,1551317.6960619627,1466595.1039857117,99.0,251.0,212.0,4.0,99.0,0.0,0.0,0.0,90.55430121102854,120.71581528743862,0.0,0.0,0.6126840317100792,421538.12222794985,213012.5776629874,5620617.297715624,240099.03860318405,106,9,7,20,19,116.16981132075472,58.272834755486635,14358.166666666666,24797.691855198573,151.80188679245282,326.87013351923474,16091,1460,0
2018-02-28 10:02:00,99,6000.0,0,1347.0,18243678.52264291,5.860430586488493,6.994803266518189,549574.0,6551430.0,1157125.9631535371,1646837.9180474773,59936339.0,0.0,1611695.4953116495,1103658.1340973407,71.0,238.0,376.0,6.0,71.0,0.0,0.0,0.0,106.6408277786392,137.70147774070037,0.0,0.0,0.6770601336302895,215341.7390995648,211429.2121287171,6039218.846413499,184330.24947073864,69,8,5,12,12,113.01449275362319,35.6261192821582,16641.782608695652,24511.17732482683,93.69565217391305,226.84461540808488,6465,1173,0
2018-02-28 10:03:00,100,6060.0,0,1282.0,11073389.29329173,4.664586583463339,3.9032761310452417,494330.0,1738909.0,691227.6667301339,1050126.0044752143,75549284.0,0.0,983865.7740263396,827989.7383850395,74.0,437.0,302.0,10.0,74.0,0.0,0.0,0.0,87.56317071967028,119.29737623990684,0.0,0.0,0.608424336973479,398613.2845908021,96316.63401998156,3063383.0021283184,115031.79281121097,40,4,3,6,6,115.025,19.21736327600775,23066.2,30148.84267813226,135.175,286.90174209193054,5407,1173,0
2018-02-28 10:04:00,101,6120.0,0,638.0,7315784.927899687,4.067398119122257,2.4827586206896552,171721.0,420600.0,1119740.176978368,833995.4344445707,59936400.0,0.0,1245178.2459732413,702946.705831684,96.0,379.0,108.0,8.0,96.0,0.0,0.0,0.0,60.57691612858872,89.07077844209624,0.0,439102.4376179056,0.4310344827586206,391586.4768119963,124547.33278681574,2812392.1599036288,127104.42369219092,91,5,5,9,9,115.57142857142857,12.101554406257858,27882.384615384617,28408.450334273286,137.82417582417582,274.38280612663084,12542,1173,0
2018-02-28 10:05:00,102,6180.0,0,842.0,16637313.885985749,6.636579572446556,3.9263657957244655,364086.0,902414.0,1417733.3118491266,1589252.217810123,59936421.0,0.0,1838085.4696671711,1258228.4737123777,111.0,285.0,213.0,10.0,111.0,0.0,0.0,0.0,74.30990060311461,104.92789163704762,0.0,0.0,0.4904988123515439,632655.8711579388,130536.6903998308,5954565.103454258,145579.01421195018,35,5,3,5,5,122.22857142857143,28.98791402746782,27883.114285714284,31480.012478295077,155.37142857142857,303.12510382914274,5438,1173,0
2018-02-28 10:06:00,103,6240.0,0,1562.0,15575826.51984635,7.069782330345711,8.297695262483995,992919.0,10541013.0,613475.3528902753,1233336.8348043323,59936773.0,0.0,993394.4216220172,1029121.397729281,55.0,296.0,434.0,11.0,55.0,0.0,0.0,0.0,110.62008522817932,142.33504567483317,0.0,0.0,0.6728553137003841,121403.0194985096,99074.10929219805,4223409.846732178,148851.28743234352,1924,16,15,64,64,81.29521829521829,50.82512264665974,3392.651727861771,10530.377620639269,766.8721413721414,701.3809039396654,1475462,1460,0
2018-02-28 10:07:00,104,6300.0,0,659.0,18168858.705614567,8.095599393019727,5.462822458270106,328199.0,1946444.0,1642974.9147330506,1483116.1082218152,59999812.0,0.0,2012867.5044058808,1075549.8343162686,52.0,206.0,171.0,4.0,52.0,0.0,0.0,0.0,92.24359723995389,123.3952016180226,0.0,0.0,0.6069802731411229,815162.1336346127,927642.512569492,6125620.4762883615,377983.3500479148,204,17,15,24,24,97.62254901960785,39.49471101801606,12533.81862745098,24205.710740335104,69.40686274509804,210.489638306602,14159,1173,0
2018-02-28 10:08:00,105,6360.0,0,844.0,15613872.565165875,5.91350710900474,6.245260663507109,237563.0,4052492.0,1069174.7911470863,1485530.986233487,65500000.0,0.0,1473259.3074251653,1154425.394010937,75.0,294.0,176.0,4.0,75.0,0.0,0.0,0.0,90.01732939583601,112.03687758958009,0.0,0.0,0.6196682464454977,271408.66912078526,42909.07318854446,5679524.497745884,161518.12678114296,121,11,9,18,18,90.77685950413223,45.95386955112446,2514.115702479339,9486.241322032383,6.628099173553719,14.573453166291188,802,46,0
2018-02-28 10:09:00,106,6420.0,0,1358.0,12912109.6634757,5.471281296023564,3.810014727540501,429569.0,1734044.0,676326.4775647564,1244283.4477397394,74227205.0,0.0,1000069.5190298096,1064052.9158859577,72.0,348.0,318.0,6.0,72.0,0.0,0.0,0.0,74.34899449142644,95.23586560884884,0.0,0.0,0.6516936671575847,242612.7401712369,219538.19396728804,3096659.6371598365,173349.80697241717,98,12,9,14,14,109.83673469387755,34.17622429048635,22077.775510204083,29383.378998187847,115.10204081632654,261.8556889805189,11280,1173,0
2018-02-28 10:10:00,107,6480.0,0,492.0,11133128.345528455,4.392276422764228,2.798780487804878,146061.0,408380.0,2121971.697263535,1193806.9096313224,60000000.0,0.0,2309920.072542622,933680.3597650898,47.0,214.0,100.0,5.0,47.0,0.0,0.0,0.0,72.23388189857785,100.78256367021382,0.0,0.0,0.4552845528455284,570464.1381744291,215090.0141029544,5049224.677494457,203510.3035197712,70,6,5,6,6,112.87142857142857,15.269484040305453,30669.371428571427,29915.399227362905,161.05714285714285,300.6844311269761,11274,1173,0
2018-02-28 10:11:00,108,6540.0,0,831.0,19154466.860409144,6.978339350180505,5.914560770156438,375280.0,2765400.0,1137805.582325928,1705994.5255984073,60015495.0,0.0,1615526.7723884096,1329112.4749469648,69.0,289.0,187.0,2.0,69.0,0.0,0.0,0.0,88.79535929427436,115.16190404111602,0.0,433526.9536015693,0.5872442839951865,622226.6816551916,379379.0916905174,5781309.729042114,243186.6678977393,16,3,2,3,3,119.9375,32.96153060766445,28457.125,31987.371478704943,170.3125,319.4027173230267,2725,1173,0
2018-02-28 10:12:00,109,6600.0,0,675.0,11416487.432592591,5.054814814814815,3.871111111111111,303372.0,737133.0,824939.5832742042,1234530.6374208068,92700000.0,0.0,1051978.704973376,1304369.826124846,48.0,235.0,177.0,5.0,48.0,0.0,0.0,0.0,85.73553335274859,128.36591746354028,0.0,283223.44839715166,0.5466666666666666,385943.1342191319,227645.5767971286,3639057.714407709,116976.26057601752,772,19,18,80,79,101.98575129533678,56.723083725417226,4792.997028231798,14081.019568528302,212.2979274611399,425.30912764172103,163894,1713,0
2018-02-28 10:13:00,110,6660.0,0,1061.0,14795620.311027331,4.790763430725731,4.106503298774741,329444.0,1574629.0,1429172.7905860082,1307428.292466177,86909238.0,0.0,1837267.4904104937,1192744.1990548535,44.0,273.0,257.0,9.0,44.0,0.0,0.0,0.0,80.29688731928671,103.2783019875705,0.0,0.0,0.647502356267672,416733.3428464846,210595.0821622272,4098625.4468602585,226944.17383535724,248,16,14,34,35,95.07661290322581,55.512100455514684,3691.4484304932735,11468.043487781337,190.89112903225808,440.3925101519216,47341,1713,0
2018-02-28 10:14:00,111,6720.0,0,996.0,14050512.664658634,4.770080321285141,5.39859437751004,341641.0,3300867.0,880835.3381136667,1504194.3540632315,100633222.0,0.0,1368676.752910067,1081822.0135814492,98.0,286.0,213.0,6.0,98.0,0.0,0.0,0.0,89.78151857618393,112.92148539693352,0.0,0.0,0.6506024096385542,102415.08661572495,38635.23648978128,5259683.983413773,283795.47269404505,208,15,14,30,30,100.07692307692308,51.644771855939354,5222.936842105263,14328.826847720955,221.625,478.72841205852524,46098,1713,0
2018-02-28 10:15:00,112,6780.0,0,570.0,7955050.066666666,4.836842105263158,3.847368421052632,250427.0,580564.0,800011.9670395144,1090509.4214361035,87117611.0,0.0,866247.9646458148,1082938.6328518826,16.0,212.0,169.0,7.0,16.0,0.0,0.0,0.0,83.38851849766772,126.80197427634282,0.0,48408.66273710885,0.5649122807017544,766132.8536167056,250357.9995185044,3275262.162437622,114248.9699758164,226,9,9,24,24,108.47345132743362,40.1782882610864,15075.943396226416,23541.890006281803,223.2212389380531,446.16258590116445,50448,1713,0
2018-02-28 10:16:00,113,6840.0,0,895.0,14556481.212290503,5.204469273743017,4.283798882681564,384866.0,1428210.0,1604475.4663269478,1359912.0508113464,66500000.0,0.0,1952588.920219603,1057298.4234288477,62.0,236.0,281.0,12.0,62.0,0.0,0.0,0.0,102.819140213082,148.63451739238033,0.0,0.0,0.5865921787709497,378293.1778379041,191616.3754328127,5447519.090806201,208561.7648117538,151,6,6,12,12,115.05298013245033,12.443894395496505,29322.172185430463,30470.408839782376,164.58278145695365,303.7911202919071,24852,1173,0
2018-02-28 10:17:00,114,6900.0,0,1139.0,14520244.85338016,5.187006145741879,4.478489903424056,423596.0,1787080.0,941559.7007682072,1463152.9290077558,80174208.0,0.0,1373951.970258908,1291280.7250238142,59.0,213.0,363.0,4.0,59.0,0.0,0.0,0.0,92.9058614916799,131.7319732362641,0.0,0.0,0.6101843722563652,400832.1509727549,123884.05655589313,4803359.181328678,205320.21685189387,488,15,15,47,47,154.24795081967213,68.03011469218968,11132.838862559242,22099.639506364474,373.36475409836066,573.14379451093,182202,1460,0
2018-02-28 10:18:00,115,6960.0,0,739.0,18231234.9797023,5.2841677943166445,4.715832205683356,315751.0,1178683.0,1545144.2586091354,1596690.9126110957,59839862.0,0.0,2033447.5955615093,1459559.9282622251,35.0,169.0,202.0,0.0,35.0,0.0,0.0,0.0,93.45177912625304,128.943588918387,0.0,82405.0342845504,0.6576454668470907,379102.89140152535,370571.0184399981,5862683.041795095,382000.0288763808,195,13,13,23,23,128.7128205128205,61.5443816872136,20108.331491712706,27157.174275165755,108.07179487179488,437.2908807722334,21074,5257,0
2018-02-28 10:19:00,116,7020.0,0,972.0,16232935.23765432,6.730452674897119,7.598765432098766,495219.0,5019218.0,1836751.2748178309,1475399.68524368,59937059.0,0.0,2250561.9319769843,1079082.1098811158,99.0,327.0,214.0,15.0,99.0,0.0,0.0,0.0,84.00522071014281,112.54598339407212,0.0,0.0,0.5761316872427984,274868.4243254116,74898.3695493161,5907046.835835771,347577.67951472243,141,10,9,18,18,108.81560283687944,46.28940064372644,14687.241134751774,24699.035336541478,84.86524822695036,455.0510366958565,11966,5087,0
2018-02-28 10:20:00,117,7080.0,0,1036.0,11549088.324324325,4.168918918918919,3.2857142857142856,293081.0,932571.0,812849.1305399835,1166181.4554964968,62958905.0,0.0,1160778.766948683,1007932.8094774858,66.0,276.0,151.0,19.0,66.0,0.0,0.0,0.0,68.7260319187306,82.393925387189,0.0,0.0,0.6814671814671814,368759.896898962,169891.2278160363,3989533.545542581,387946.5492162117,34,6,6,8,8,130.08823529411765,59.92033481268418,16739.58823529412,26931.322643725904,3.3529411764705883,10.533877104130264,114,46,0
2018-02-28 10:21:00,118,7140.0,0,1240.0,13212743.448387098,4.912096774193548,4.551612903225807,516492.0,2435845.0,1026261.7609550738,1125354.470487732,59937067.0,0.0,1365709.1940358507,876617.323434678,79.0,322.0,260.0,18.0,79.0,0.0,0.0,0.0,90.30042849555215,114.75388438039516,0.0,0.0,0.6064516129032258,146337.14083460422,109211.85280419372,3979661.66471637,91414.57575451408,174,13,12,22,21,109.43103448275862,29.734535730504188,24482.220858895704,28992.98277021326,136.632183908046,282.9919468182604,23774,1173,0
2018-02-28 10:22:00,119,7200.0,0,1262.0,13040505.32725832,4.632329635499207,4.154516640253566,381430.0,1820653.0,1053449.6825577735,1160160.215774025,60100000.0,0.0,1398260.6431530656,827612.0857958285,79.0,255.0,227.0,11.0,79.0,0.0,0.0,0.0,77.93801763043795,92.13417353396032,0.0,0.0,0.6996830427892234,447924.7690271347,135873.3997541193,4618096.190058663,231022.75083510237,1392,23,21,162,162,142.4130747126437,70.72658486991845,2011.2086330935251,7772.716669857484,362.56609195402297,558.4380844095502,504692,1460,0
2018-02-28 10:23:00,120,7260.0,0,886.0,14311594.88826185,4.823927765237021,4.606094808126411,468247.0,1406697.0,681244.6875114016,1334027.805134194,59937032.0,0.0,1082490.98816615,994945.7287330412,82.0,272.0,193.0,18.0,82.0,0.0,0.0,0.0,80.81929622800351,104.9415244241912,0.0,0.0,0.6106094808126411,154260.7273075026,72053.3936269212,4238476.463755024,203299.08390918348,287,24,23,37,37,114.18118466898954,55.71300642852564,6091.682926829269,16645.244216336705,36.18815331010453,142.10898801465672,10386,1173,0
2018-02-28 10:24:00,121,7320.0,0,2457.0,14918084.277574278,5.240537240537241,5.4493284493284495,903278.0,6586853.0,957374.5033433462,1335328.0693210787,111119546.0,0.0,1386738.2687413327,937614.4260084282,106.0,456.0,572.0,17.0,106.0,0.0,0.0,0.0,94.27355890025612,119.6466336274565,0.0,0.0,0.7244607244607245,182103.09304274415,94927.63236632748,4900865.055747173,259188.62700166804,290,21,22,36,36,113.21379310344828,48.76327766402049,9088.965397923876,20618.995013502812,55.06206896551724,179.3301538854813,15968,1173,0
2018-02-28 10:25:00,122,7380.0,0,862.0,8808260.820185615,4.117169373549884,3.176334106728538,339221.0,724612.0,842451.3724998808,932916.2980431546,59937133.0,0.0,1106354.3785513106,660971.7258393829,82.0,384.0,165.0,14.0,82.0,0.0,0.0,0.0,64.80401852489165,80.73590932014048,0.0,523291.5039014906,0.5626450116009281,243534.4856743338,179674.1040261355,2780183.39554401,234333.36800903943,104,14,13,16,16,111.1923076923077,42.148622136683315,9426.192307692309,22344.581618598986,62.10576923076923,187.75417300543796,6459,1173,0
2018-02-28 10:26:00,123,7440.0,0,931.0,8685632.694951665,4.183673469387755,3.100966702470462,275168.0,627587.0,718721.133012924,1323436.8079598993,60000000.0,0.0,1080304.3150524013,918545.9860507966,117.0,395.0,126.0,4.0,117.0,0.0,0.0,0.0,59.83648007774264,76.0267866373999,0.0,504395.8799169832,0.5316863587540279,336038.9452490335,203800.574090146,3282661.286567009,148724.0345050141,75,5,5,8,8,113.57333333333334,13.62744977563254,19442.306666666667,27791.467570623343,122.10666666666667,258.7794935969741,9158,1173,0
2018-02-28 10:27:00,124,7500.0,0,1230.0,16722943.590243902,4.953658536585366,6.6536585365853655,479911.0,6213512.0,1546669.0524184962,1497336.7313305673,109494725.0,0.0,2079939.673188629,1181006.4490209045,97.0,261.0,250.0,7.0,97.0,0.0,0.0,0.0,92.5803249429022,105.8807520330578,0.0,0.0,0.7138211382113822,179442.0134370866,182872.62251714023,5681388.586317475,209952.57830411824,33,4,3,5,4,119.36363636363636,22.91808535553606,27571.666666666668,31386.402062305053,165.0909090909091,310.6727944755909,5448,1173,0
2018-02-28 10:28:00,125,7560.0,0,1385.0,15803199.86137184,5.055595667870036,4.935740072202166,543353.0,2677368.0,946734.703978976,1557391.1340492342,93037305.0,0.0,1632111.085488201,1376534.0967710223,57.0,248.0,355.0,2.0,57.0,0.0,0.0,0.0,96.64320206134197,126.84381649693798,0.0,0.0,0.7220216606498195,507307.6380053429,203095.0259750508,4764573.616156498,335499.7572648444,702,23,21,76,76,143.57834757834758,67.58435518264494,6065.978441127695,15954.139572730926,327.63675213675214,547.3114894063766,230001,1460,0
2018-02-28 10:29:00,126,7620.0,0,2371.0,15960503.669337831,5.419232391396036,8.72501054407423,828703.0,17763795.0,793274.8631265783,1490962.1664429118,116002701.0,0.0,1378914.382485535,1256712.4534618957,65.0,466.0,593.0,5.0,65.0,0.0,0.0,0.0,95.3793361781367,120.1867540189723,0.0,0.0,0.7570645297342893,224286.848178001,93634.36550462796,4597839.556784374,289617.8615795302,138,17,17,22,22,121.05797101449275,49.98244481829348,12715.54347826087,22920.452574199426,72.34782608695652,212.84961457774955,9984,1173,0
2018-02-28 10:30:00,127,7680.0,0,845.0,12001049.710059172,4.285207100591716,3.22603550295858,307396.0,638649.0,1692557.0664760012,1229596.361721827,59833910.0,0.0,1985027.3640246892,890971.7376203643,119.0,423.0,112.0,12.0,119.0,0.0,0.0,0.0,68.08520842737894,82.61720134024202,0.0,0.0,0.4875739644970414,568021.9342493427,304459.71650361025,4509252.0901415935,346901.7507341021,73,15,15,19,19,115.6986301369863,40.874022221233105,12537.164383561643,24323.499471255327,66.9041095890411,177.58113672844198,4884,1173,0
2018-02-28 10:31:00,128,7740.0,0,1104.0,11939528.147644928,4.129528985507246,3.17481884057971,326056.0,1009684.0,820129.0093078371,1478535.701485565,59937087.0,0.0,1256561.5680597608,969529.414232594,105.0,402.0,186.0,8.0,105.0,0.0,0.0,0.0,70.29126631925698,89.98540971931929,0.0,0.0,0.6114130434782609,580992.8927302018,364612.0805655882,4441952.433050443,419095.9725098328,130,16,15,18,18,112.28461538461538,31.6901751863144,14573.223076923077,26349.493887219953,91.1,231.52195636498445,11843,1173,0
2018-02-28 10:32:00,129,7800.0,0,1087.0,17058146.087396502,9.106715731370745,10.03771849126035,690685.0,6752881.0,1026587.3931849422,1620435.109740195,60000000.0,0.0,1526676.112764622,1283060.2090472293,117.0,348.0,227.0,14.0,117.0,0.0,0.0,0.0,87.76630738990092,114.7631044710436,0.0,0.0,0.6053357865685373,222940.63249748704,198156.9422056597,5682397.814251975,250672.8047788556,43,4,3,7,7,116.51162790697674,22.227580564762597,39084.41860465116,30585.983949415975,95.53488372093024,207.5652907993748,4108,1173,0
2018-02-28 10:33:00,130,7860.0,0,1164.0,13938551.6314433,7.152061855670103,27.15549828178694,467501.0,39857214.0,1246770.1699504617,1400205.183468011,59936510.0,0.0,1583973.236401698,890587.0554018426,89.0,266.0,298.0,4.0,89.0,0.0,0.0,0.0,104.95039927121864,129.78944965044133,0.0,0.0,0.7225085910652921,175754.41012458567,129639.1495495336,5159466.555493635,498029.7970348775,1886,33,31,152,152,98.32449628844114,57.839737463548666,2267.2249698431847,9101.702086870624,413.0217391304348,593.7822445171444,778959,2971,0
2018-02-28 10:34:00,131,7920.0,0,1098.0,14635222.890710382,5.9143897996357016,6.861566484517304,481660.0,5488250.0,879833.6904201595,1284519.0482083852,112279309.0,0.0,1482334.859042847,1306015.651319131,140.0,402.0,207.0,12.0,140.0,0.0,0.0,0.0,85.52033974975181,108.56043690372596,0.0,0.0,0.6083788706739527,228300.39223956305,189411.9699808718,3623386.969376839,212169.6398441693,222,26,24,35,35,90.01351351351352,41.38020158876664,3437.246575342466,13295.522854195864,25.193693693693692,99.56858686082833,5593,1173,0
2018-02-28 10:35:00,132,7980.0,0,619.0,15145298.308562197,5.176090468497577,4.27140549273021,275022.0,709836.0,1458540.0542210897,1498957.7875207346,59936414.0,0.0,1858941.4719227,1184749.4897262324,34.0,220.0,141.0,1.0,34.0,0.0,0.0,0.0,83.96796114640226,115.90237199179498,0.0,0.0,0.6203554119547657,351917.341534872,315258.96119580645,5141654.781839861,296945.5536539236,226,24,24,35,35,103.11504424778761,36.72716275150874,12774.752252252252,23579.8916514858,63.10619469026549,180.65905828170648,14262,1173,0
2018-02-28 10:36:00,133,8040.0,0,782.0,15989947.826086955,5.274936061381074,4.8554987212276215,404440.0,1318111.0,1764551.3123197667,1232511.254891031,90000000.0,0.0,2124039.580206624,966845.75740236,64.0,246.0,194.0,5.0,64.0,0.0,0.0,0.0,84.10675157031662,111.87357772511815,0.0,0.0,0.5895140664961637,795505.6759572242,356469.91788496095,5014394.337008101,284733.65281853394,138,16,16,23,23,104.3768115942029,32.52291789338728,8447.05109489051,19220.105127000694,56.333333333333336,165.4123947611926,7774,1173,0
2018-02-28 10:37:00,134,8100.0,0,807.0,16853479.091697644,5.656753407682776,5.22180916976456,439604.0,1030603.0,758975.6540410758,1721175.104164027,59936443.0,0.0,1282960.5365720764,1465424.290294787,48.0,178.0,159.0,4.0,48.0,0.0,0.0,0.0,79.40691239701945,105.8873080094078,0.0,0.0,0.6530359355638166,384368.2753884076,148950.9821877086,5924499.303802687,341748.2221142505,578,21,19,69,69,111.58304498269896,58.403641090418496,7097.012096774193,18390.067874923614,213.48269896193773,415.92014949668845,123393,1460,0
2018-02-28 10:38:00,135,8160.0,0,824.0,19842103.69417476,10.923543689320388,12.405339805825244,1737832.0,6785936.0,1663193.8604064926,1790049.4357903327,58951899.0,0.0,2147799.4036922925,1206208.668847059,62.0,209.0,180.0,0.0,62.0,0.0,0.0,0.0,101.78737327790158,125.7473500143733,0.0,0.0,0.6601941747572816,652162.0920570535,387105.6238909508,6356823.6424507145,655759.0173298698,119,16,16,18,18,110.90756302521008,48.858146727418365,7808.294117647059,20452.97339261953,55.436974789915965,176.4135952453232,6597,1173,0
2018-02-28 10:39:00,136,8220.0,0,1560.0,16234354.305128206,5.714743589743589,6.137820512820513,752345.0,5235263.0,1065041.9250904263,1600559.0647348997,112005161.0,0.0,1521687.3604226485,1217171.8412891547,111.0,367.0,378.0,28.0,111.0,0.0,0.0,0.0,97.4545424927102,129.32013688051103,0.0,0.0,0.6788461538461539,260827.79772939035,118123.4171176687,5462871.476810376,262266.12382072414,131,15,14,18,18,108.6793893129771,31.50122517167388,10558.038167938932,23257.86551136381,73.83969465648855,202.49029670176193,9673,1173,0
2018-02-28 10:40:00,137,8280.0,0,752.0,12003877.65824468,8.065159574468085,5.825797872340425,969454.0,672817.0,704903.607850847,910578.2616489223,58500000.0,0.0,985402.0646283132,818433.346082544,69.0,321.0,162.0,13.0,69.0,0.0,0.0,0.0,73.16670166698138,103.90987752216915,0.0,0.0,0.4827127659574468,1314047.5300753044,369902.2754083496,2535696.5988385705,264240.2714487544,151,13,12,25,19,112.05960264900662,38.25427763236934,20796.507462686568,27583.56484203376,96.80132450331126,240.42598361706658,14617,1173,0
2018-02-28 10:41:00,138,8340.0,0,1879.0,15269631.530601384,5.208621607237893,5.774348057477382,736887.0,6049857.0,1062310.1526761027,1339357.2963633689,83800000.0,0.0,1539143.2720225162,1048383.785087731,124.0,394.0,467.0,11.0,124.0,0.0,0.0,0.0,93.67145005599129,119.30061185517056,0.0,0.0,0.6875997871208089,122854.5593061429,94870.17582507482,4803264.892050459,81706.94115602151,172,9,9,25,25,105.65116279069767,57.61858200955712,7335.280821917808,17255.066602552604,126.38372093023256,326.1063819753012,21738,1460,0
2018-02-28 10:42:00,139,8400.0,0,887.0,14512173.4735062,12.634723788049603,10.32130777903044,3301583.0,3640469.0,892787.276774401,1048254.728279148,59000000.0,0.0,1253118.8570905116,926603.7161809548,128.0,337.0,188.0,8.0,128.0,0.0,0.0,0.0,88.87557407625694,113.49730739600598,0.0,0.0,0.5467869222096956,640854.5835856901,482032.4947374033,3998328.70934948,330967.443038252,151,10,8,14,14,109.64900662251655,28.78267967036117,21757.509933774836,29547.34683720747,126.64900662251655,277.4462157770523,19124,1173,0
2018-02-28 10:43:00,140,8460.0,0,818.0,11103740.344743276,7.784841075794621,6.316625916870415,928981.0,3009366.0,912299.7870178646,1234930.7557505704,69327480.0,0.0,1190183.2240066135,1001306.2635969826,66.0,291.0,186.0,6.0,66.0,0.0,0.0,0.0,90.53128649376944,123.54523966382982,0.0,136660.7345993528,0.5293398533007335,306018.43060268136,243212.20177497852,4115564.071791472,380525.2122830934,112,12,10,20,18,129.97321428571428,45.31679477494398,18238.663157894738,24831.007068895593,86.66964285714286,218.87449151078698,9707,1173,0
2018-02-28 10:44:00,141,8520.0,0,1138.0,11854291.204745168,5.437609841827768,4.422671353251318,666891.0,1696610.0,1268918.6136493755,939761.8258105617,59400000.0,0.0,1521971.2180830266,634123.7827948255,123.0,370.0,238.0,10.0,123.0,0.0,0.0,0.0,74.53627692684043,94.03389154420684,0.0,0.0,0.6063268892794376,442242.4602770029,486134.3821571733,3285076.0455833874,261273.0135439153,90,10,5,14,13,106.94444444444444,33.59151883032889,17159.5,25149.44081414869,98.78888888888889,231.73165876269232,8891,1173,0
2018-02-28 10:45:00,142,8580.0,0,715.0,13460043.095104896,7.696503496503497,5.246153846153846,411799.0,1532817.0,988157.151539838,1523172.3534285838,59936581.0,0.0,1378866.241597627,1225341.4229805807,70.0,204.0,172.0,9.0,70.0,0.0,0.0,0.0,93.32360359808656,127.68567743728184,0.0,0.0,0.5202797202797202,526887.3501360246,227279.2244736268,4788685.076614259,275742.505724757,40,7,4,7,7,116.725,32.65200154857593,25930.45,31056.19899220749,157.1,298.26900610019806,6284,1173,0
2018-02-28 10:46:00,143,8640.0,0,1264.0,19389179.51107595,8.180379746835444,9.46360759493671,587870.0,9623918.0,907540.9058366287,1423632.0812137784,58967134.0,0.0,1403364.3233551036,1166366.238360305,71.0,251.0,341.0,8.0,71.0,0.0,4.0,0.0,106.76856646446534,139.38221654511162,0.0,0.0,0.6756329113924051,372784.3089328614,273610.7406254196,4687093.079093282,186223.4300769216,78,8,6,11,11,111.91025641025641,18.046250750977787,22464.32051282051,27366.021659009777,120.1025641025641,254.14673079258915,9368,1173,0
2018-02-28 10:47:00,144,8700.0,0,2059.0,16962176.06410879,6.028654686741136,5.542496357455075,880703.0,5079670.0,1515269.8722546909,1337959.9112502076,89900000.0,0.0,1903608.0500759028,1087415.229760014,96.0,357.0,587.0,11.0,96.0,0.0,8.0,0.0,100.16530577586708,136.85056798388325,0.0,0.0,0.718795531811559,330393.62671688205,140263.0175601112,5540208.672538491,158885.87097471335,1902,36,35,170,170,135.08044164037855,68.61490818061253,5605.0625,15823.992617764608,489.0615141955836,1757.4364139210597,930195,23360,0
2018-02-28 10:48:00,145,8760.0,0,1421.0,11002734.962702325,5.059113300492611,4.568613652357494,641605.0,2415060.0,837743.169847847,931455.9575756752,89844693.0,0.0,1024581.562192998,855137.670598162,95.0,509.0,321.0,12.0,95.0,0.0,24.0,0.0,81.01922223289148,111.31236045399451,0.0,0.0,0.5784658691062632,354480.0467674781,246879.31890267288,2642664.3134679007,256369.01269815164,465,35,32,58,59,110.13548387096775,58.861110348490485,8199.453703703704,19918.525582382896,175.047311827957,444.79279115910987,81397,2373,0
2018-02-28 10:49:00,146,8820.0,0,1228.0,9276605.393322475,5.216612377850163,3.9096091205211727,483880.0,2186599.0,873186.5783152296,1174894.94843955,59936578.0,0.0,1041395.3253304624,774707.6529093481,107.0,457.0,270.0,17.0,107.0,0.0,24.0,0.0,75.93617470431026,103.38030560893436,0.0,0.0,0.5415309446254072,551644.3347029015,354647.57474390103,3599789.245764952,317017.8852985411,371,27,27,49,56,105.62533692722371,58.825369638123384,4742.551020408163,13576.289843717796,200.4177897574124,503.3670528002715,74355,2745,0
2018-02-28 10:50:00,147,8880.0,1,5209.0,4328985.942983299,4.568055288923018,3.615665194855058,13995388.0,5481788.0,341422.7189693968,435736.86909735785,117372877.0,0.0,434475.13029335096,346717.3929117036,201.0,520.0,403.0,22.0,201.0,0.0,57.0,0.0,29.184028249802115,35.60803436962914,0.0,0.0,0.8650412747168362,117382.8100590752,22548.75182960761,1522248.5428165337,99940.11815522794,1488,47,44,193,193,129.31586021505376,68.02286862631274,4997.85294117647,13970.825957705894,451.51747311827955,1961.153834225346,671858,18980,0
2018-02-28 10:51:00,148,8940.0,1,970.0,10520498.955670103,6.038144329896907,6.018556701030928,388719.0,3934337.0,936547.461648455,1247566.1551299377,104000000.0,0.0,1139742.1596241782,1292058.7802444422,67.0,214.0,229.0,11.0,67.0,0.0,24.0,0.0,82.32377508979546,107.62424177180526,0.0,93313.3000057383,0.5721649484536082,504087.12428224896,189113.90521540967,3584733.344334693,300417.2975045465,572,32,34,56,56,99.51748251748252,52.96806732525808,9481.51407129456,20549.28157558867,236.91783216783216,503.9241998466526,135517,2719,0
2018-02-28 10:52:00,149,9000.0,1,1442.0,16748483.324549235,5.865464632454923,5.793342579750346,857505.0,3575627.0,1158872.013077129,1439725.429424082,70374372.0,0.0,1454752.6268100017,1313457.8768326566,69.0,293.0,372.0,0.0,69.0,0.0,24.0,0.0,94.9389395091441,122.64888923361865,0.0,0.0,0.7427184466019418,440763.24561325536,60807.03491892223,4723970.000365149,351417.7803173439,491,31,26,53,55,101.020366598778,51.25533912127357,7606.286334056399,17328.68019963762,245.74541751527494,504.93908538896807,120661,2397,0
2018-02-28 10:53:00,150,9060.0,1,2078.0,14567941.962463908,5.144850818094321,4.809913378248316,806274.0,4340927.0,926903.8139403611,1325811.9135183364,59936528.0,0.0,1315537.1233098242,995635.8556147432,177.0,507.0,582.0,16.0,177.0,0.0,4.0,0.0,93.49280517084075,128.28062810676093,0.0,0.0,0.6010587102983638,163727.2522926723,127282.09205560168,4719604.838968647,133893.5996162416,1599,45,42,140,142,96.27767354596622,53.02511219927474,4678.967852257182,13922.807661863542,319.09568480300186,536.6037723364864,510234,2744,0
2018-02-28 10:54:00,151,9120.0,1,1505.0,11983700.319601327,5.102325581395349,4.356810631229236,536092.0,2164288.0,731201.1723487108,1240529.1234215766,74500018.0,0.0,937823.2391886644,1126217.4728357557,74.0,358.0,415.0,12.0,74.0,0.0,4.0,0.0,84.90455372343389,119.98245788495932,0.0,0.0,0.6910299003322259,434009.9114789888,200503.723126637,3847703.567297916,550064.6468264745,538,28,27,56,56,92.7081784386617,44.31197979215459,5372.022900763359,14472.748786506765,165.76951672862452,403.38648268570745,89184,1699,0
2018-02-28 10:55:00,152,9180.0,1,1173.0,7196772.212276215,3.939471440750213,2.975277067348679,392335.0,782875.0,1272436.6943715787,974498.2732047556,59936514.0,0.0,1313319.7168695834,854000.8074657762,113.0,438.0,269.0,9.0,113.0,0.0,24.0,0.0,63.45212919282311,89.08276930416564,0.0,0.0,0.5592497868712702,427565.2381318889,34457.334117931605,2878878.5011249934,332950.0137698884,716,25,25,55,122,82.75139664804469,43.13646825079146,5962.038571428571,16147.472681238909,135.3058659217877,369.21131216212734,96879,1699,0
2018-02-28 10:56:00,153,9240.0,1,1800.0,15777442.72611111,5.786666666666667,6.312777777777778,539313.0,8474569.0,884727.7465166706,1516467.834643731,59000000.0,0.0,1279838.692329229,1143733.6144166312,192.0,495.0,438.0,10.0,192.0,0.0,24.0,0.0,95.0514768127366,118.64944702584916,0.0,457954.5135374674,0.6683333333333333,336986.4549863851,120815.45103036548,4788435.315481435,284499.96067772125,3564,22,21,91,1030,60.0148709315376,30.95055136442022,3243.6957016794763,10751.203413275594,32.37598204264871,191.51516354614407,115388,1880,0
2018-02-28 10:57:00,154,9300.0,1,1661.0,13708379.04154124,4.65623118603251,4.136062612883805,568066.0,1918652.0,932085.6172210614,1468158.0719134817,59936395.0,0.0,1258257.5448825962,1244041.0633244377,66.0,337.0,498.0,12.0,66.0,0.0,0.0,0.0,80.72351383857291,112.70585903478278,0.0,0.0,0.6797110174593618,378077.42872882594,149010.77621146,4537571.021953088,220028.9566952618,1354,32,31,129,129,104.59231905465288,60.88745606505526,4197.98544520548,12589.720694588108,263.98966026587885,480.52618967309877,357442,4079,0
2018-02-28 10:58:00,155,9360.0,1,925.0,12100270.61945946,4.451891891891892,3.265945945945946,311136.0,791881.0,1790970.7085049003,1187503.0869977458,59300000.0,0.0,2075001.5522486717,879223.4963165208,33.0,368.0,219.0,7.0,33.0,0.0,0.0,0.0,72.51706127701407,104.96169929954443,0.0,0.0,0.5232432432432432,371524.47089298815,166686.2486698471,4374390.618797632,258022.64584461972,508,30,30,51,51,96.3740157480315,46.697839764536305,8360.857723577235,18713.41849486165,185.0511811023622,417.98649664704817,94006,1699,0
2018-02-28 10:59:00,156,9420.0,1,1200.0,9005553.3575,4.453333333333333,3.3716666666666666,387967.0,1212103.0,889202.5892214883,1104319.9869352474,89902826.0,0.0,1150311.0504736253,982588.140018134,142.0,411.0,277.0,14.0,142.0,0.0,24.0,0.0,68.49255705240466,94.33702540305032,0.0,0.0,0.4983333333333333,294461.0045773438,185280.8690156519,3488244.614328413,178627.26845388603,482,31,29,50,50,97.52074688796681,42.1896099310646,11195.545842217483,21965.537754359026,206.81535269709545,429.0474644479929,99685,1699,0
2018-02-28 11:00:00,157,9480.0,1,2910.0,2817723.2429553266,2.1604810996563573,1.8398625429553264,392628.0,812956.0,344720.1260571854,344715.382369368,62364762.0,0.0,379718.6241784781,266203.71237695194,105.0,352.0,269.0,16.0,105.0,0.0,22.0,0.0,26.083304239491166,39.89086911069381,0.0,0.0,0.8532646048109965,171846.38487148244,29940.45303135562,962833.9820722634,118146.59633586372,441,25,25,43,40,102.97052154195012,50.67567591108733,9189.16377171216,19738.58697511317,205.36507936507937,433.3569131113685,90566,1699,0
2018-02-28 11:01:00,158,9540.0,1,810.0,12143314.72345679,5.164197530864198,3.5580246913580247,309133.0,612915.0,1725297.2365226208,1179952.047808454,59936691.0,0.0,1911688.9003243768,1133035.4767282982,49.0,191.0,265.0,5.0,49.0,0.0,24.0,0.0,73.54971166305135,110.81775249063902,0.0,0.0,0.5111111111111111,775706.7072321627,753832.5986169626,4072900.415489311,326781.0043751973,341,11,10,33,29,105.28445747800586,53.96298861323797,10335.122112211222,19349.25040032755,249.88563049853371,472.7616254818113,85211,1699,0
2018-02-28 11:02:00,159,9600.0,1,1289.0,12905658.131109389,4.806051202482545,4.276183087664856,473839.0,1657099.0,925852.322005718,1456274.9245870477,87791507.0,0.0,1252323.1141331517,1293918.0700346066,78.0,256.0,375.0,10.0,78.0,0.0,24.0,0.0,90.42622138180576,129.9135757074125,0.0,0.0,0.6578743211792087,279122.34135822754,146197.80751247797,3961909.49228125,400082.077035402,1905,54,53,215,215,126.51968503937007,66.65272596114895,8347.603415559772,18551.182432346202,347.48451443569553,597.9222927510607,661958,7510,0
2018-02-28 11:03:00,160,9660.0,1,3784.0,7535325.321881607,3.0256342494714588,2.900369978858351,631803.0,3593782.0,422502.7773541632,706510.2237910726,66269943.0,0.0,625605.1942064385,580512.3427643547,99.0,348.0,519.0,12.0,99.0,0.0,30.0,0.0,42.07110732917207,59.88059052218974,0.0,0.0,0.8461945031712473,197798.73325670895,78549.74937303887,2488795.6415816946,168867.13667254997,1939,79,74,200,200,129.28932439401754,66.08178427610761,6896.891342242882,17394.449816841814,199.233625580196,571.2446006671199,386314,10446,0
2018-02-28 11:04:00,161,9720.0,1,1426.0,16078305.18793829,5.157082748948107,4.681626928471248,546738.0,2457301.0,1093831.7662885534,1445326.8354234376,59000000.0,0.0,1489151.8020559377,1167217.0280331543,87.0,350.0,381.0,11.0,87.0,0.0,8.0,0.0,89.93142566017511,125.9245742274141,0.0,0.0,0.6486676016830295,309283.15229273296,86219.85577868903,5037413.878734692,427552.8086314575,754,48,48,72,72,103.07559681697613,53.837795476364825,5308.696765498652,15386.053069376629,107.22015915119363,335.32933496275217,80844,1699,0
2018-02-28 11:05:00,162,9780.0,1,4881.0,1620544.9514443765,1.644540053267773,1.416717885679164,301395.0,524387.0,180928.77221168243,233905.10541061717,62882892.0,0.0,207634.694358767,160980.23517935278,127.0,371.0,219.0,15.0,127.0,0.0,28.0,0.0,10.85427062526804,16.35401985805214,0.0,81165.57832911711,0.9264494980536776,185431.54751607197,38678.33906814317,597342.1617281378,59096.47713237536,559,33,32,65,66,116.33273703041145,60.628874423177315,9542.100569259963,19788.298237211995,158.9355992844365,388.0067612054879,88845,1699,0
2018-02-28 11:06:00,163,9840.0,1,1011.0,12722960.982195845,4.66864490603363,3.472799208704253,332072.0,791815.0,1270308.3836330324,1489150.9795857952,59000000.0,0.0,1554513.7161726877,1103777.6747990996,143.0,417.0,230.0,12.0,143.0,0.0,16.0,0.0,65.96783791841365,98.54604084130406,0.0,0.0,0.4718100890207715,288616.7930854081,137143.31208502434,4425939.205035278,331014.75812158786,356,13,13,32,32,100.68820224719101,49.309839330372476,11165.021212121212,21399.065789401255,237.9578651685393,467.43726962722644,84713,1699,0
2018-02-28 11:07:00,164,9900.0,1,1260.0,18528918.002380952,6.1682539682539685,6.066666666666666,566311.0,3790642.0,1162080.447589295,1742528.1809989116,59937633.0,0.0,1685792.500506337,1258513.904006797,112.0,317.0,351.0,10.0,112.0,0.0,0.0,0.0,98.76982611001928,141.411539144884,0.0,317831.3121861034,0.5761904761904761,332761.4735254254,282211.37440471025,6396655.535595362,409734.1859230856,378,14,13,31,31,107.25132275132275,55.20785715470568,12629.34659090909,22466.491598376706,245.95502645502646,469.5165475496509,92971,1699,0
2018-02-28 11:08:00,165,9960.0,1,720.0,12118921.5,4.998611111111111,4.268055555555556,343093.0,643536.0,918836.9038581012,1231674.454838473,59914076.0,0.0,1164191.2083966802,1087412.3705598286,34.0,176.0,216.0,4.0,34.0,0.0,0.0,0.0,89.08412825388834,128.10375806648972,0.0,0.0,0.6680555555555555,461236.2144826735,155467.51881183573,3409916.308661381,554566.2936941714,489,21,18,50,49,103.40286298568508,51.06953705231072,15770.454746136866,24866.787051353254,184.18200408997956,407.20679082642505,90065,1699,0
2018-02-28 11:09:00,166,10020.0,1,868.0,13196505.246543778,5.214285714285714,4.167050691244239,337435.0,1343458.0,1406264.1338872593,1243277.1779763326,59936474.0,0.0,1699456.9852665015,1179834.8973809788,74.0,291.0,215.0,6.0,74.0,0.0,12.0,0.0,83.67764701587339,119.65246679060564,0.0,191925.2763971272,0.5483870967741935,703306.237254815,117807.21903298024,4640382.447736036,222769.41170778795,351,12,10,29,29,103.36182336182337,55.230712171323376,7867.702127659574,16993.56505925689,246.12250712250713,477.6860766301105,86389,1699,0
2018-02-28 11:10:00,167,10080.0,1,3223.0,13584158.09556314,5.1647533354018,5.069500465404902,1211998.0,7169540.0,720535.6527472946,1288793.882467253,107461518.0,0.0,1087311.8858409254,1007560.633691515,236.0,669.0,937.0,28.0,236.0,0.0,24.0,0.0,99.73641621859376,138.39966367111944,0.0,0.0,0.6751473782190506,181968.64053936687,77898.30440949743,4213103.555014474,703985.7657731527,2087,42,39,169,169,115.7733588883565,65.17393866632563,8771.621812262616,19323.381067005244,403.9127934834691,585.8625628380722,842966,1699,0
2018-02-28 11:11:00,168,10140.0,1,1409.0,10863620.408800568,4.4733853797019165,3.977998580553584,540800.0,1661284.0,866143.9533545005,1462115.5956159711,114000000.0,0.0,1320793.0871482375,1312580.943293704,59.0,343.0,367.0,8.0,59.0,0.0,24.0,0.0,83.15070458158445,114.26906063893378,0.0,179938.64459349896,0.6515259048970902,454719.4182147508,108311.96484042754,3994206.3240265055,1112125.0542937585,849,38,37,81,81,118.27915194346289,60.48343802026839,14621.325953259533,24224.702244064327,129.59128386336866,347.9481248873436,110023,1699,0
2018-02-28 11:12:00,169,10200.0,1,5436.0,3294080.094186902,2.47663723325975,2.252391464311994,795252.0,3668734.0,385681.7211294431,432574.5090308728,62260140.0,0.0,441528.9658052203,272833.0941280655,162.0,587.0,681.0,12.0,162.0,0.0,33.0,0.0,41.56169558222168,56.28394983156807,0.0,0.0,0.8679175864606328,180041.88594941076,50660.21263197497,1556685.648978402,138069.19902368658,4333,103,104,426,425,121.89591507039003,68.95075332808092,8723.114194236927,18827.488086887643,302.48649896145855,518.2758039601073,1310674,3243,0
2018-02-28 11:13:00,170,10260.0,1,1660.0,14139839.51506024,5.432530120481927,6.991566265060241,504190.0,8996756.0,917900.4702993798,1303618.7743388296,89959435.0,0.0,1304557.1032972806,1210878.0339610856,72.0,277.0,470.0,2.0,72.0,0.0,24.0,0.0,110.52581086306849,135.32289002610435,0.0,0.0,0.7469879518072289,224851.8168641216,65472.41604027909,4220184.329875247,217309.73727577392,1138,71,96,162,132,117.04305799648506,62.27250869163292,6169.176300578035,16743.956882921757,140.62390158172232,344.54670491015816,160030,3248,0
2018-02-28 11:14:00,171,10320.0,1,989.0,11004759.294236602,5.191102123356926,4.071789686552073,348993.0,1760917.0,1184962.346538301,1192862.016084107,62561638.0,0.0,1326794.8435837352,988724.3498515536,69.0,294.0,279.0,2.0,69.0,0.0,24.0,0.0,80.56324802316816,117.47690020900151,0.0,0.0,0.5288169868554095,462369.1630851859,324640.4482105463,3797906.5944441054,401118.26753686456,666,22,22,84,84,121.40690690690691,67.00966968969587,7253.028985507246,17577.421130526647,212.65615615615616,420.3506596668374,141629,1460,0
2018-02-28 11:15:00,172,10380.0,1,3179.0,16124437.56464297,5.916011324315822,6.447939603648946,1557577.0,12573979.0,857051.3471261598,1290917.8538395662,74500000.0,0.0,1323918.220417085,1080737.8116627526,89.0,554.0,954.0,9.0,89.0,0.0,8.0,0.0,113.4272455753167,150.09240124610352,0.0,0.0,0.7194086190625983,132263.19430629569,59808.715712836034,4524320.149194668,99827.40305935498,243,21,21,33,33,114.11934156378601,54.03570670921841,14868.064935064935,25165.644523750336,99.53909465020575,394.5575426436912,24188,5130,0
2018-02-28 11:16:00,173,10440.0,1,3204.0,13875070.81460674,4.846441947565543,4.646379525593009,931740.0,7082255.0,748975.3907396471,1252944.763695091,76600000.0,0.0,1114387.5989752796,939457.8891970732,150.0,733.0,815.0,21.0,150.0,0.0,12.0,0.0,95.74580420460316,129.22091622956765,0.0,0.0,0.6919475655430711,286305.8002880818,84580.84352066182,4302980.4981187,201255.5821535055,5383,115,114,523,521,117.71725803455323,69.09476211248047,7120.75850119125,17175.30874680377,361.4272710384544,570.2397399950343,1945563,5380,0
2018-02-28 11:17:00,174,10500.0,1,1690.0,9985006.64142012,3.721301775147929,3.0059171597633134,392560.0,1473812.0,843053.6197739984,1212609.959815137,59936644.0,0.0,1120321.983570022,982770.8152943348,116.0,597.0,341.0,6.0,116.0,0.0,12.0,0.0,65.88185818477959,88.51194984096763,0.0,0.0,0.6124260355029586,150531.4895567466,43494.4157412562,3625574.770401566,125536.9417209992,1202,85,86,121,256,103.1846921797005,63.13912185027124,6620.450083194675,17052.085975411537,9.374376039933445,64.27074763439268,11268,1173,0
2018-02-28 11:18:00,175,10560.0,1,1707.0,10334442.366139423,4.582308142940832,4.046280023432924,421515.0,3864890.0,1082336.6778397327,1106552.7067967858,59142855.0,0.0,1204145.2507914628,904445.1054604726,174.0,605.0,311.0,23.0,174.0,0.0,24.0,0.0,70.16718082460264,89.97393630502397,0.0,0.0,0.6678383128295254,537092.2047451676,169749.1344406525,3639453.261525996,170915.0846396835,3469,83,84,245,1096,81.02680887863937,52.689408169105356,4023.5485436893205,12308.944432248678,76.29950994522918,281.2056551272365,264683,1880,0
2018-02-28 11:19:00,176,10620.0,1,1345.0,15135090.420817845,5.092193308550186,4.858736059479554,519891.0,2870686.0,1008926.6226625188,1440184.9130839813,59936353.0,0.0,1383944.66585705,1284466.9598025023,134.0,421.0,340.0,7.0,134.0,0.0,0.0,0.0,88.30890519606328,121.1620971400003,0.0,0.0,0.6475836431226766,217713.99904875355,81849.23822633277,4580318.121551022,248863.13316219224,528,54,54,72,78,112.49810606060606,54.25696114986845,4882.275862068966,14849.719512417001,45.49242424242424,159.09243294242137,24020,1430,0
2018-02-28 11:20:00,177,10680.0,1,1414.0,12122971.005657708,5.0,4.433521923620933,472686.0,2738525.0,819199.8642942742,1157437.200233017,58937020.0,0.0,1023012.1622390434,882234.481750764,78.0,375.0,369.0,5.0,78.0,0.0,0.0,0.0,86.98770889759972,122.13165009127717,0.0,0.0,0.6768033946251768,512536.9394888894,54481.4773729709,3969958.914731704,116899.16916677478,291,27,24,37,38,109.61168384879726,46.41600200714501,9884.599303135888,22313.226974536934,82.53951890034364,213.2133325029397,24019,1173,0
2018-02-28 11:21:00,178,10740.0,1,2489.0,16549016.419847328,6.177179590196866,6.627561269586179,1036414.0,10581860.0,1002911.9574970698,1372740.582407226,116000000.0,0.0,1457831.5034508673,1048291.8407249578,136.0,513.0,704.0,14.0,136.0,0.0,0.0,0.0,98.44711045622402,133.58273690861873,0.0,0.0,0.6347930895942145,169324.27705076322,92424.78473499688,5122458.091812164,148126.41952203185,506,27,29,69,69,101.30237154150197,53.73003174386128,6369.158836689038,16218.059327049605,165.49802371541503,414.46207651288626,83742,4685,0
2018-02-28 11:22:00,179,10800.0,1,1474.0,9528757.603799189,4.991858887381276,5.00067842605156,416552.0,5454410.0,940849.6266853408,970808.668685203,59703661.0,0.0,1181217.5284421886,604981.8277120687,139.0,483.0,301.0,23.0,139.0,0.0,24.0,0.0,76.30120260392007,99.1128343769101,0.0,0.0,0.5495251017639078,188741.7639678967,113032.06155621972,3164372.1152764964,260025.00645976648,202,16,16,28,28,100.58910891089108,46.18063689553916,13549.215789473685,25368.694087695836,106.06930693069307,253.20529328153063,21426,1430,0
2018-02-28 11:23:00,180,10860.0,1,3822.0,4604586.77681842,2.4427001569858717,2.1122448979591835,503856.0,2208097.0,442096.9391204711,461897.7345667895,98905308.0,0.0,554843.8767848454,341058.08495741105,159.0,637.0,336.0,21.0,159.0,0.0,4.0,0.0,31.730810071121034,41.21613735169158,0.0,0.0,0.8307169021454736,200010.60817289352,47290.32420345316,1365435.902469063,61714.35303530922,2008,53,52,255,255,115.84910358565737,66.51120617819033,5285.776646706587,15127.423047159973,323.85557768924303,588.4799197110336,650302,10423,0
2018-02-28 11:24:00,181,10920.0,1,1443.0,11299492.553707551,4.3936243936243935,3.828828828828829,460197.0,1923212.0,1049243.768907207,1285061.0119708192,58951561.0,0.0,1142989.28087287,1083642.5732463354,147.0,452.0,332.0,25.0,147.0,0.0,26.0,0.0,76.06418600757436,107.54221674218164,0.0,0.0,0.6957726957726957,454390.42698688415,79122.62455342223,4331245.462460564,295824.726295602,418,38,35,50,50,110.4090909090909,55.44567729396439,7552.478260869565,19899.130539202797,32.17464114832536,140.6026106712417,13449,1173,0
2018-02-28 11:25:00,182,10980.0,1,1614.0,13471448.11400248,4.633209417596035,4.143122676579925,548039.0,2188904.0,849703.4063388939,1305182.9374927531,74218936.0,0.0,1123583.1832702204,1112036.1446637972,90.0,391.0,408.0,13.0,90.0,0.0,0.0,0.0,89.73132659514492,125.16432964438232,0.0,0.0,0.7317224287484511,418476.5119443492,159262.42717114536,4231777.507257065,180037.8548566086,250,28,29,38,38,111.916,48.47411581054837,11539.113360323887,24005.58646828451,44.12,160.21331663538217,11030,1173,0
2018-02-28 11:26:00,183,11040.0,1,938.0,10902896.24413646,4.644989339019189,3.689765458422175,267458.0,1268327.0,1682591.5245096069,1217633.7821168683,58967659.0,0.0,1745390.966603126,798118.8796205496,69.0,289.0,223.0,14.0,69.0,0.0,24.0,0.0,69.53793527458933,97.5198177698549,0.0,0.0,0.5863539445628998,461254.3671877048,158003.15139072144,4284373.73457681,235977.4140217232,335,16,15,34,34,101.17014925373134,52.13735031512292,9816.58957654723,21751.33639048825,395.7343283582089,594.6617046520753,132571,1460,0
2018-02-28 11:27:00,184,11100.0,1,2908.0,2905233.27957359,2.139614855570839,1.8514442916093532,371986.0,892277.0,282595.9932552574,373565.9984222745,61279251.0,0.0,326390.4681683928,316598.82958475983,102.0,364.0,209.0,22.0,102.0,0.0,14.0,0.0,21.30059134329914,31.2675300229109,0.0,0.0,0.8765474552957359,229945.7329683362,52335.41381745344,980414.3398145706,95589.41668624849,321,11,9,28,28,93.5233644859813,47.928790759259286,10218.38283828383,21991.80974799532,413.0031152647975,600.8115891153105,132574,1460,0
2018-02-28 11:28:00,185,11160.0,1,1335.0,13926541.0164794,5.306367041198502,5.143820224719101,480178.0,3430236.0,863525.1388517766,1313188.377415659,59207822.0,0.0,1233399.2039351894,982443.5059588024,91.0,330.0,350.0,11.0,91.0,0.0,8.0,0.0,85.97227944984532,120.01628412568346,0.0,0.0,0.6104868913857678,203793.47617492377,117731.89983352918,4228405.072649357,324765.2413348284,698,18,15,67,67,100.12034383954155,59.13474498745183,4021.8810289389066,12897.915328391302,412.5057306590258,598.1131312365941,287929,1460,0
2018-02-28 11:29:00,186,11220.0,1,4855.0,2765664.752832132,1.9822863027806383,2.012358393408857,336680.0,3577832.0,294677.21552713955,258274.3948589996,82300000.0,0.0,332869.5211509546,258359.32079104404,78.0,246.0,218.0,22.0,78.0,0.0,44.0,0.0,13.729249503959528,19.885462515056314,0.0,36174.96122722587,0.9427394438722966,207068.74659694373,22740.126656232216,883203.8170836876,41359.69221136048,372,20,20,32,32,102.73924731182795,45.208224658688195,11652.677595628415,23572.313796146304,77.06720430107526,222.3884639422398,28669,1430,0
2018-02-28 11:30:00,187,11280.0,1,2206.0,12303459.061650043,4.519492293744333,4.044877606527652,725300.0,3056736.0,687144.2173892473,1153522.4896558344,58927739.0,0.0,1019715.8708453936,767096.623635314,107.0,445.0,584.0,16.0,107.0,0.0,16.0,0.0,95.52836474973437,130.4482545750597,0.0,0.0,0.6668177697189483,211490.1395583154,117740.28377125258,3612183.038807401,134632.7353531877,198,17,16,24,24,98.45454545454545,44.19000799553143,10462.77894736842,22867.647154081584,97.54545454545455,269.3079219158714,19314,1460,0
2018-02-28 11:31:00,188,11340.0,1,1167.0,11855840.84318766,4.62382176520994,3.992287917737789,362930.0,1674578.0,787157.6770872694,1219349.344431576,59936470.0,0.0,1149592.7597592503,951236.7421468096,80.0,368.0,266.0,13.0,80.0,0.0,0.0,0.0,77.13086894658997,105.89882029131388,0.0,0.0,0.5946872322193659,327850.20337455854,108159.91895867832,4125858.7703989223,253821.47778152983,477,25,24,69,69,123.34381551362684,65.98643249673803,6075.432569974555,16653.26409771743,219.61844863731656,438.6350595395357,104758,1460,0
2018-02-28 11:32:00,189,11400.0,1,629.0,14691852.228934815,5.222575516693164,4.0588235294117645,270856.0,625227.0,1775788.7169670383,1309799.5983184965,59100000.0,0.0,2101893.945183461,860405.2526556695,33.0,228.0,136.0,11.0,33.0,0.0,0.0,0.0,74.36740490710922,112.91292312936136,0.0,593172.6473264706,0.5389507154213037,186889.8924326114,138076.413983569,4918471.031783873,234266.8493606209,440,27,25,54,54,114.84318181818182,58.07971467188675,14245.3225,24878.76910699546,191.44545454545454,376.1444637506596,84236,1740,0
2018-02-28 11:33:00,190,11460.0,1,1000.0,13528533.993,4.658,3.879,361594.0,1034705.0,1012057.570986266,1604249.583933908,59936539.0,0.0,1419912.2310414102,1216164.0566235103,80.0,292.0,240.0,6.0,80.0,0.0,0.0,0.0,75.9905388176174,104.80421640892052,0.0,0.0,0.573,275210.1047365631,68438.85494749573,5004515.570739305,166845.80354891863,330,26,26,38,38,108.67575757575757,53.87738826956596,11411.68125,23408.55875104021,216.93636363636364,447.89777676441474,71589,1460,0
2018-02-28 11:34:00,191,11520.0,1,752.0,11413282.593085106,5.091755319148936,4.049202127659575,314132.0,798006.0,971683.6842496424,1022512.3281056848,58831115.0,0.0,1226327.0992696588,749807.1109953423,61.0,210.0,182.0,10.0,61.0,0.0,0.0,0.0,76.7587189637774,105.27275902898803,0.0,287214.10157459084,0.6196808510638298,819354.1701031192,282044.7032226119,3446971.592728828,208387.4661474548,280,28,25,36,36,112.925,45.62836573729801,14461.029197080292,26119.23519625411,94.66785714285714,222.9961996454728,26507,1173,0
2018-02-28 11:35:00,192,11580.0,1,745.0,17244695.69127517,5.652348993288591,5.319463087248322,343168.0,1409169.0,1531836.5623030604,1634085.6920867916,59936458.0,0.0,1995034.372841859,1462022.2705759327,47.0,181.0,215.0,8.0,47.0,0.0,0.0,0.0,98.55116948951049,143.44718845462967,0.0,0.0,0.6120805369127517,268516.2449284842,174644.47786969104,5902418.257375491,214032.1371699318,211,14,14,21,21,106.80094786729858,37.347890857158475,19078.840579710144,28343.435344448757,111.8388625592417,245.25013976334066,23598,1173,0
2018-02-28 11:36:00,193,11640.0,1,645.0,12628682.87131783,5.448062015503876,3.98139534883721,295544.0,609080.0,1051852.270616424,1243427.0893081394,96839019.0,0.0,1285884.917817178,665489.7621941009,55.0,221.0,147.0,10.0,55.0,0.0,0.0,0.0,79.6532670792434,117.968740770891,0.0,78456.82312686785,0.5271317829457365,1160186.8107010133,431900.3243836253,3818650.7070099786,251238.1993876404,100,8,7,13,13,110.31,40.401443868588,22380.212765957447,29819.880283927905,149.25,275.5586199528207,14925,1173,0
2018-02-28 11:37:00,194,11700.0,1,1355.0,18029631.938745387,5.011070110701107,4.634686346863469,470474.0,2122039.0,1056304.5313384363,1968386.496879775,60300000.0,0.0,1629749.681911024,1316139.1750455175,82.0,249.0,358.0,14.0,82.0,0.0,0.0,0.0,97.55826627322864,133.72908411009027,0.0,0.0,0.67380073800738,189904.1685240168,139159.05533618623,7138576.69118666,124035.02662362564,77,8,5,13,13,103.53246753246754,48.089440906771884,18816.51388888889,28223.94214586838,135.23376623376623,250.53736437925292,10413,1173,0
2018-02-28 11:38:00,195,11760.0,1,1547.0,16578860.666451195,5.393665158371041,4.950226244343892,650824.0,2644347.0,1132117.2941331747,1405877.9702310858,90000000.0,0.0,1559806.3036200358,961126.5425387828,78.0,299.0,418.0,15.0,78.0,0.0,0.0,0.0,93.89577788339076,132.48645219861518,0.0,332375.130450243,0.665158371040724,361458.006228131,265184.5223235003,5276462.780534253,473119.4929308016,770,27,25,98,98,121.72987012987014,66.5784617151254,9814.463108320251,20376.692213340368,218.8948051948052,416.0003195945381,168549,1741,0
2018-02-28 11:39:00,196,11820.0,1,1804.0,11076889.47339246,4.514966740576496,4.430155210643015,634386.0,2910154.0,681771.9168364443,1246957.1745440152,59937736.0,0.0,1097299.938314082,966122.7412118112,79.0,438.0,482.0,28.0,79.0,0.0,0.0,0.0,99.84787468993451,138.38769012873846,0.0,0.0,0.684589800443459,180935.83983884065,108941.6550774076,3519529.1747709224,693079.7633783886,275,24,24,33,33,114.41090909090909,50.42073229853868,12494.0036900369,24378.580439256908,86.83272727272727,210.25894970801096,23879,1173,0
2018-02-28 11:40:00,197,11880.0,1,1156.0,15496577.44982699,6.286332179930795,6.46280276816609,440657.0,5303391.0,1356468.975571972,1198842.8483548644,59279708.0,0.0,1729678.199643931,700500.6145427297,168.0,460.0,250.0,26.0,168.0,0.0,0.0,0.0,95.18006829963642,123.87444643394724,0.0,0.0,0.5536332179930796,235996.89611628556,209486.27065362703,4127798.108052321,287579.799828134,149,19,18,21,21,102.60402684563758,43.748639946728225,12312.704697986577,24771.162776858353,104.28187919463087,219.93568103206758,15538,1173,0
2018-02-28 11:41:00,198,11940.0,1,2060.0,12438986.085436894,5.053398058252427,5.575728155339806,609691.0,7740004.0,778494.6114045571,1215534.93333022,97210571.0,0.0,1163505.9693634363,920153.0731932328,113.0,372.0,502.0,16.0,113.0,0.0,0.0,0.0,88.33364623333655,110.9092762912053,0.0,0.0,0.6966019417475728,193413.5647728017,47702.69317417895,4241514.87215235,124762.65516550605,224,22,19,28,27,102.84821428571429,42.34498711791818,14653.851851851852,25587.848574761556,109.90178571428571,240.29458601588556,24618,1430,0
2018-02-28 11:42:00,199,12000.0,1,1248.0,10694815.551282052,4.596955128205129,4.118589743589744,413714.0,2014386.0,623996.3369846304,1066895.9219421952,59724162.0,0.0,909100.1229214728,648156.7077592748,31.0,278.0,309.0,11.0,31.0,0.0,0.0,0.0,100.7637437204129,135.66685449456853,28265.36362496589,140555.8825817931,0.686698717948718,343027.5688204562,107107.10714416856,4090471.683880881,160846.62047132285,103,9,8,12,12,97.10679611650485,43.08653231678636,12108.673267326732,24188.390158962175,128.74757281553397,234.706187560842,13261,1173,0
2018-02-28 11:43:00,200,12060.0,1,927.0,16938787.566343043,6.165048543689321,6.699029126213592,600532.0,4463687.0,1880155.4785822155,1516248.590189579,59936374.0,0.0,2295890.1476659053,1185407.1155012627,57.0,240.0,244.0,12.0,57.0,0.0,0.0,0.0,107.78162146346462,136.9895847723862,0.0,312699.48588072427,0.6192017259978425,382556.4315669348,21621.29489275445,5485891.960399562,60192.05269533788,121,7,8,13,12,110.87603305785125,30.06009820563186,24471.11111111111,30514.920062605488,178.52892561983472,318.6341442882983,21602,1173,0
2018-02-28 11:44:00,201,12120.0,1,1854.0,13925457.59492988,5.28101402373247,4.992448759439051,640448.0,4279214.0,753136.7750740066,1199502.5612038455,59000000.0,0.0,1127170.9974097947,866726.263881259,144.0,442.0,523.0,13.0,144.0,0.0,0.0,0.0,100.15618983586003,140.93006974046094,0.0,0.0,0.6208198489751888,140190.3163234545,110178.05791782802,4145705.673553015,206635.0961390607,1072,18,15,55,55,110.80690298507463,64.33032916250914,5703.59842519685,16282.554383068815,588.8647388059702,671.1651597756425,631263,1460,0
2018-02-28 11:45:00,202,12180.0,1,1166.0,14257164.086620929,4.973413379073756,4.243567753001715,425516.0,1543159.0,827097.710547928,1350725.6443909784,59936884.0,0.0,1242416.536905791,1137266.0991389684,94.0,337.0,301.0,8.0,94.0,0.0,0.0,0.0,88.95850380261732,128.88654611701165,0.0,0.0,0.6200686106346484,215211.44172907068,192702.9507996253,4507637.208458412,370536.0983004948,248,15,13,28,27,107.76612903225806,46.65301477272498,13739.213114754099,25068.367054137772,70.51209677419355,210.62038652869444,17487,1173,0
2018-02-28 11:46:00,203,12240.0,1,906.0,8328537.996688741,3.642384105960265,2.6114790286975715,225716.0,553412.0,1378511.5942243212,888926.0105389769,59100000.0,0.0,1583942.218270134,595394.078860278,54.0,303.0,160.0,1.0,54.0,0.0,0.0,0.0,67.8524262887011,89.74560555424779,0.0,168951.72373394194,0.6048565121412803,150629.2556363067,112265.56032321404,3236754.800947584,170752.8155100829,164,10,10,21,21,98.86585365853658,37.54907208712646,6774.018292682927,17582.181368839876,42.957317073170735,152.6136848952204,7045,1173,0
2018-02-28 11:47:00,204,12300.0,1,1022.0,10623675.3962818,3.977495107632094,3.163405088062622,271741.0,1137603.0,751231.9176924811,1251608.7651310433,59936358.0,0.0,1119409.9647721068,1047397.0865712494,92.0,320.0,192.0,4.0,92.0,0.0,0.0,0.0,76.11400967253289,99.8650224549951,0.0,0.0,0.5909980430528375,273930.5644702571,105563.07103495138,4055051.25482684,213240.14266062903,58,6,6,8,8,118.65517241379311,29.217005216643976,26214.275862068964,29833.816542078966,142.32758620689654,290.55816749720617,8255,1173,0
2018-02-28 11:48:00,205,12360.0,1,421.0,11748135.465558195,5.285035629453682,3.75771971496437,161240.0,474405.0,1616697.7245412853,1020354.4429675924,58866660.0,0.0,1810551.5829016275,810901.579797609,45.0,168.0,100.0,6.0,45.0,0.0,0.0,0.0,84.75419114940355,125.1840914188,0.0,0.0,0.4655581947743468,739443.5488966693,91757.06131587276,4312869.838294722,234755.1341536623,49,5,4,5,5,113.59183673469387,22.83265056827151,31133.79591836735,30036.30791987396,166.75510204081633,309.70829895593187,8171,1173,0
2018-02-28 11:49:00,206,12420.0,1,1408.0,14448917.488636363,4.7336647727272725,4.729403409090909,475433.0,3349586.0,1071511.181548817,1280048.0144397644,59936423.0,0.0,1452899.4743600837,1002243.2706334968,76.0,252.0,326.0,5.0,76.0,0.0,0.0,0.0,92.50284096435526,118.26544499971946,0.0,0.0,0.6867897727272727,237590.239387086,82407.67554353735,4697428.675009369,153418.0604973831,90,7,7,20,20,138.4777777777778,65.16051533752005,25797.358208955226,23384.487054002988,162.9,375.49817246970713,14661,1460,0
2018-02-28 11:50:00,207,12480.0,1,838.0,14582654.386634843,5.190930787589499,4.898568019093079,302245.0,1831108.0,1323761.060911885,988535.3689454134,90000000.0,0.0,1656319.7369893235,790740.0866598705,59.0,245.0,179.0,8.0,59.0,0.0,0.0,0.0,89.09459567200179,119.43277828675978,0.0,302588.74134901934,0.5930787589498807,328759.09521534655,250727.81386854209,3790880.3398106415,170591.38120194944,92,5,5,9,9,124.15217391304348,38.40928653236696,27054.58695652174,29892.881388678987,118.6086956521739,270.4733724385452,10912,1173,0
2018-02-28 11:51:00,208,12540.0,1,1174.0,12300919.25298126,4.120954003407155,3.721465076660988,353081.0,1634695.0,1088956.093613617,1376416.645944311,59937787.0,0.0,1489827.8921383114,1010076.548576978,47.0,219.0,256.0,2.0,47.0,0.0,0.0,0.0,85.17754553312854,103.7329206522252,0.0,0.0,0.6890971039182283,213636.29236997344,158541.5514632414,5038873.382426415,307359.18195241655,490,19,20,116,110,136.35510204081632,70.96999873423427,8997.884868421053,18703.376330887957,107.61020408163266,276.71916821061205,52729,1460,0
2018-02-28 11:52:00,209,12600.0,1,1212.0,13818879.348184818,5.025577557755776,4.313531353135313,622391.0,2132982.0,1092659.1688952153,1131592.070214508,89804533.0,0.0,1421015.242937411,811556.3053750892,121.0,357.0,233.0,11.0,121.0,0.0,0.0,0.0,83.35049810442236,105.31622202711677,0.0,0.0,0.6039603960396039,409388.8712173656,182957.87561320065,4099016.669639232,364355.3011532164,137,11,9,21,21,110.5036496350365,51.648433164491344,12199.2,23963.406038535966,119.91970802919708,280.60653996388317,16429,1430,0
2018-02-28 11:53:00,210,12660.0,1,895.0,13974082.231284916,5.211173184357542,4.96536312849162,354526.0,2198184.0,941993.7038019352,1580960.6387509436,87800000.0,0.0,1288710.4622543862,1417538.6418167665,79.0,257.0,183.0,14.0,79.0,0.0,0.0,0.0,86.82490392340101,117.4478417570848,0.0,0.0,0.5921787709497207,214490.01197445692,192598.7151703872,4797109.4682178525,200965.1310068248,80,8,8,10,10,108.8125,35.92506045025437,18401.275,27431.50660706671,104.325,254.1216082354114,8346,1173,0
2018-02-28 11:54:00,211,12720.0,1,781.0,17886186.962868117,5.571062740076824,4.256081946222792,302577.0,909114.0,2124885.9473618446,2186078.595836364,58920672.0,0.0,2657814.702970547,1589749.7693211564,81.0,257.0,164.0,2.0,81.0,0.0,0.0,0.0,84.51387487328643,119.1268470412594,0.0,462458.6739551058,0.5403329065300896,333485.571677031,95007.92282140456,7719693.325931491,211221.00295809467,43,7,5,9,9,115.67441860465117,35.94355424712247,24039.74418604651,30906.477744574164,128.51162790697674,278.62967162380886,5526,1173,0
2018-02-28 11:55:00,212,12780.0,1,828.0,16586658.123188406,6.707729468599034,6.741545893719807,957472.0,3688982.0,1209091.1833814264,1586738.4562642777,62445311.0,0.0,1707622.187968424,1459222.8082615584,86.0,276.0,200.0,11.0,86.0,0.0,2.0,0.0,93.2916269949227,129.26209796786472,0.0,0.0,0.5483091787439613,264430.85974279005,43167.050251314926,5326306.446750359,193489.1533996181,71,6,5,8,8,113.26760563380282,19.284307274109004,26545.154929577464,31028.96622312213,154.2394366197183,299.6972979900472,10951,1173,0
2018-02-28 11:56:00,213,12840.0,1,742.0,13987455.241239892,5.412398921832884,4.6873315363881405,330023.0,1285647.0,911498.616480007,1490461.122768127,87938545.0,0.0,1206002.2852973242,1217031.012169169,69.0,221.0,189.0,1.0,69.0,0.0,10.0,0.0,89.08418537291159,127.37293396030068,0.0,0.0,0.5754716981132075,414779.0551886878,356322.4910891738,4746441.779889931,374587.244429634,56,6,6,6,6,112.55357142857143,14.664638535491537,31917.39285714286,29166.812050484914,167.78571428571428,323.7891409423852,9396,1173,0
2018-02-28 11:57:00,214,12900.0,1,1295.0,14786366.85173745,4.918146718146718,4.183783783783784,472563.0,2097245.0,1502553.7278845129,1620873.779602244,59939030.0,0.0,1828257.584292437,1286865.7441526644,108.0,387.0,348.0,14.0,108.0,0.0,24.0,0.0,79.93117221379568,115.7140107527794,0.0,0.0,0.5667953667953668,293362.94328290457,158317.13213188804,5969372.779774735,360574.4989533907,706,12,10,33,33,89.06090651558074,49.262480954732276,4303.122418879056,13359.620293896969,656.07223796034,679.1658142787471,463187,1460,0
2018-02-28 11:58:00,215,12960.0,1,1291.0,11489673.948102249,4.910921766072812,4.152594887683966,532784.0,1713375.0,836784.4451000367,1151948.2458459693,62261203.0,0.0,1059295.850829553,1049789.625495372,104.0,371.0,352.0,13.0,104.0,0.0,24.0,0.0,81.34510660633772,115.6374097761271,0.0,0.0,0.592563903950426,384690.1301500256,206653.58008214575,3543813.5939539806,427557.2672868139,162,8,8,15,15,103.66666666666667,45.102092609589356,11241.104938271605,23537.104891076044,52.117283950617285,185.57516385157797,8443,1173,0
2018-02-28 11:59:00,216,13020.0,1,4222.0,2150940.175746092,1.7534343912837518,1.5343439128375178,305867.0,928232.0,268444.0640446779,304746.320198428,59936626.0,0.0,266227.08328517014,295698.72178293706,97.0,355.0,290.0,8.0,97.0,0.0,33.0,0.0,19.29949668153143,26.60811727588446,0.0,0.0,0.9194694457603032,177939.2972929137,37953.00723502538,883141.1344306376,115912.41263327036,152,7,7,15,15,93.45394736842105,38.330358831560034,7945.58,18941.03839391774,40.23026315789474,157.92065533903963,6115,1173,0
2018-02-28 12:00:00,217,13080.0,1,1717.0,17045156.018054746,5.971461852067559,5.877111240535818,714081.0,5570575.0,1189904.353638442,1514144.0881005495,62474875.0,0.0,1571054.212615278,1132331.9555524315,147.0,451.0,443.0,23.0,147.0,0.0,24.0,0.0,90.6846635390043,122.46176038827876,0.0,0.0,0.6039603960396039,434103.0945133245,67393.96589963823,5364655.580480396,283347.9613186864,36,6,3,6,6,110.13888888888889,28.557863843459774,28751.444444444445,31460.61846040397,151.5,300.67167665554587,5454,1173,0
2018-02-28 12:01:00,218,13140.0,1,1095.0,11361143.771689495,5.448401826484019,5.274885844748859,468028.0,3375208.0,912177.796031679,1330257.0060341323,59936831.0,0.0,1127198.328270764,1204184.9496025902,77.0,286.0,332.0,3.0,77.0,0.0,24.0,0.0,83.71039227922421,117.28383400182092,0.0,0.0,0.6255707762557078,434998.5408650762,73826.05526279919,4134977.862812216,294497.5204089986,54,5,6,7,7,112.5,14.649038863442254,29662.754716981133,31270.845427124943,156.40740740740742,298.044729992279,8446,1173,0
2018-02-28 12:02:00,219,13200.0,1,1073.0,12255756.45386766,5.269338303821063,4.761416589002796,443474.0,1976467.0,901106.6249751212,1192893.4004647362,62017634.0,0.0,1287634.3074588978,1041372.8928079116,61.0,361.0,272.0,8.0,61.0,0.0,8.0,0.0,89.66584909215601,129.88614583019805,0.0,0.0,0.5573159366262814,318836.5410998559,98523.87665775992,3762817.038030324,351583.5395361039,75,5,3,10,10,117.13333333333334,19.62577823096886,22235.905405405407,27641.998206604803,127.16,259.99173791446486,9537,1173,0
2018-02-28 12:03:00,220,13260.0,1,919.0,8042330.501632209,3.989118607181719,2.5527747551686617,261313.0,525034.0,1616357.0538983531,1132190.2857933035,65500197.0,0.0,1653016.946810918,1019135.4705174584,137.0,382.0,195.0,13.0,137.0,0.0,24.0,0.0,61.70069923522905,89.57680962358661,0.0,0.0,0.5038084874863983,417997.48826522665,206740.74708649184,3512247.64064318,316875.0284513407,70,5,5,6,6,113.94285714285714,13.559194660243229,27929.871428571427,31129.675756316105,156.57142857142858,301.27533612519613,10960,1173,0
2018-02-28 12:04:00,221,13320.0,1,1310.0,12391264.495419849,5.023664122137404,4.413740458015267,521236.0,2121655.0,1101657.940902883,1466443.6810514997,62482248.0,0.0,1408677.9353747363,1169702.598760181,127.0,355.0,388.0,4.0,127.0,0.0,24.0,0.0,88.95895049037397,125.99982440101412,0.0,0.0,0.5488549618320611,340513.6640342773,21625.05474742203,4477476.919213995,378156.3068500364,4199,39,37,211,1195,80.7401762324363,55.11987787269409,3726.604592480444,12117.011117676464,179.33793760419147,436.390707739593,753040,1880,0
2018-02-28 12:05:00,222,13380.0,0,564.0,9312021.040780142,4.75,3.4574468085106385,244896.0,481532.0,1568416.3971729537,1323428.0458763908,59937211.0,0.0,1717215.990240162,1395871.878836451,48.0,188.0,174.0,4.0,48.0,0.0,0.0,0.0,83.81156113624876,133.90919562578637,0.0,0.0,0.4716312056737589,508016.4260207791,94327.64251213368,3848221.391084354,204276.67146655475,363,32,32,54,60,112.5068870523416,51.80527535538665,8942.254847645429,20374.432934886936,52.44077134986226,174.88954269841219,19036,1556,0
2018-02-28 12:06:00,223,13440.0,0,628.0,13369286.337579615,6.11624203821656,5.909235668789809,381312.0,1637500.0,2070560.0756339168,1270853.7932220718,58633044.0,0.0,2413830.2032635165,1001404.9009127507,31.0,210.0,225.0,0.0,31.0,0.0,0.0,0.0,102.493075443129,148.94189129375604,0.0,0.0,0.4617834394904458,308353.43935210496,247094.23933235576,4345329.278739626,461602.2260526312,260,32,29,46,46,115.46923076923076,51.13532480997302,9776.742307692308,21987.81245567298,56.253846153846155,171.50284221733727,14626,1173,0
2018-02-28 12:07:00,224,13500.0,0,524.0,8044515.908396946,4.883587786259542,3.116412213740458,224267.0,395824.0,1615879.4348655967,1061926.1550353232,59936870.0,0.0,1831887.5901241149,1058329.9004449802,62.0,213.0,164.0,5.0,62.0,0.0,0.0,0.0,79.31693870038988,124.12200587028188,0.0,132862.1277848028,0.3263358778625954,654231.2098009815,132320.91361413727,3402168.409677886,159352.92183868625,215,24,22,31,31,123.89302325581396,47.156953062359996,10451.953488372093,23128.54886813027,71.71627906976744,188.95301414950612,15419,1173,0
2018-02-28 12:08:00,225,13560.0,0,577.0,11288701.719237436,5.369150779896014,3.8076256499133447,274507.0,460123.0,2276481.5387599864,1471280.5421609285,58645744.0,0.0,2522479.3413232844,1204010.3767143493,57.0,185.0,165.0,0.0,57.0,0.0,24.0,0.0,81.6481898354513,125.33108815637436,26560.99551921506,209620.57426176008,0.3535528596187175,660696.6340747795,213522.76071166203,4473516.757437898,501134.0001023116,132,10,10,13,13,119.08333333333333,28.49241004242086,28777.734848484848,31024.141143511402,157.6060606060606,291.0611215046392,20804,1173,0
2018-02-28 12:09:00,226,13620.0,0,640.0,15475882.2265625,6.53125,6.084375,337392.0,1843148.0,1470552.5406616875,1520419.558979035,65042162.0,0.0,1987005.9253538544,1527779.3147380562,31.0,125.0,220.0,0.0,31.0,0.0,0.0,0.0,115.1896260225911,171.4529726353953,0.0,99896.53731312088,0.553125,364957.5041369204,401105.7615155815,5651414.250299404,277820.0569704367,101,8,7,10,10,128.44554455445544,38.52647797230491,22687.831683168315,29957.624368120145,162.22772277227722,284.5975713595645,16385,1173,0
2018-02-28 12:10:00,227,13680.0,0,1084.0,15172930.729704795,5.737084870848708,5.266605166051661,509939.0,2260040.0,816361.610836635,1277638.6358391966,59626950.0,0.0,1205943.6028800248,970055.979416898,43.0,208.0,355.0,4.0,43.0,0.0,0.0,0.0,104.1921075376071,149.7611110949159,0.0,0.0,0.5894833948339483,235361.31701288707,191235.7720863073,4331717.380365165,243356.6178621308,115,9,7,12,12,122.96521739130435,35.50535675788879,26286.31304347826,30795.344813776475,160.96521739130435,288.85196021475855,18511,1173,0
2018-02-28 12:11:00,228,13740.0,0,880.0,13115748.393181818,6.188636363636364,6.5125,393387.0,4223895.0,1774358.4546124237,1109295.3828319225,59936488.0,0.0,2073598.8375999893,968877.070576931,30.0,224.0,287.0,4.0,30.0,0.0,0.0,0.0,99.74798581874204,151.9478760834867,0.0,0.0,0.4943181818181818,213473.1981193435,197466.7818882217,4597166.430173002,169452.6718904778,101,9,7,14,14,118.18811881188118,24.70575352879856,22546.41584158416,27381.916714966224,133.47524752475246,259.2619368152374,13481,1173,0
2018-02-28 12:12:00,229,13800.0,0,742.0,6997002.845013477,5.632075471698113,5.513477088948787,312696.0,2722279.0,748264.3464355523,951581.4038637074,59665742.0,0.0,834639.2127877265,520346.9335984656,51.0,295.0,182.0,6.0,51.0,0.0,0.0,0.0,89.8679415977403,137.0864922652655,0.0,0.0,0.4541778975741239,350941.3845875922,82174.3791084698,2802334.125691941,104474.112898949,80,7,5,8,8,116.5375,22.714487514315053,29241.475,31257.279183395567,184.675,329.5547734962691,14774,1173,0
2018-02-28 12:13:00,230,13860.0,0,666.0,6354517.75075075,4.771771771771772,3.5705705705705704,302954.0,663345.0,874794.152512434,723475.7255921565,59943599.0,0.0,1061182.407044014,814608.833710468,76.0,291.0,180.0,8.0,76.0,0.0,0.0,0.0,93.4565288896422,142.1111303025494,0.0,0.0,0.3918918918918919,118845.15912276407,109420.96867372152,2313206.5656355903,149566.5520555907,65,5,4,8,8,117.87692307692308,24.294101452505206,29443.5,31382.959068653192,169.7076923076923,307.6572627879177,11031,1173,0
2018-02-28 12:14:00,231,13920.0,0,786.0,15744561.058524173,5.731552162849873,4.7226463104325695,317056.0,1442606.0,1855960.909328787,1502966.535145499,59905788.0,0.0,2228552.1392579987,1014632.8360492948,34.0,152.0,249.0,0.0,34.0,0.0,0.0,0.0,99.95077352829618,146.8775040296533,0.0,0.0,0.5089058524173028,612785.5405705182,110209.9651993147,6013985.706228677,1162148.98306064,149,9,8,13,13,110.22818791946308,20.79732337422331,29013.71140939597,30975.985674236057,158.58389261744966,303.11558094970127,23629,1173,0
2018-02-28 12:15:00,232,13980.0,0,951.0,14154868.427970557,5.398527865404837,4.839116719242902,455532.0,1649569.0,938758.427332156,1375963.0866758388,59936663.0,0.0,1273818.0260389168,1072516.5442100628,44.0,185.0,289.0,6.0,44.0,0.0,0.0,0.0,105.34993374209832,150.47682865254112,0.0,0.0,0.5920084121976866,175767.27485905364,144937.3208060664,4835412.790460981,151593.21353271708,78,8,5,11,11,112.46153846153847,23.469622426088936,25633.79487179487,30336.794478061278,149.92307692307693,284.8825581324205,11694,1173,0
2018-02-28 12:16:00,233,14040.0,0,498.0,8750124.289156627,6.5120481927710845,4.71285140562249,260248.0,651211.0,1211405.3102923485,732741.7652735395,59700000.0,0.0,1325380.2443193148,628744.5434575106,7.0,129.0,181.0,0.0,7.0,0.0,0.0,0.0,101.01655381814638,156.80529575563415,17419.94381364676,36309.28562219431,0.4799196787148594,772378.0947577461,439587.29805755895,2905516.3061792627,58244.872024918135,68,4,4,6,6,113.54411764705883,14.21417604725545,31405.454545454544,31472.85726814423,167.47058823529412,301.88474970940734,11388,1173,0
2018-02-28 12:17:00,234,14100.0,0,833.0,10966873.924369749,4.427370948379352,3.6638655462184873,352280.0,1017166.0,1541371.9468569278,1121997.7751577916,59936637.0,0.0,1792611.986788791,946113.9269385452,60.0,254.0,184.0,2.0,60.0,0.0,0.0,0.0,85.76500643362904,118.13952245081656,0.0,0.0,0.5558223289315727,272539.9551675063,22719.54596127617,4437714.847194587,192474.2753464897,63,5,4,6,6,115.04761904761905,20.870900077526194,29085.20634920635,31146.59744227171,172.22222222222223,312.2212017993759,10850,1173,0
2018-02-28 12:18:00,235,14160.0,0,926.0,11238885.980561554,5.773218142548596,6.206263498920086,381478.0,4169254.0,736472.674330277,809350.2959630055,59642658.0,0.0,989009.8731321556,602170.6715079758,30.0,178.0,246.0,6.0,30.0,0.0,0.0,0.0,105.32285662351296,127.70065211244146,0.0,0.0,0.6447084233261339,367072.7315725287,140658.03053932925,2678581.108067058,154338.56291918753,321,14,11,34,35,167.5109034267913,64.99865892457909,7351.293906810036,18913.63798840597,438.398753894081,627.9857207759128,140726,1460,0
2018-02-28 12:19:00,236,14220.0,0,700.0,15461285.551428571,5.637142857142857,4.784285714285715,303041.0,1171732.0,1567291.8535354512,1599429.166907179,59937681.0,0.0,1964481.117229542,1211310.5948668076,33.0,156.0,215.0,2.0,33.0,0.0,0.0,0.0,95.794509855846,140.8809913150477,0.0,0.0,0.5357142857142857,282778.16314373416,298280.7695900388,6044749.612350822,102579.29140639846,149,10,10,19,19,132.48993288590603,54.21474037237578,24630.42962962963,29217.13336269395,168.90604026845637,516.5438201536674,25167,5350,0
2018-02-28 12:20:00,237,14280.0,0,516.0,7889530.757751938,5.042635658914729,3.691860465116279,250936.0,513378.0,1541938.1084465778,648511.1179532288,56400000.0,0.0,1651799.8735376562,520046.0078792755,30.0,225.0,145.0,4.0,30.0,0.0,0.0,0.0,91.01778018412983,142.19916243351685,0.0,0.0,0.4205426356589147,437395.61353065714,139279.32018891798,2891492.853506871,262103.49325922903,106,8,7,12,12,118.98113207547169,47.799976316406855,23474.82857142857,30442.57735868564,143.10377358490567,548.3118842974451,15169,5203,0
2018-02-28 12:21:00,238,14340.0,0,731.0,9443756.339261286,4.928864569083447,3.94391244870041,297685.0,1007993.0,910229.8174963532,1027842.7058546464,59936637.0,0.0,1165488.6927985009,986110.7514819324,37.0,184.0,196.0,3.0,37.0,0.0,0.0,0.0,95.98833999609822,127.76511070012668,0.0,373976.17284654576,0.5266757865937073,280631.00564970047,275489.3669328818,3396333.397633178,182566.2176930912,147,11,12,21,21,111.40816326530613,35.88867015136444,22556.808823529413,27928.722122048253,108.87755102040816,242.1064777063722,16005,1173,0
2018-02-28 12:22:00,239,14400.0,0,591.0,10140705.639593909,4.95093062605753,3.742808798646362,247193.0,568455.0,1393342.2201686816,1015041.186856178,59022381.0,0.0,1607147.6656822355,643084.2051861786,49.0,179.0,151.0,6.0,49.0,0.0,0.0,0.0,90.6862379274577,128.59947219110947,0.0,0.0,0.455160744500846,312684.990032836,265332.82202274847,4042136.9369891807,429837.997859997,143,8,8,18,18,111.38461538461539,43.05743348770584,23056.52671755725,29915.895276161813,178.2097902097902,332.67792767998384,25484,1430,0
2018-02-28 12:23:00,240,14460.0,0,474.0,9861361.64978903,5.139240506329114,3.940928270042194,248350.0,533174.0,1768420.648096756,1198532.6860517005,59936919.0,0.0,2020827.1285657925,1169669.5142217884,13.0,140.0,155.0,0.0,13.0,0.0,0.0,0.0,103.67074716622952,161.67266203350738,9103.358597598668,36122.31910323384,0.4535864978902953,393470.3211354431,161867.9299225854,4313853.537364531,168920.4219596765,67,7,5,11,11,107.5223880597015,31.533223561034134,24257.059701492537,30647.38737833282,124.16417910447761,272.91949068249346,8319,1173,0
2018-02-28 12:24:00,241,14520.0,0,595.0,9347069.833613446,5.0890756302521005,4.132773109243698,294949.0,726298.0,1124444.2100649388,1168405.065718201,58836462.0,0.0,1361072.6022884897,798252.3320549494,52.0,185.0,189.0,1.0,52.0,0.0,0.0,0.0,102.82127944121294,158.17221628813917,0.0,0.0,0.4571428571428571,418751.4908508114,9418.04044465703,3488103.101500688,136049.0765112234,119,10,10,12,12,111.03361344537815,20.1275310117503,28039.615384615383,30474.480301881464,161.21848739495798,303.62907119651555,19185,1173,0
2018-02-28 12:25:00,242,14580.0,0,469.0,10918785.424307035,5.771855010660981,4.031982942430703,251022.0,477508.0,2255486.571127848,1120653.4060454566,59936802.0,0.0,2505618.151098413,1237970.3060530196,23.0,140.0,144.0,0.0,23.0,0.0,0.0,0.0,98.21950588841706,158.406177889523,0.0,412783.8166116647,0.3283582089552239,790823.0479679873,91544.75298810442,4518316.984134522,188045.7258290107,209,11,11,17,17,112.43062200956938,17.003851941876118,28056.346153846152,30640.156680351785,169.23923444976077,315.71375209348986,35371,1173,0
2018-02-28 12:26:00,243,14640.0,0,507.0,8368711.177514793,6.420118343195266,4.804733727810651,289501.0,533267.0,1407027.6138461,1018871.3011869636,59801282.0,0.0,1574349.5252882438,528445.4863118753,23.0,121.0,181.0,0.0,23.0,0.0,0.0,0.0,102.57948581387514,162.26615817890277,0.0,0.0,0.3747534516765286,544351.1552848746,170767.66586688714,3304197.53342811,262416.2021584589,210,7,7,18,18,114.44285714285714,13.305359981521262,26715.75238095238,30504.502746231585,152.3095238095238,286.9436941996121,31985,1173,0
2018-02-28 12:27:00,244,14700.0,0,2003.0,15101790.382925613,5.0519221168247626,4.7608587119321015,745175.0,3694191.0,626699.8837840513,1360419.6946135992,59937002.0,0.0,1111153.979744247,1119867.1413117098,91.0,270.0,586.0,12.0,91.0,0.0,0.0,0.0,102.17657226923065,142.14961817325596,0.0,0.0,0.6964553170244633,161813.85350296996,160972.87055207408,4745072.808445665,120674.6362656858,85,4,4,6,6,114.84705882352941,12.98121892650791,30674.694117647057,31242.74611086835,181.27058823529413,325.57646268307127,15408,1173,0
2018-02-28 12:28:00,245,14760.0,0,2107.0,10717929.38538206,4.43094447081158,3.953488372093023,686637.0,2940125.0,957540.9783005724,955470.8622588706,78600000.0,0.0,1202428.4131409568,647914.7970115695,78.0,397.0,582.0,16.0,78.0,0.0,0.0,0.0,101.55958212938828,138.45422126129057,0.0,0.0,0.6487897484575226,198271.52543261249,59183.12577131696,3553515.992765564,88695.26692336009,79,7,4,9,9,113.44303797468355,25.904532241528422,29978.666666666668,31359.680994793904,176.86075949367088,311.963990943778,13972,1173,0
2018-02-28 12:29:00,246,14820.0,0,746.0,9587749.33780161,4.550938337801608,3.388739946380697,302326.0,675502.0,1134340.4136501525,1182706.527512919,59936727.0,0.0,1499394.3496360686,1074777.7279818635,36.0,308.0,190.0,6.0,36.0,0.0,0.0,0.0,86.36806397313606,122.70034722054277,0.0,0.0,0.5093833780160858,280435.3068709481,308407.23758655,3438038.9669320416,272079.9123139103,64,5,4,6,6,115.609375,20.00604447351326,30306.359375,31572.70221747331,169.53125,310.4805782720184,10850,1173,0
2018-02-28 12:30:00,247,14880.0,0,754.0,5327387.24005305,4.343501326259947,2.7294429708222814,250163.0,470930.0,675594.0683102101,578592.8466144245,58823889.0,0.0,798012.3818727812,381811.2307645785,123.0,398.0,159.0,16.0,123.0,0.0,0.0,0.0,65.6162904121191,100.08787778683872,0.0,0.0,0.3580901856763925,313651.89992723934,89554.35510772222,1805059.3071693936,64366.94554779234,86,6,6,8,8,113.94186046511628,12.826768563908281,26644.058139534885,30793.282579677572,158.38372093023256,302.88961952207455,13621,1173,0
2018-02-28 12:31:00,248,14940.0,0,942.0,11507090.170912951,4.74203821656051,3.680467091295117,400773.0,943390.0,1464451.984519208,1068341.1476092811,59936771.0,0.0,1776201.4973860858,939465.6851290016,80.0,270.0,242.0,2.0,80.0,0.0,0.0,0.0,84.88477550128323,123.94021332070912,0.0,0.0,0.5371549893842887,341495.8945165962,126065.8123255958,4081283.7306383257,110541.16272172282,973,22,21,152,152,124.42754367934224,67.31521072146089,6842.031377899045,17358.706896006777,204.61048304213773,409.2147822820443,199086,1713,0
2018-02-28 12:32:00,249,15000.0,0,528.0,7387409.503787879,5.083333333333333,4.107954545454546,281745.0,541154.0,898845.7326528943,851769.958770943,58841890.0,0.0,1011933.4946918568,653078.8134699557,17.0,156.0,171.0,0.0,17.0,0.0,0.0,0.0,98.848600050093,151.48349093025303,0.0,0.0,0.4772727272727273,374015.7523326072,6712.241045400149,2670688.060677899,202099.9372054221,323,16,16,42,42,97.87616099071208,50.310373528678156,6118.677740863787,17395.823095956188,179.625386996904,430.13789379276983,58019,1713,0
2018-02-28 12:33:00,250,15060.0,0,663.0,10217096.016591253,5.104072398190045,4.104072398190045,320189.0,768489.0,1168541.369534329,1217842.0199608854,62300000.0,0.0,1422828.0954048175,1130722.2375214072,16.0,149.0,192.0,0.0,16.0,0.0,0.0,0.0,98.73631329058868,142.70685559256546,0.0,144825.1694340951,0.6003016591251885,804721.2788425984,145455.6417253289,3930679.151592266,127712.72987643776,292,20,18,41,40,102.58219178082192,46.928952200424845,7878.649635036496,18942.244380673612,172.86301369863014,411.2025885122001,50476,1713,0
2018-02-28 12:34:00,251,15120.0,0,542.0,8210006.483394834,5.095940959409594,4.127306273062731,263310.0,874890.0,1829096.817100619,686058.0247387069,58400000.0,0.0,1894019.9414360607,479076.7409181664,31.0,159.0,163.0,0.0,31.0,0.0,0.0,0.0,104.35484081216512,150.56158955982252,0.0,176845.0731271204,0.488929889298893,297181.01750370726,214732.72124244407,3398855.981857319,195009.02891944267,234,16,16,24,24,106.62820512820512,45.710727596106665,13644.472727272727,24392.13600113533,234.7094017094017,464.923087641341,54922,1713,0
2018-02-28 12:35:00,252,15180.0,0,906.0,14717918.685430463,5.568432671081678,5.072847682119205,381857.0,1689530.0,1130570.273359903,1306594.4538797815,59937074.0,0.0,1532264.3549641876,1124509.2625631844,36.0,190.0,296.0,4.0,36.0,0.0,0.0,0.0,108.38234966966634,161.58003634635168,0.0,0.0,0.6412803532008831,544471.86082427,141489.40604745835,4179425.6060022367,360445.7789844351,177,5,5,24,24,110.54237288135593,54.28627464462806,17733.926174496642,26260.97928102773,272.0,502.0291099853944,48144,1713,0
2018-02-28 12:36:00,253,15240.0,0,783.0,9333048.020434229,4.952745849297574,4.657726692209451,349014.0,1483598.0,1041407.2840603888,1122688.778698837,59600000.0,0.0,1286647.248608036,599784.3039191915,25.0,206.0,251.0,0.0,25.0,0.0,0.0,0.0,104.68769748489808,151.99737034056565,0.0,0.0,0.5951468710089399,190948.57564801088,75336.81646180489,4505959.922794171,217348.94606272693,167,6,6,19,19,110.08982035928143,54.27172002568048,16883.340425531915,25994.774054971072,299.1976047904192,516.577584178946,49966,1713,0
2018-02-28 12:37:00,254,15300.0,0,549.0,10969487.142076503,5.380692167577413,4.1256830601092895,293325.0,625248.0,2014592.7838659708,1397474.6300325473,59936771.0,0.0,2255287.313419461,941086.7983799056,40.0,191.0,168.0,4.0,40.0,0.0,0.0,0.0,96.0800241217774,145.82496225177832,0.0,176782.94500214103,0.4335154826958106,401682.2511011222,281877.8468703495,4382191.928485991,329110.04530802567,223,8,9,22,22,108.50224215246637,43.248795685931434,19006.117647058825,27260.520943919513,254.22421524663676,472.02675327504153,56692,1713,0
2018-02-28 12:38:00,255,15360.0,0,605.0,6914158.636363637,5.532231404958678,4.213223140495868,743539.0,648673.0,1270462.0837277477,989219.5997299616,62665223.0,0.0,1469444.965168551,506820.5203686567,46.0,180.0,175.0,0.0,46.0,0.0,0.0,0.0,98.05829042856776,147.47784103769587,0.0,0.0,0.512396694214876,343824.6540796269,197556.10643881917,3006291.6819203105,258215.8114863236,167,8,7,18,18,108.50898203592814,48.164860993256035,20248.417218543047,27237.16000328904,281.0239520958084,505.1171992369788,46931,1713,0
2018-02-28 12:39:00,256,15420.0,0,478.0,12146670.253138077,9.292887029288703,6.412133891213389,355586.0,564249.0,2821766.6260311413,1800270.557122982,60501371.0,0.0,3565213.1392397587,2017036.518198897,45.0,150.0,153.0,0.0,45.0,0.0,0.0,0.0,109.46774844535794,170.25702603703388,0.0,0.0,0.407949790794979,456547.0517149131,305807.86422556976,5393717.248271776,314949.2655361576,163,7,6,16,16,105.68098159509202,47.43998229361156,16871.375838926175,26049.00284014532,287.06134969325154,509.4446830636969,46791,1713,0
2018-02-28 12:40:00,257,15480.0,0,549.0,6600882.675774135,6.14207650273224,4.46448087431694,745272.0,756080.0,1370992.2474300296,923690.9706078392,58230293.0,0.0,1412457.52473559,466634.76569115935,17.0,152.0,170.0,0.0,17.0,0.0,0.0,0.0,106.17084983808545,163.56218156845028,17481.077875167346,45733.34327906599,0.4735883424408014,345791.7132882298,319827.17573975853,3193455.881667968,198298.68529750087,117,8,7,12,12,113.71794871794872,18.399703030702355,25008.264957264957,28879.26403309104,137.008547008547,282.3629510633706,16030,1173,0
2018-02-28 12:41:00,258,15540.0,0,1001.0,15033605.927072927,7.591408591408592,9.164835164835164,548522.0,7700531.0,744511.2465628864,1477287.128578575,88167720.0,0.0,1180351.0030170889,1192608.5348946147,35.0,153.0,291.0,2.0,35.0,0.0,0.0,0.0,107.41711634152529,146.66053578723137,0.0,0.0,0.6423576423576424,269062.7067848169,48552.32928255153,5348238.379471986,160458.71339643924,98,6,5,8,7,107.74489795918367,25.08308306757858,28482.744897959183,31199.824439867956,166.3265306122449,307.8043887976534,16300,1173,0
2018-02-28 12:42:00,259,15600.0,0,503.0,11744706.562624255,5.606361829025845,4.548707753479126,219028.0,1100177.0,2521647.770280629,829345.7975879262,59000000.0,0.0,2643038.0098188277,582119.9050866521,11.0,128.0,158.0,4.0,11.0,0.0,0.0,0.0,102.68931521222544,154.17462091249902,0.0,0.0,0.4115308151093439,754450.0110499467,156731.33148848047,4490657.323734243,213845.65040025007,91,6,6,9,9,112.10989010989012,14.50628258487454,22165.30769230769,28627.26093805317,143.35164835164835,289.00135999781395,13045,1173,0
2018-02-28 12:43:00,260,15660.0,0,1470.0,14304492.568707485,5.181632653061224,5.075510204081633,506636.0,3264064.0,740423.5776076027,1234006.8655310208,59936360.0,0.0,1153284.0751045635,1075227.7452184665,56.0,300.0,428.0,3.0,56.0,0.0,0.0,0.0,95.11409662864824,130.92283848331968,0.0,340727.59084725333,0.6510204081632653,137099.9785435904,92445.70743789231,3830981.159482148,205098.8467103253,172,11,10,17,16,112.95930232558139,16.764749134582704,26664.83625730994,29696.378046668877,143.68023255813952,285.69191082537964,24713,1173,0
2018-02-28 12:44:00,261,15720.0,0,539.0,5427036.47309833,4.467532467532467,3.059369202226345,227908.0,502692.0,1065810.7444536951,657543.7137498055,58600000.0,0.0,1124741.0343977748,360546.424901385,48.0,237.0,123.0,6.0,48.0,0.0,0.0,0.0,88.00118061787198,131.0885076646436,0.0,0.0,0.4675324675324675,332204.5290131637,331625.44806768367,2453756.3094310453,140739.96958386348,43,6,4,6,5,110.34883720930233,21.995544701392678,29231.95348837209,31073.80080661543,188.25581395348837,324.94696219414436,8095,1173,0
2018-02-28 12:45:00,262,15780.0,0,766.0,12353238.578328982,17.130548302872064,29.513054830287206,326696.0,28976241.0,1683583.775048012,1250148.6143564838,59936379.0,0.0,2014609.0620585245,1121332.9039879355,37.0,284.0,200.0,5.0,37.0,0.0,0.0,0.0,96.90446563273498,138.40391516234413,0.0,0.0,0.5404699738903395,280833.81091265724,309153.18687848194,4613282.968059775,203892.84129315225,15285,24,23,85,85,75.35276414785737,43.72082711194046,3119.117837124959,5890.378507009919,930.250376185803,692.3483819922302,14218877,1460,0
2018-02-28 12:46:00,263,15840.0,0,533.0,8185346.885553471,4.780487804878049,3.5178236397748592,234455.0,585337.0,844823.9310086967,844616.2516011259,58800000.0,0.0,1053308.4752293506,599575.8117148206,40.0,206.0,137.0,11.0,40.0,0.0,0.0,0.0,97.32203315582214,141.9476529427587,0.0,0.0,0.5121951219512195,361490.31789124233,283102.4403563023,2923302.3656988624,139956.3158046721,191,16,15,26,26,102.32460732984293,45.55377818668655,11442.12972972973,23289.80338101971,59.04188481675393,180.84136207303015,11277,1173,0
2018-02-28 12:47:00,264,15900.0,0,374.0,10157647.673796792,5.58288770053476,3.852941176470588,177090.0,375947.0,1604945.463598254,1516107.295199518,59936486.0,0.0,2156287.7366405264,1788580.4092527805,27.0,156.0,87.0,0.0,27.0,0.0,0.0,0.0,89.45379940202541,139.11940844233476,52421.87436727187,504546.683132667,0.4759358288770053,773348.2256684492,31791.816703779776,4341596.733021391,319444.61490930605,210,18,17,29,29,104.4047619047619,39.18112737997728,14168.747619047619,24440.132579537636,67.78095238095239,186.5815101303814,14234,1173,0
2018-02-28 12:48:00,265,15960.0,0,1322.0,13107217.270045388,4.42965204236006,4.2670196671709535,324104.0,2902783.0,1237257.436717088,1026440.7420673192,59000490.0,0.0,1626876.348605323,835545.4454371318,26.0,201.0,305.0,2.0,26.0,0.0,0.0,0.0,83.91991333564833,102.19994543063184,0.0,0.0,0.7095310136157338,234825.7926948809,103185.02432540397,3380364.5678552766,112279.0468669074,33,3,3,3,3,115.9090909090909,10.539697684123928,27554.484848484848,31398.34967311301,165.3939393939394,310.7117775561802,5458,1173,0
2018-02-28 12:49:00,266,16020.0,0,571.0,13014737.686514886,5.502626970227671,5.490367775831874,223069.0,1806802.0,1424052.2225515472,1605223.1522677613,59936467.0,0.0,2164430.364513601,1865440.9439642075,29.0,139.0,126.0,4.0,29.0,0.0,0.0,0.0,91.6216783768366,124.67768109072118,0.0,0.0,0.5709281961471103,309763.2859593304,229851.72640044635,5269595.974942912,244528.76075648455,176,11,12,24,24,124.0909090909091,40.611226136521516,26542.83435582822,29399.097817110764,155.2215909090909,302.4787724117847,27319,1460,0
2018-02-28 12:50:00,267,16080.0,0,942.0,9572558.082802547,4.082802547770701,3.5605095541401277,287074.0,1306579.0,1067503.251892175,939660.1602567438,58839420.0,0.0,1343097.7553118458,746562.6769918918,25.0,205.0,201.0,3.0,25.0,0.0,0.0,0.0,83.64710178216157,108.25570867418884,0.0,83197.50033751593,0.6900212314225053,312216.7863320024,115350.86895569724,3515716.9429553407,138939.3605173084,115,11,10,16,16,120.13913043478261,37.83108509198782,24257.40707964602,28160.270604687645,104.7304347826087,244.89698234224042,12044,1173,0
2018-02-28 12:51:00,268,16140.0,0,655.0,14133198.374045802,4.891603053435115,3.8274809160305354,217058.0,916683.0,1614978.363531527,1473633.2724500285,59936346.0,0.0,2096160.3335183116,1402035.4431917851,45.0,185.0,140.0,6.0,45.0,0.0,0.0,0.0,91.68019074695222,118.50809227900656,0.0,445338.76637569,0.5190839694656488,223054.3490030761,211975.6820857668,5418542.112146642,206151.05855635315,22,5,5,7,7,73.0909090909091,73.4671349204521,331.8333333333333,218.6715400417769,31.227272727272727,90.27942433840869,687,315,0
2018-02-28 12:52:00,269,16200.0,0,415.0,10902449.913253011,4.602409638554217,3.2048192771084336,161149.0,362324.0,1849077.793459176,1499514.726248376,59200000.0,0.0,2524858.3095871587,1509168.2060460693,22.0,145.0,86.0,3.0,22.0,0.0,0.0,0.0,86.06616492099735,118.78426970372097,0.0,319125.2574521824,0.4987951807228916,415123.0337987411,461603.3835065654,4730366.349882146,191928.3864754424,73,6,5,14,14,110.94520547945206,59.465650778635535,14252.262295081968,23711.99164550969,159.12328767123287,330.9660500046912,11616,1430,0
2018-02-28 12:53:00,270,16260.0,0,332.0,14710629.081325302,5.1897590361445785,3.533132530120482,130708.0,277593.0,2780848.0599544155,1982314.0923742687,81922485.0,0.0,3336909.868551319,2189715.9833152047,44.0,151.0,63.0,10.0,44.0,0.0,0.0,0.0,76.28449139844186,116.2199786360729,0.0,1060758.90196283,0.4006024096385542,554121.5811881708,362073.481154111,6769623.46393839,435170.6345424432,105,7,6,11,11,112.8,25.500527898004837,26639.30476190476,30999.765292884393,141.93333333333334,292.36549394769906,14903,1173,0
2018-02-28 12:54:00,271,16320.0,0,470.0,11904914.612765957,5.238297872340426,3.7148936170212767,180337.0,612191.0,2061075.7169946944,1248743.7219295776,58900000.0,0.0,2630499.1119176587,1279792.0019585572,24.0,144.0,103.0,0.0,24.0,0.0,0.0,0.0,80.48037439339299,117.03882375784448,0.0,33467.00835902906,0.4595744680851064,544823.1532044474,485724.49806724174,4556405.198731307,217300.0506897798,110,12,10,14,13,115.85454545454546,23.172205892799276,24916.245454545453,30528.84816224666,150.96363636363637,294.05840795564376,16606,1173,0
2018-02-28 12:55:00,272,16380.0,0,905.0,18088666.634254143,5.499447513812155,5.264088397790055,352559.0,1967863.0,1388628.0358927124,1696075.8873129855,119000000.0,0.0,2050615.9251361089,1657298.2331628776,50.0,187.0,264.0,4.0,50.0,0.0,0.0,0.0,105.38940367142,149.749051678737,0.0,0.0,0.6022099447513812,133538.5725516193,142419.63816258445,5971538.999609313,277431.9698642992,46,5,5,9,10,117.71739130434783,23.580277110310508,12480.130434782608,23965.568501135305,82.19565217391305,198.64492269879358,3781,1173,0
2018-02-28 12:56:00,273,16440.0,0,385.0,14357842.363636363,5.815584415584415,3.896103896103896,182953.0,427315.0,3037967.137208593,1241654.096405228,59647791.0,0.0,3348635.857017106,984365.397585528,5.0,105.0,102.0,0.0,5.0,0.0,0.0,0.0,101.7920851142439,160.52821561173894,0.0,38439.76287953445,0.4571428571428571,1065282.6851014472,481906.2370886897,5553619.759655456,262007.36041046315,81,7,7,8,8,111.98765432098766,15.288471005271008,29363.58024691358,30903.791100310085,168.40740740740742,309.86375142059524,13641,1173,0
2018-02-28 12:57:00,274,16500.0,0,360.0,13548462.997222222,5.258333333333334,4.0777777777777775,161594.0,342206.0,2279095.873972157,2056191.6219466145,59936554.0,0.0,3309304.7879100195,2679985.970531416,19.0,161.0,75.0,0.0,19.0,0.0,0.0,0.0,81.79629934902361,129.15773054975168,0.0,88565.08227837963,0.475,471036.37175925,22589.13504440388,5882334.214317172,290009.030900041,61,4,3,6,6,119.81967213114754,17.366162689476827,29809.016393442624,31367.125011436103,177.672131147541,315.75416182590925,10838,1173,0
2018-02-28 12:58:00,275,16560.0,0,923.0,12123517.498374864,4.520043336944745,3.972914409534128,263927.0,1805659.0,710846.6511507226,1306533.4527508414,59000000.0,0.0,1090591.7103526893,930383.5776539166,83.0,229.0,184.0,6.0,83.0,0.0,0.0,0.0,87.98398543370628,116.97940550694388,0.0,0.0,0.6348862405200434,292827.2039947656,87509.3832657717,4619364.724127846,329533.7377180027,1989,39,38,217,217,144.7400703871292,72.63043015501204,3621.596415327565,12166.949664386711,395.6184012066365,590.6678565691225,786885,1460,0
2018-02-28 12:59:00,276,16620.0,0,359.0,21744908.18941504,5.9665738161559885,4.401114206128134,172470.0,391332.0,4150081.2777737314,2349781.439459258,59936349.0,0.0,5227729.51908592,2831257.2700530654,11.0,88.0,93.0,2.0,11.0,0.0,0.0,0.0,96.51022560199276,145.64871865286713,19651.221396779376,40087.535149421696,0.4401114206128134,531315.6799479927,511782.22809324384,8624466.332284352,352989.99485118245,316,38,35,49,50,115.17088607594937,55.78373126188397,9283.338607594937,20473.83108671947,61.971518987341774,204.85024141669686,19583,1556,0
