window,flow_count,flow_duration_mean,fwd_packets_mean,bwd_packets_mean,fwd_bytes_sum,bwd_bytes_sum,flow_iat_mean,flow_iat_std,flow_iat_max,flow_iat_min,fwd_iat_mean,bwd_iat_mean,syn_count,ack_count,rst_count,fin_count,psh_fwd_count,psh_bwd_count,urg_fwd_count,urg_bwd_count,packet_length_mean,packet_length_std,packets_per_second,bytes_per_second,down_up_ratio,active_mean,active_std,idle_mean,idle_std,infiltration_label,packet_count,unique_src_ips,unique_dst_ips,unique_src_ports,unique_dst_ports,ttl_mean,ttl_std,tcp_window_mean,tcp_window_std,payload_mean,payload_sum,payload_max,fragmented_packets,window_start_sec
0,356,9018930.676966293,5.379213483146067,3.6713483146067416,162763,342800,1378545.9622955986,1217681.353553466,56320408,0,1830619.0803607977,1270965.7807566759,10,123,84,0,10,0,0,0,85.0530479637955,137.60573013015676,,26928.583183088424,0.39325842696629215,751181.1464956395,348666.33389538474,4017583.317335474,424130.2415513839,0,92.0,8.0,7.0,16.0,17.0,114.28260869565217,27.44678210765296,9463.701149425287,17599.805878365853,186.05434782608697,17117.0,1460.0,0.0,0
1,549,9899782.426229509,5.049180327868853,5.063752276867031,223261,1621633,1294712.870471869,1217702.1202842998,59936525,0,1629853.4030736827,1278972.5476833677,80,227,106,4,80,0,0,0,85.99321682834172,118.70294944224936,,,0.43169398907103823,347686.14908639784,26996.93120663281,3903501.4445835953,358155.569900328,0,124.0,10.0,9.0,17.0,17.0,116.31451612903226,24.464132343262882,14365.125,25509.854239496926,974.9354838709677,120892.0,32120.0,0.0,60
2,1438,17495980.80319889,5.212795549374131,4.748956884561892,564694,2387136,1278639.275300527,1529193.2680736794,59000000,0,1806740.4330565897,1227615.7061827763,57,269,413,6,57,0,0,0,101.97708461273568,146.5680126305082,,,0.6557719054242003,207504.00115486167,179206.48177833256,5795109.9970358405,150895.28216801735,0,223.0,10.0,8.0,29.0,30.0,172.542600896861,72.10125966622996,1701.0578947368422,5513.807744489408,579.8520179372198,129307.0,1460.0,0.0,120
3,685,17850666.848175183,6.211678832116788,5.957664233576643,320035,1927856,1102665.104238527,1758216.0191161253,59936460,0,1608738.3443425973,1558013.3081775308,30,176,199,4,30,0,0,0,101.02803365940234,146.84509124030293,,,0.5824817518248175,401010.54523352574,172857.45318338604,6197070.650696001,355697.77734451066,0,976.0,15.0,14.0,58.0,58.0,91.87807377049181,59.284697647518065,2496.3810043668122,9595.258450747648,601.109631147541,586683.0,1460.0,0.0,180
4,1413,13988517.36022647,4.438782731776362,3.930644019815994,384026,1876257,833904.9421874586,1447604.3371960332,59000000,0,1238922.1709536242,938323.6287364952,127,332,316,6,127,0,0,0,81.59543070067403,110.52286262547976,,,0.6334041047416844,199097.56081685663,55794.80958128214,5117893.28927837,120101.8278982645,0,588.0,25.0,24.0,55.0,57.0,99.90136054421768,57.525733504072264,7072.056880733945,18225.274706799428,364.90816326530614,214566.0,1460.0,0.0,240
5,445,11572773.696629213,5.197752808988764,3.2651685393258427,186018,337749,2395226.8170672753,1195582.5483045923,59936415,0,2674770.059426115,1203109.2880829105,61,212,99,8,61,0,0,0,73.07953837355798,114.8256011725856,,120113.96567168144,0.36179775280898874,725383.2431870209,342864.24717523356,4673455.235233231,373707.107942615,0,273.0,23.0,25.0,37.0,37.0,116.63003663003663,56.06474833840472,9450.181451612903,20098.567500350167,138.34798534798534,37769.0,1460.0,0.0,300
6,552,7362444.219202898,5.244565217391305,4.09963768115942,305467,617960,958691.7996524421,926539.4614442157,58400000,0,1130531.1645631595,657146.4826938186,29,205,177,4,29,0,0,0,100.1355442240924,161.58156203765995,,173769.84591747573,0.4746376811594203,279438.31643271475,227094.5671339274,2877779.344844015,243537.04073066064,0,120.0,13.0,15.0,22.0,22.0,100.81666666666666,44.93730148135032,6967.089285714285,17625.265327529974,193.26666666666668,23192.0,1460.0,0.0,360
7,652,5468331.455521473,4.855828220858895,3.2576687116564416,273504,588197,1048777.9645595495,755942.278218823,59936383,0,1179581.6140792437,698530.0785256457,101,287,179,8,101,0,0,0,88.98105972386381,135.62813959876735,,771053.1794877845,0.4003067484662577,489974.8499488242,247883.88623033234,2639039.2264826177,212643.2220870453,0,169.0,17.0,16.0,24.0,24.0,108.80473372781066,28.804612334557696,11005.017964071856,21590.46045912464,183.4023668639053,30995.0,1460.0,0.0,420
8,1151,16847767.181581233,6.119026933101651,5.816681146828844,1020195,3046102,1115260.4001491505,1346858.5920286858,59242081,0,1491947.3938041497,999554.5562251603,43,159,382,0,43,0,0,0,110.67644818361121,153.7457298733292,7347.572537742306,155630.54679051373,0.6394439617723718,151456.13750944205,99181.64919499168,5239106.290477793,217977.0467927564,0,86.0,8.0,8.0,16.0,17.0,150.3953488372093,82.26603602942424,2879.7042253521126,5530.494032167383,90.4186046511628,7776.0,711.0,0.0,480
9,605,8545700.940495867,6.011570247933884,5.019834710743802,349366,909402,1187353.1768388578,883291.1673469748,59936402,0,1381721.3438197598,907100.1604991233,9,122,229,0,9,0,0,0,109.16549770977188,174.24457389969075,,,0.47603305785123967,365486.946005428,326647.3726884667,3067178.9777210616,258965.18069800592,0,75.0,7.0,7.0,16.0,15.0,110.72,37.148554953525924,7092.907692307693,10821.187388237307,246.62666666666667,18497.0,1460.0,0.0,540
10,1337,14844871.763649963,6.43455497382199,7.385938668661182,828545,7477715,1150122.1708327332,1161286.6177829825,59109659,0,1569254.9007006425,854533.9428868094,39,256,406,5,39,0,0,0,116.71424884902932,148.68161398243396,,,0.6664173522812267,233360.4543040014,80901.44559900198,4220831.867204129,133225.64800741448,0,34.0,6.0,5.0,10.0,10.0,149.52941176470588,58.65060143023549,5210.0625,12243.213422104245,172.58823529411765,5868.0,1460.0,0.0,600
11,794,9764234.340050377,5.105793450881612,4.2430730478589425,309196,1127766,1357974.125573605,1070689.9847017522,59936356,0,1619755.0440131149,918037.8827863227,94,272,230,18,94,0,0,0,85.96317691997014,135.36178545299168,,216347.13157206523,0.48614609571788414,179339.09582280437,12508.81967796612,4464075.612721929,115941.60435792596,0,186.0,12.0,9.0,23.0,25.0,155.65591397849462,62.178730112067406,14136.782608695652,24492.844809668706,139.41397849462365,25931.0,3221.0,0.0,660
12,1353,13591732.462675536,5.09830007390983,4.986696230598669,545183,3141530,803646.7414173458,1353008.1285977669,85482437,0,1132279.1689660214,1052088.699583378,51,243,357,0,51,0,0,0,97.33729985949556,131.11366446170206,,,0.6977087952697709,300700.63587299164,187871.5511062987,4732534.470413705,227722.8769260842,0,89.0,9.0,9.0,13.0,13.0,124.25842696629213,34.22536542400296,19985.393258426968,28357.51200724982,200.59550561797752,17853.0,1460.0,0.0,720
13,645,9435989.227906976,4.863565891472868,4.068217054263566,251540,944385,2135966.5732364664,826299.2052427232,59936424,0,2293555.4033569195,853235.016796592,49,185,173,3,49,0,0,0,87.7132346687214,127.21538046299052,,,0.5472868217054263,338770.0963659798,64829.574812971885,4008191.8086024434,83303.53776437735,0,68.0,8.0,4.0,13.0,14.0,151.10294117647058,60.41748775844016,5811.911764705882,7498.260697297451,45.705882352941174,3108.0,488.0,0.0,780
14,983,9773747.975584945,4.682604272634792,3.7416073245167856,441346,1144895,774241.4767023022,1138688.2815108823,113345206,0,1046652.8575227726,861531.3678805333,54,282,266,1,54,0,0,0,93.27717834033498,134.3087559802944,,534415.7091468766,0.6093591047812817,409937.37268741766,167442.5415166639,3639468.3002280015,277907.70062620135,0,65.0,6.0,6.0,12.0,12.0,124.12307692307692,41.43085644039495,31207.85714285714,30676.630809165523,82.8,5382.0,1173.0,0.0,840
15,999,8603468.876876878,4.40940940940941,3.7027027027027026,329843,1209494,744720.3578659522,832217.4380720792,59936344,0,993422.7988777971,752936.5587090965,79,277,275,6,79,0,0,0,90.73139458547688,128.80112024034594,,,0.5835835835835835,118790.48273817654,89645.34497751547,2642408.8804802643,66861.83477706497,0,155.0,11.0,10.0,21.0,21.0,127.32903225806452,57.88895658510298,9409.793548387097,17475.443772934555,70.30322580645161,10897.0,1173.0,0.0,900
16,1104,16063687.750905797,5.213768115942029,4.440217391304348,451138,1627329,1395459.1150353614,1367879.4126487586,59000000,0,1800363.116776404,1094845.0602137824,56,215,344,2,56,0,0,0,99.55476697567981,146.32818565669174,,,0.6485507246376812,450539.65348225064,100782.10593169634,4994569.4125510035,205334.80104240763,0,38.0,6.0,5.0,9.0,9.0,128.28947368421052,57.06227413488912,17705.57894736842,26346.241038238266,81.42105263157895,3094.0,1173.0,0.0,960
17,925,8561440.844324324,4.161081081081081,3.6324324324324326,283001,998126,608365.4606589661,906785.6154140952,59936409,0,851832.2141730024,794709.6535924468,40,194,210,4,40,0,0,0,81.87340559582303,111.10448776625785,,,0.6389189189189189,114839.71744235628,111170.56464286937,3115634.214900938,160172.10585622303,0,299.0,8.0,7.0,22.0,22.0,114.9933110367893,23.682745582577745,24448.628762541804,30234.24167358073,132.1103678929766,39501.0,1179.0,0.0,1020
18,1174,13886053.504258944,4.965928449744464,4.3645655877342415,487941,1636027,868157.2400173474,1244491.3992344863,61400000,0,1310107.2521440338,1042033.8163640895,35,255,321,4,35,0,0,0,85.72931159808527,119.23479579830484,,,0.645655877342419,387207.1472145866,126355.39412286103,3614429.33016535,151450.27876657207,0,584.0,14.0,13.0,50.0,54.0,123.57534246575342,41.07276488526076,23494.097173144877,28926.290744704518,133.16438356164383,77768.0,5805.0,0.0,1080
19,623,9202577.686998395,4.778491171749598,3.5858747993579456,257655,548207,1924965.3963724538,1011866.8475193166,59936502,0,2111927.869627353,785217.5106726431,55,230,169,5,55,0,0,0,78.7906793940703,119.36219178632055,,613499.1649884618,0.4333868378812199,172961.76710988765,35424.503051964406,3833511.586249331,182088.6093398228,0,480.0,13.0,15.0,41.0,56.0,112.69583333333334,32.34868715868924,22946.124463519314,29391.384624910417,127.74375,61317.0,3683.0,0.0,1140
20,957,11915752.094043886,5.409613375130617,4.458725182863114,1032221,1271054,774834.5067848864,1050765.4907667285,59000000,0,1099877.5264708432,839011.3618901375,74,261,220,5,74,0,0,0,89.27520339779268,125.01278093253113,,,0.619644723092999,297593.0919776922,198070.86270919646,3597608.7970867837,320235.22857556754,0,453.0,10.0,9.0,29.0,44.0,114.96247240618102,21.13046086043957,24624.929046563193,30390.888494625025,127.79028697571744,57889.0,1179.0,0.0,1200
21,941,16477876.520722635,5.988310308182784,5.239107332624867,462570,1353419,1184450.4086004302,1597323.3811777753,68679446,0,1669550.520636347,1325940.8289938858,51,157,287,4,51,0,0,0,96.68452063329947,132.3894471358251,,,0.6014877789585548,285108.82781012595,48810.46259982373,5697077.960473352,244729.9500117324,0,557.0,14.0,13.0,43.0,57.0,116.71992818671454,24.999867222565655,21271.787155963302,29146.06700485801,214.34649910233392,119391.0,4901.0,0.0,1260
22,723,11583719.883817427,5.676348547717843,5.240663900414938,393099,2056422,1329214.4358040246,1093009.3195118695,59000000,0,1579636.3400766866,644020.7218036547,37,212,208,2,37,0,0,0,111.43754339745159,144.76211871446722,,,0.5408022130013831,282593.94421535113,97986.56840835605,4127321.8763301554,100535.26812087584,0,772.0,10.0,9.0,30.0,44.0,111.78238341968913,19.132666750450586,12059.241514360314,23901.125362799572,644.8290155440415,497808.0,3333.0,0.0,1320
23,824,11629969.616504854,5.099514563106796,4.281553398058253,371270,1026266,981670.6136683287,1308707.579840823,59936620,0,1267005.448110429,1100341.6278973792,101,296,219,6,101,0,0,0,86.9125953907034,127.905597012421,,,0.5206310679611651,400318.3451011507,75245.35744818217,4508753.5232268,173241.92680018494,0,3086.0,10.0,10.0,34.0,49.0,109.84219053791315,14.48325637864802,4475.719338092148,13745.813117799431,1079.2725210628646,3330635.0,1460.0,0.0,1380
24,771,10695658.402075227,5.040207522697795,4.274967574578469,358914,1283680,1349496.6400675063,980193.729074414,82242010,0,1639908.6363100226,688764.7844250825,68,224,212,2,68,0,0,0,87.98395250831724,126.03367913098639,,,0.5188067444876784,646563.2147232392,34497.32009957197,3519608.3436059807,403992.401312831,0,440.0,12.0,9.0,31.0,48.0,114.7090909090909,21.84657433341924,22635.899543378997,29424.373564217753,142.23181818181817,62582.0,1460.0,0.0,1440
25,1115,14627188.097757848,5.185650224215246,5.758744394618834,568997,3189292,1151242.0740799524,1422545.7317241982,59936400,0,1570875.555156024,1020755.4183346845,46,199,285,5,46,0,0,0,99.84961061779507,130.62681201514152,,166972.65373946112,0.6968609865470852,279104.42188070767,202480.70969486661,5114937.600898192,146819.6255602664,0,516.0,11.0,13.0,42.0,57.0,118.30232558139535,35.109505177436915,20965.898203592813,28918.3839367904,144.62209302325581,74625.0,1460.0,0.0,1500
26,746,13665284.934316354,6.201072386058981,6.064343163538874,431014,1882517,969604.3909353793,1210056.1367899852,72100000,0,1318837.2268237474,895590.6310596543,59,209,230,6,59,0,0,0,104.22339414192668,159.4411455857138,,256387.52410265856,0.5898123324396782,390616.6217674067,237000.31268800283,4521256.208032897,305479.0006286929,0,490.0,8.0,7.0,39.0,52.0,130.0122448979592,46.49669439908767,18190.485655737706,27240.152719101225,123.04285714285714,60291.0,2565.0,0.0,1560
27,860,17311186.547674417,5.910465116279069,5.826744186046511,477129,2377857,1713509.3608861475,1370657.7313458335,59936459,0,2108954.4145830236,1047642.2354872682,33,186,214,6,33,0,0,0,100.34551379951047,133.660806111025,,104820.4226451143,0.6453488372093024,496019.75448055955,315583.2426789231,5303274.813207006,401374.77613858215,0,418.0,10.0,9.0,28.0,43.0,115.28708133971291,22.429829307864527,22674.86778846154,29846.37713324798,318.9665071770335,133328.0,30660.0,0.0,1620
28,766,9915620.464751959,4.7558746736292425,4.043080939947781,350869,1015655,906099.4889818131,1181992.857790476,69325125,0,1294579.2999871972,878451.4638486233,88,256,197,13,88,0,0,0,87.1999085177171,130.90270266177075,,247455.84062003344,0.5065274151436031,655305.2526913908,70997.52176176978,3854817.9236608027,202776.42553748895,0,490.0,14.0,12.0,36.0,51.0,118.17959183673469,29.2891304307119,22873.588114754097,29376.163453885994,137.74897959183673,67497.0,1460.0,0.0,1680
29,1369,13963554.241782323,5.45799853907962,4.870708546384222,638860,2072036,703477.0472206328,1398886.2220379873,59936345,0,1128698.2873257336,1095166.4689289508,100,320,369,2,100,0,0,0,89.03273790881191,127.69195412320629,,193749.51180578052,0.5997078159240321,400554.33858687925,166573.27202047795,4700314.6510906285,280498.1171651446,0,399.0,8.0,9.0,32.0,45.0,114.02255639097744,25.45568604933708,22509.066838046274,29681.911730635053,132.062656641604,52693.0,1460.0,0.0,1740
30,1958,15789502.245148111,5.469867211440246,5.449438202247191,1313663,4742772,1094039.9714116906,1345810.4255083425,88847323,0,1529073.2664672951,941385.0418300591,83,353,565,12,83,0,0,0,105.76384883381878,148.06561645641202,,,0.6716036772216547,134661.9126305738,91333.59635239908,5001972.94818177,296936.6730227728,0,391.0,5.0,4.0,24.0,37.0,114.77493606138107,21.6999464948768,23010.355498721226,29485.61927168624,132.3222506393862,51738.0,1179.0,0.0,1800
31,941,13796008.643995749,5.405951115834219,4.804463336875664,525001,1141146,912493.4851248466,1399108.5776964205,59936503,0,1311790.6282902549,1113039.6716651646,72,272,222,11,72,0,0,0,81.95412091730235,115.46368128008066,,,0.6068012752391073,928158.0207794274,485940.97758228553,4695731.621088575,397687.8215316378,0,461.0,10.0,9.0,31.0,46.0,114.66377440347071,20.054972550062942,21891.126086956523,28824.829626771254,124.7527114967462,57511.0,1179.0,0.0,1860
32,914,10502478.352297593,4.62582056892779,3.6083150984682715,427949,822262,1005291.7910997237,1267916.6744790883,58700000,0,1277386.3618801874,607366.931503888,110,366,215,19,110,0,0,0,75.2471960655046,110.3727253347104,,1111423.5376559652,0.4989059080962801,490822.2707205838,146319.11130018218,3531497.602474658,269136.41215006204,0,432.0,9.0,8.0,28.0,42.0,115.14814814814815,20.876196689292314,24178.743055555555,29820.195438525076,128.51388888888889,55518.0,1179.0,0.0,1920
33,1946,14580178.32065776,5.0647482014388485,4.786228160328879,782730,3264612,1055330.7401923214,1434534.3788866033,59936418,0,1516710.1411206003,1057932.3530368768,144,475,519,20,144,0,0,0,90.17559078699009,129.05024623813546,,,0.6479958890030832,148799.42391456675,85243.1393204428,5140408.463581937,180115.11208121627,0,412.0,6.0,6.0,25.0,39.0,116.96601941747574,31.455430341755356,23403.771844660194,29994.404335099,128.19174757281553,52815.0,1179.0,0.0,1980
34,886,10845315.797968397,4.81941309255079,4.227990970654628,450904,1170210,880938.5420556262,1298626.0316061631,58936531,0,1177437.8001353976,694826.058578626,41,248,229,5,41,0,0,0,85.55886280405565,118.76358415439515,,,0.5914221218961625,654347.5178520947,60579.09585127926,4900754.590493239,129493.22144994824,0,438.0,10.0,9.0,29.0,44.0,114.43607305936074,21.92934932141295,23035.65068493151,29337.41018823503,121.97488584474885,53425.0,1179.0,0.0,2040
35,769,10690962.730819246,5.0338101430429125,3.8972691807542263,377162,689729,1286695.029273821,1395135.6337624465,59936344,0,1675399.687743532,1033475.433971301,82,299,194,4,82,0,0,0,83.78405728809389,125.25724603305903,,,0.47854356306892065,337738.1717381794,240029.15871514045,3922996.0188196795,295254.8935834148,0,408.0,5.0,4.0,25.0,39.0,120.30392156862744,33.91579085182003,22881.56862745098,29818.938591976,128.26225490196077,52331.0,1179.0,0.0,2100
36,1103,11530148.463281957,4.86219401631913,4.504079782411605,346431,2519269,1102577.3067594608,948985.4296983703,59394558,0,1347542.404932172,653611.8973225121,48,252,298,7,48,0,0,0,92.36296497032438,124.70476612213616,,,0.6038077969174978,180015.12539985115,145994.52685964855,3213248.7804472023,88839.1694437907,0,419.0,9.0,8.0,26.0,40.0,114.3436754176611,20.55884952121642,24648.85202863962,30355.530436139506,133.6014319809069,55979.0,1179.0,0.0,2160
37,1948,14839103.44661191,5.893737166324435,6.266427104722792,1004242,7512324,698002.796043633,1287164.809819643,59936764,0,1135776.6380512174,1001051.2384950335,120,394,575,8,120,0,0,0,115.31396253225914,151.9042921696644,,,0.6468172484599589,109049.46637475451,80314.32862594374,4699442.993780038,201832.27360942803,0,410.0,6.0,6.0,26.0,41.0,112.27317073170731,25.70822767835189,22921.263414634148,28988.377856175375,119.37073170731708,48942.0,1179.0,0.0,2220
38,1033,15490792.302032914,5.885769603097773,6.015488867376573,403840,3544759,1319500.5504462118,1340844.791782872,59708474,0,1713241.5387695848,950341.566329641,70,252,303,1,70,0,0,0,101.93581043562962,149.32762070603115,,,0.5934172313649564,156885.78365449913,127331.6955101623,5497019.412207407,192206.94626678093,0,453.0,10.0,11.0,31.0,44.0,118.18543046357615,28.681668463376603,25241.075221238938,30321.264637808472,129.22295805739515,58538.0,1179.0,0.0,2280
39,1056,12377629.420454545,5.351325757575758,4.271780303030303,454592,1437460,1297312.4713207956,1532965.7080036572,59937377,0,1693742.4297468392,939708.9486106677,91,368,300,9,91,0,0,0,93.25259243492397,141.08809896372168,,,0.5274621212121212,181925.7326359926,165783.35619759714,5168509.889172693,143229.67841273092,0,447.0,9.0,11.0,37.0,50.0,113.44742729306488,31.54157746272673,21889.782710280375,29405.877313761936,153.46085011185681,68597.0,1460.0,0.0,2340
40,1588,9775834.501259446,5.293450881612091,4.260705289672544,2219664,2114780,640751.0990209425,1051928.3526980516,74800000,0,965978.7798843366,745643.9460086044,187,533,364,20,187,0,0,0,83.67402920916548,113.71282238057582,,,0.570528967254408,100681.07877257232,80920.70977532366,3420928.41879204,138870.15712590245,0,451.0,13.0,12.0,35.0,50.0,114.3059866962306,22.539238567239437,22893.792873051225,29771.85853193991,135.3481152993348,61042.0,1460.0,0.0,2400
41,1463,12987781.912508544,6.531784005468216,5.3253588516746415,623046,2309808,1134663.475831907,1252074.3291754485,59936367,0,1456471.1942001912,974737.728052159,93,294,406,2,93,0,0,0,91.23965815341168,128.96002395094135,,,0.644565960355434,241840.11621174193,71841.94231729669,4642210.9632278215,224753.76521815866,0,731.0,22.0,19.0,72.0,85.0,141.35294117647058,61.24224235106801,12725.44494047619,23664.68154033156,268.3105335157319,196135.0,4181.0,0.0,2460
42,1028,5609736.118677042,7.014591439688716,6.910505836575876,2912780,4419334,650963.9431704589,561362.6960690176,66424441,0,778572.6756232961,384975.85186814313,60,269,215,5,60,0,0,0,88.06728677630244,114.320451367818,,,0.6575875486381323,190852.00067210387,121199.69343412637,2088330.0658438606,126600.67483737142,0,1344.0,30.0,27.0,95.0,109.0,103.13392857142857,66.62774803178037,7132.507177033493,18301.067385855964,665.3876488095239,894281.0,1460.0,0.0,2520
43,1152,12388152.966145834,5.573784722222222,4.254340277777778,419583,1394076,821856.9638559017,1384829.7577538432,62208841,0,1192672.2351208692,1067390.8739462092,147,431,257,8,147,0,0,0,81.40061525719115,112.23276906648046,,,0.5338541666666666,193212.96174678014,183334.89835218355,4561204.764296708,178311.61743799425,0,2255.0,49.0,48.0,186.0,192.0,106.50776053215077,67.81366902317342,6219.03098868667,17052.010487819203,555.0682926829269,1251679.0,2642.0,0.0,2580
44,1023,9179111.100684263,3.787878787878788,3.3440860215053765,321482,1353359,1494561.9011963005,743799.7755112268,59600000,0,1612931.1753202258,520912.356445794,61,257,195,8,61,0,4,0,80.4944364391561,105.00159715639775,,270252.3024822205,0.6520039100684262,166444.85007701264,24119.71707668693,3540863.6835892666,161740.67865250754,0,1669.0,51.0,51.0,142.0,152.0,99.33612941881366,57.892795736594586,7272.86,18970.910777876976,358.3816656680647,598139.0,2792.0,0.0,2640
45,831,12871568.734055355,6.045728038507822,5.249097472924188,394511,2179642,1022326.6211956769,1333816.4016672922,59936365,0,1232458.7134882137,1099163.7934121375,25,227,253,2,25,0,8,0,101.71787679758687,138.29256318642828,,,0.6028880866425993,495766.0168005334,398006.7529581961,4132742.8611534536,230863.0693932842,0,2235.0,65.0,65.0,190.0,200.0,129.72125279642057,72.0870896637648,8054.696717295444,19522.417655388024,440.98165548098433,985594.0,3246.0,0.0,2700
46,1011,9122262.06330366,4.205736894164194,3.264094955489614,323676,905001,1071699.9869847868,933677.0668327046,59900000,0,1228946.200125899,870188.5434171037,102,352,282,8,102,0,24,0,75.27424707339406,114.4678877311899,,,0.5044510385756676,205551.69827968196,21432.22246031753,2812699.2675477965,232364.82943770147,0,1557.0,59.0,58.0,168.0,181.0,111.38021836865768,60.980921785450164,10113.36534296029,21367.122905517517,243.79383429672447,379587.0,2883.0,0.0,2760
47,933,10616498.941050375,4.442658092175777,2.957127545551983,243513,668872,1635792.6599393806,1207250.560826713,62194369,0,1798413.860787858,1165220.7549917044,100,324,245,6,100,0,24,0,66.34364004586527,99.37396211398489,,,0.4887459807073955,602124.5064325328,78786.05534312654,4280647.44448225,228056.5779268786,0,1323.0,54.0,52.0,131.0,143.0,105.66666666666667,57.443545923192765,10458.970321516901,22245.857201498922,267.87679516250944,354401.0,2891.0,0.0,2820
48,4485,3921002.0104793757,2.0459308807134895,1.8408026755852842,422467,1413261,294237.8828755126,438392.4743933047,79100000,0,391529.9316346321,360993.3652448942,110,312,350,9,110,0,57,0,24.635377132263542,33.59135079619153,,,0.8925306577480491,160569.57544066836,35964.212405230006,1346856.9108218707,83951.8053613072,0,1157.0,48.0,46.0,128.0,142.0,109.4295592048401,57.48411476883928,9331.31004784689,20918.35424353897,256.7579948141746,297069.0,2883.0,0.0,2880
49,791,11700051.513274336,8.27307206068268,5.737041719342605,2775229,1029150,1224257.9073367761,1523343.725116996,117375062,0,1415180.1762735897,1441662.090396839,75,225,241,4,75,0,24,0,78.78488165308686,119.43603219920695,,,0.5183312262958281,555691.0957400119,307484.39672766713,4487815.146987281,498253.1113416739,0,2077.0,41.0,42.0,119.0,133.0,84.00048146364949,53.880456237074405,6310.481313131313,16157.010642023546,667.6884930187771,1386789.0,2883.0,0.0,2940
50,1314,10880945.636986302,4.982496194824962,4.248858447488584,968181,2051607,1232765.7394508128,1032938.2013483805,59000000,0,1500495.0867468063,924954.867082446,132,394,352,3,132,0,24,0,96.41783497431614,130.83036246506506,,,0.5898021308980214,316316.7152218943,129027.1317727265,3606615.599496446,351215.25626924285,0,1671.0,46.0,45.0,149.0,161.0,105.76181926989827,61.89277575823799,7434.544560943644,18698.460547038645,360.7504488330341,602814.0,2883.0,0.0,3000
51,989,15344075.786653185,14.040444893832154,12.154701718907988,7488421,6828404,988299.0078201025,1548202.8647456435,109762935,0,1463707.5688861485,1153863.9881817326,60,223,261,5,60,0,0,0,107.15804296843629,132.5803406392089,,,0.6248736097067745,314942.2095351852,150853.0765573773,4743413.325380795,128724.69195539107,0,2407.0,78.0,77.0,267.0,280.0,121.21146655587869,64.64571059543418,10982.488283118126,21378.0296920259,201.61071873701704,485277.0,2863.0,0.0,3060
52,799,16724339.305381726,5.107634543178974,4.516896120150188,303194,1361574,1440705.0527076453,1661796.7577248905,59951678,0,1791309.9836428124,1173486.6784524666,73,177,171,4,73,0,0,0,82.9458301298522,110.3386156997075,,,0.7071339173967459,653112.6447442567,49235.45292253376,5489657.310566348,320069.00623838115,0,1365.0,63.0,62.0,136.0,148.0,117.32527472527472,58.16648404867724,12517.980544747083,23451.812004508138,117.63003663003663,160565.0,2863.0,0.0,3120
53,1176,14437545.136904761,5.437925170068027,4.800170068027211,906731,2408455,1191879.0143487772,1379698.2197919618,62596339,0,1538125.0430089997,1176842.3230358951,116,349,258,16,116,0,8,0,79.20872155350969,107.63677537316003,,,0.6215986394557823,327873.98733327974,107157.322531263,5011885.393080604,191565.2170620699,0,1130.0,46.0,46.0,107.0,119.0,115.09469026548672,55.960941618590724,12307.69512195122,23524.587791789858,135.56283185840707,153186.0,2863.0,0.0,3180
54,966,15610644.846790891,5.63871635610766,11.197722567287785,317273,11064788,1108940.2730631542,1320696.8574459641,58951792,0,1461878.118642497,1091155.0440720923,59,260,233,2,59,0,24,0,73.81468026585507,101.70926495419782,,,0.5921325051759835,509413.8223711726,143939.02727321978,4298931.296385633,325398.95168401307,0,1547.0,36.0,35.0,104.0,117.0,108.17065287653523,45.08853549853568,7457.258465791292,19303.682758147526,581.8552036199095,900130.0,2863.0,0.0,3240
55,677,11558879.58493353,4.251107828655835,3.106351550960118,188416,473578,1632312.2465112829,1274657.3312806822,74045761,0,1891526.6604417001,1334415.8144783017,99,228,152,6,99,0,24,0,62.476042668086265,90.17483581831713,,,0.4771048744460857,178678.41628955145,16185.352394099024,4066059.810369059,419322.6704531154,0,1154.0,36.0,37.0,161.0,174.0,139.23830155979203,65.33077798812315,10979.41862955032,22497.53833105894,197.74263431542462,228195.0,1460.0,0.0,3300
56,1548,15203506.797157623,5.041343669250646,4.482558139534884,492056,2581558,1060380.088951517,1273385.027170623,59008454,0,1390380.452421241,1016642.1612774944,105,357,379,4,105,0,24,0,89.11197367504398,120.60082854898462,,,0.6602067183462532,416016.92157283955,215490.99429758164,4384273.082244763,233070.91204550638,0,735.0,31.0,32.0,68.0,78.0,113.89659863945579,40.24983526793845,13266.655944055945,24905.316850690335,114.78639455782313,84368.0,2863.0,0.0,3360
57,4137,8483602.682861978,4.291515591007977,3.845781967609379,5550677,4815568,411878.40578210255,748846.9133421589,59939433,0,606654.7249021024,650827.811737625,133,436,538,24,133,0,22,0,49.368517077804036,66.20332024959689,,,0.8769639835629683,120717.95052099084,21951.451823854382,2492291.2685984797,110383.8853719077,0,526.0,9.0,5.0,38.0,54.0,126.8764258555133,47.89987509041491,20305.361216730038,28709.575050158826,106.05893536121673,55787.0,1179.0,0.0,3420
58,615,18006336.492682926,4.904065040650407,3.513821138211382,205785,523733,2386703.8657870702,1424103.0936120604,59000000,0,2685785.8316139136,1153369.408477953,30,237,80,7,30,0,0,0,55.49514397940472,75.46463209438213,,229753.68136984046,0.6373983739837399,574688.961634857,532227.5354097837,5977306.245221847,357242.5052163828,0,437.0,9.0,6.0,28.0,44.0,117.5400457665904,30.377613875492976,23265.887871853545,29979.51502083026,124.7254004576659,54505.0,1179.0,0.0,3480
59,914,14209857.552516412,43.427789934354486,24.01859956236324,42119448,1721284,970673.4507182096,1206312.8408959478,59936315,0,1247971.6046532588,1091591.0096471445,107,317,183,14,107,0,0,0,67.46881165590919,86.918975615457,,,0.6728665207877462,211246.83265085862,70046.78337096187,3739348.8535748213,430130.2071904127,0,421.0,9.0,10.0,32.0,45.0,114.28028503562945,25.90692711032154,25214.256723716382,30404.284511753875,126.458432304038,53239.0,1179.0,0.0,3540
60,614,9825224.656351792,4.047231270358306,2.9381107491856677,160890,641258,1059844.745635541,746810.3331593565,58700000,0,1126693.2308505569,761209.0407474287,127,312,48,26,127,0,0,0,48.26397733600456,53.700722100699025,,,0.5928338762214984,576951.5235979301,444359.8095320745,2361768.193870052,712150.0215837578,0,451.0,11.0,8.0,31.0,47.0,114.64079822616408,22.00443436686939,25722.93348115299,30601.434280184563,121.98226164079823,55014.0,1179.0,0.0,3600
61,1297,14710304.230531996,5.276021588280647,4.883577486507325,595248,2430279,1437155.5095095271,1422141.6498217615,60100000,0,1808431.7821994934,1154801.5121082058,79,260,250,6,79,0,0,0,78.12237489098727,95.6402957393909,,,0.7185813415574402,329938.754980955,135588.16640747432,5094968.3520910675,331886.46781994693,0,455.0,9.0,8.0,28.0,43.0,112.76703296703296,22.866751804609777,23831.2,29808.49191532639,119.82417582417582,54520.0,1179.0,0.0,3660
62,1602,16542238.360799002,4.782771535580524,4.66729088639201,546468,2381039,946392.1222961418,1534396.0622983724,59000000,0,1415870.1068478222,1191120.7287702167,62,246,352,16,62,0,0,0,88.86290860929245,113.7980711122,,,0.7640449438202247,209171.75440045216,116700.10695039119,5043223.0595836025,501319.23334441666,0,477.0,11.0,9.0,32.0,49.0,113.85744234800839,21.00231610275324,21698.449579831933,28599.28350629158,113.97274633123689,54365.0,1179.0,0.0,3720
63,647,10252272.989180835,6.347758887171561,6.658423493044822,275903,3073289,1495289.4007793393,1150883.5131800761,59937857,0,2176035.7706005755,1184531.5090969303,38,153,130,3,38,0,12,0,87.77559050459459,102.54526730803215,,,0.6970633693972179,1245041.56856937,387300.11611564347,3333331.5742737176,660928.8719444661,0,433.0,8.0,6.0,28.0,43.0,118.37182448036951,30.346880989385657,24620.847575057738,30251.901990402144,118.63741339491916,51370.0,1179.0,0.0,3780
64,946,15855865.182875264,5.807610993657505,6.694503171247358,278305,5203644,1868196.0757453674,1218984.644959847,110214824,0,2320264.8266440714,962363.9093606902,79,237,211,6,79,0,12,0,91.02108748749788,109.04677717979335,,612640.2696765539,0.572938689217759,140567.01601013914,54468.21187311911,4595559.173557555,394474.817378849,0,419.0,10.0,7.0,26.0,41.0,114.14558472553699,22.372344905778544,26391.57756563246,30809.08690071892,130.00477326968974,54472.0,1179.0,0.0,3840
65,545,10396658.16146789,5.253211009174312,3.2660550458715596,201115,243091,1531950.1311505497,1332122.763080064,62287825,0,1579584.6905680604,1409824.0863186892,43,138,111,2,43,0,24,0,57.30356111369578,80.43501125039266,41484.64602506413,80377.46836209384,0.46055045871559636,1771566.939064422,578754.0348271182,3493892.124183076,680422.75361174,0,479.0,8.0,8.0,31.0,46.0,119.12317327766179,31.497683144411226,23520.881002087684,29779.446609509985,113.44050104384134,54338.0,1179.0,0.0,3900
66,2861,3668152.495980426,1.988815099615519,1.9405802167074448,232260,1389038,338103.58889418625,317369.5239105035,59000000,0,405026.27190489246,267696.8240576214,68,230,210,0,68,0,14,0,22.44704068552031,32.0559351352339,,,0.9087731562390773,68116.36258905558,14866.744211343319,1138601.9053344515,76972.86183938623,0,514.0,15.0,11.0,38.0,53.0,114.86186770428016,23.098281102220575,24185.37890625,29906.93827962396,135.75291828793775,69777.0,1460.0,0.0,3960
67,1395,15599727.898207886,5.326164874551972,4.5670250896057345,564497,2282812,1346416.016978683,1370093.8783300242,62854826,0,1713245.0011991425,1095947.282457713,122,315,361,5,122,0,8,0,96.88203031021325,138.46376830429097,,,0.6100358422939068,477937.4889029321,305365.3460454033,4797681.714359451,278685.703683316,0,580.0,14.0,13.0,45.0,58.0,137.99137931034483,54.71077915372041,18008.887272727272,27558.917333120884,300.88275862068963,174512.0,1460.0,0.0,4020
68,1295,12028316.589189189,4.064864864864865,3.6911196911196913,802654,1474656,908235.0534169573,1093503.3159862699,59800000,0,1257446.29423655,812243.9777409621,43,199,266,9,43,0,0,0,66.4256285842583,89.08606812906595,,,0.7498069498069498,158563.2434246779,42331.46703999074,3761144.1796632223,292864.1910187546,0,668.0,20.0,20.0,70.0,84.0,117.4505988023952,56.00748731484977,17929.0,26241.012239583742,260.94610778443115,174312.0,5808.0,0.0,4080
69,2243,2544508.705751226,2.070441373160945,1.6370931787784218,390987,199699,475852.6556937508,229844.75984878046,64857235,0,504171.1112106819,246417.1994690572,56,225,59,8,56,0,6,0,10.451356637770129,15.217656908122024,,,0.9117253678109675,254763.66197867927,38233.63979024764,796440.5966224495,97867.59031205166,0,596.0,21.0,22.0,49.0,58.0,111.46979865771812,38.61702625265246,21219.344887348354,29186.006617112092,151.19463087248323,90112.0,1460.0,0.0,4140
70,2985,4214891.156113903,2.952428810720268,3.4743718592964825,371562,7626877,414894.76795589295,392691.87094728905,59167054,0,497476.70221523585,333075.89548602246,133,298,247,12,133,0,38,0,23.158990366971423,33.50561468128251,,,0.8435510887772194,222724.8725506504,18082.040634972676,1340802.331939455,67185.49212709849,0,491.0,16.0,14.0,36.0,47.0,111.41344195519348,28.68388836260096,22185.006109979633,29656.464805797634,108.62321792260693,53334.0,1179.0,0.0,4200
71,531,10967100.02636535,4.570621468926554,3.809792843691149,176230,504708,1084819.8860971453,1134167.7496570018,59937666,0,1432216.5108455222,1069199.7714503019,67,135,102,6,67,0,0,0,77.508912470397,102.65929301591393,,,0.5781544256120528,302171.8280076797,215194.62816805046,3589133.607124922,300457.70718174253,0,588.0,15.0,14.0,46.0,59.0,114.23299319727892,20.182602520929784,18244.443686006827,27102.659651890706,112.92517006802721,66400.0,1460.0,0.0,4260
72,2056,15663169.798638131,5.152723735408561,5.35943579766537,1602510,6466695,956684.6817179191,1237933.7006878443,59009464,0,1445403.0508561,933548.1692785429,74,264,487,7,74,0,0,0,90.0281942612179,110.77393658681864,,,0.7324902723735408,259334.56866925812,84609.45335977642,4434360.028033106,94081.98976213539,0,566.0,15.0,13.0,48.0,62.0,125.32508833922262,45.40683710837906,19624.87725631769,28034.619836375135,114.71908127208481,64931.0,1430.0,0.0,4320
73,1353,14331019.95195861,4.658536585365853,4.242424242424242,423911,1908004,884972.1423771745,1061173.179261781,59941816,0,1306019.8010019078,973127.723310341,87,253,304,10,87,0,0,0,81.34088812301191,110.83668229734147,,206032.99660894583,0.6740576496674058,128831.14519371634,91012.72717596724,3698519.838789584,160139.12683384115,0,461.0,10.0,7.0,35.0,49.0,119.88720173535792,36.69575661080789,20827.297180043384,28879.394045201385,110.22776572668113,50815.0,1179.0,0.0,4380
74,1586,13613082.800126104,5.0012610340479196,4.687894073139975,567182,3036521,724698.5886513321,1175784.456368115,59800000,0,1087157.6953087638,848205.4320074001,79,382,409,5,79,0,0,0,98.60350186738921,136.52632287185455,,,0.6954602774274905,273828.5058604932,211045.79237940445,4066953.8155787555,148422.93749159345,0,471.0,13.0,11.0,36.0,48.0,114.07006369426752,22.999476770093317,22779.430703624734,29097.895940138995,121.39065817409767,57175.0,1179.0,0.0,4440
75,1678,11629189.2193087,4.169249106078665,3.6436233611442193,490872,1966532,1087664.969390254,943150.6096138711,74328759,0,1397046.366726185,804680.1875928004,145,517,353,18,145,0,0,0,82.34143944221388,113.01194005060732,,,0.6227651966626937,75500.45743486368,34944.15042471711,3615343.4643301913,144325.8779713574,0,445.0,11.0,9.0,34.0,48.0,120.24269662921348,33.64774428419408,23211.444695259594,29886.197229646164,127.05393258426966,56539.0,1460.0,0.0,4500
76,900,12270876.347777778,4.966666666666667,3.9966666666666666,331629,1373835,873086.6072535886,1127772.8929448535,58917346,0,1256200.0398241624,881903.1784734584,58,267,188,9,58,0,0,0,78.05636406894878,106.87017500300244,,,0.5644444444444444,779375.6118165007,216817.37110280912,3559143.0945947813,141677.74786453773,0,421.0,9.0,8.0,29.0,43.0,114.34204275534442,21.17932200470828,26323.399049881235,30693.437420995568,129.978622327791,54721.0,1179.0,0.0,4560
77,700,12943556.66,6.2371428571428575,4.7057142857142855,897726,476833,1208055.9310339603,1186944.7566477072,62311639,0,1604259.528711962,1172419.8203056902,87,251,157,2,87,0,4,0,62.369078264189284,93.40152052531501,,503471.8424163157,0.5271428571428571,191793.80006941225,67110.9570619979,3603594.589766945,195475.3075965813,0,393.0,8.0,6.0,26.0,40.0,114.38931297709924,22.625919482641123,25293.051020408162,30568.21423616668,127.35368956743002,50050.0,1179.0,0.0,4620
78,882,14186647.799319727,4.709750566893424,3.54875283446712,288686,839248,1814425.393392399,1349173.2538759098,58915327,0,2204236.874805854,1174315.5882437374,78,219,228,0,78,0,8,0,74.18305593183005,102.59848170738968,,,0.6485260770975056,711874.7346677427,347676.44181435875,4553483.710287864,355503.3406462129,0,539.0,14.0,12.0,43.0,58.0,120.94063079777365,35.99953789938677,22314.95643939394,29175.8722505214,116.65120593692022,62875.0,1460.0,0.0,4680
79,740,11181454.304054054,4.332432432432433,4.066216216216216,267102,842998,1068812.0001258655,1248756.7553682942,106527483,0,1512567.4780645915,971626.8291756591,50,211,170,4,50,0,0,0,71.70139202151945,96.22878787165014,,,0.6148648648648649,124915.31566342649,25013.48640454974,3604957.211138154,291707.49451418145,0,478.0,12.0,14.0,39.0,53.0,114.23849372384937,27.445880106735395,23351.880085653105,29041.601458996473,112.85564853556485,53945.0,1179.0,0.0,4740
80,667,10288500.823088456,4.952023988005997,4.83808095952024,270142,1731309,1077310.016568912,945160.90445591,58908859,0,1412083.576195974,568471.447300162,21,132,166,4,21,0,0,0,82.94628698885937,109.32653786221513,,,0.6131934032983508,534752.5031574877,547690.8398486255,3144350.4104311485,333537.4205021563,0,378.0,8.0,6.0,25.0,40.0,114.55291005291005,23.016857033259356,24842.17724867725,30472.20638797795,128.92857142857142,48735.0,1179.0,0.0,4800
81,1154,14590931.166377816,5.2417677642980935,4.948006932409013,594251,2039209,1492909.8787021916,1337066.423229724,59936374,0,1883021.8896082412,981431.8444305012,71,193,273,3,71,0,24,0,84.83657818853163,107.18034844314913,,,0.6005199306759099,306758.8771809004,52127.84050402077,4792151.995364336,290846.00474737975,0,640.0,13.0,11.0,103.0,117.0,137.39375,56.84895803560483,18676.64081632653,28014.559817357356,124.3921875,79611.0,1460.0,0.0,4860
82,1272,19899529.103773586,5.654874213836478,4.831761006289308,534683,1669796,1273469.6587050448,1523986.9688127555,75263996,0,1843318.9249470816,1443476.058625713,72,207,418,6,72,0,24,0,83.90808229024583,126.07718015089041,,,0.6014150943396226,266949.9310383196,126984.6039206413,4515466.507470413,241559.1427291814,0,511.0,17.0,14.0,37.0,51.0,116.57534246575342,29.981590734494432,24339.618395303325,30005.19182312169,110.6771037181996,56556.0,1179.0,0.0,4920
83,4237,4529071.943592165,2.185508614585792,2.0936983714892614,395640,2110736,398016.17922388617,470854.0446746108,107416484,0,484417.5333657751,442857.8730574557,73,331,312,2,73,0,33,0,19.449270969112085,28.61604454679351,,,0.9244748642907717,132396.22381569797,52475.895139931425,1399572.914721658,123503.05993457498,0,458.0,14.0,12.0,34.0,47.0,119.58733624454149,32.32639228193377,24802.62445414847,30395.491812573822,123.6877729257642,56649.0,1179.0,0.0,4980
84,1429,13862482.56263121,4.388383484954514,3.7039888033589925,445054,1587660,1252241.4466919512,1219566.5480334884,75300000,0,1584593.9353941432,900414.8495254698,93,374,307,6,93,0,24,0,72.8449824883466,97.11328473388089,,530037.064952163,0.6668999300209937,284969.2302537835,123235.54453955,4086667.848823787,346353.2377748388,0,405.0,7.0,7.0,26.0,40.0,114.80493827160494,22.75175926847278,24155.125925925928,30295.843386861376,128.6172839506173,52090.0,1179.0,0.0,5040
85,984,9819735.06605691,4.342479674796748,3.3780487804878048,293008,619586,1285240.4100814878,910550.5522857006,75264039,0,1467403.3690238143,1100832.47535394,93,300,205,8,93,0,24,0,59.81514083387835,84.19300578685844,,,0.5528455284552846,509733.2817189119,160558.05162624607,2852094.30777473,325020.6781198383,0,484.0,16.0,14.0,41.0,55.0,118.06611570247934,37.32576872574698,22869.537154989383,29755.38279274467,139.60330578512398,67568.0,1460.0,0.0,5100
86,620,11238524.03548387,4.688709677419355,3.567741935483871,278214,468595,1822584.357963699,944042.8769334547,75264018,0,2081837.9976783246,738537.3970482132,52,196,138,2,52,0,8,0,71.64740392256242,106.5964500476179,,,0.5451612903225806,410819.01232412556,304093.32779836125,3295708.4734345274,432309.0968784077,0,487.0,11.0,10.0,35.0,50.0,114.61396303901438,20.68743605171247,22994.121649484536,29570.607083326715,132.30184804928132,64431.0,1179.0,0.0,5160
87,1006,11998426.333001988,4.369781312127237,3.6262425447316105,341818,850722,1543974.4029607254,1268885.2925311355,75300000,0,1857741.8989560537,1140244.3751021356,94,241,229,6,94,0,24,0,71.5892393194815,95.44723141026054,,,0.643141153081511,465591.60483839177,219284.63566726766,4155799.079395206,563059.2706962855,0,382.0,7.0,6.0,24.0,39.0,114.50261780104712,22.48601183040842,24390.403141361257,30361.508233275472,128.17539267015707,48963.0,1179.0,0.0,5220
88,1743,12748383.919678714,4.613310384394722,4.363166953528399,522803,3150697,854040.789903049,1312093.1631965213,106293938,0,1322555.712865473,1124405.5808656001,66,283,498,0,66,0,24,0,85.63047484577487,118.01635053329754,,,0.6873207114170969,250337.30509203387,100255.01795346377,4046518.8443272086,268478.1805865183,0,497.0,6.0,6.0,36.0,50.0,132.88732394366198,49.231589201283775,19109.154929577464,28033.48825185112,108.48893360160966,53919.0,1179.0,0.0,5280
89,1278,17150877.486697964,5.232394366197183,5.124413145539906,448005,2827295,1790224.592505387,1567558.9629360265,104106389,0,2295944.546937247,1262393.473716613,54,208,332,9,54,0,0,0,91.36477692809757,120.42182721573536,,,0.7175273865414711,543309.2831691836,165847.45001370015,5511684.648875998,480439.4881483337,0,433.0,9.0,10.0,31.0,44.0,113.83371824480369,24.038839508026413,23554.497641509435,29639.780983532382,124.51963048498845,53917.0,1179.0,0.0,5340
90,1992,10385581.008534137,4.381526104417671,4.115963855421687,714314,2998744,804044.4971653862,1053971.3934896307,75264021,0,1154233.6753995686,621882.4443658094,68,471,596,13,68,0,0,0,96.5899518599287,138.03289804264728,,,0.6621485943775101,106124.20318260753,49385.84978896433,3412900.0732252034,763477.071073294,0,401.0,10.0,7.0,30.0,45.0,115.51122194513715,24.42735144777504,24235.027568922305,30254.884056680123,135.0224438902743,54144.0,1460.0,0.0,5400
91,972,13376521.754115226,5.040123456790123,4.203703703703703,336373,1136549,1353996.3272596188,1500476.140358151,107031032,0,1932416.6317033672,1118542.7841983808,73,278,235,6,73,0,0,0,74.61638158755936,101.19238592346841,,335109.2614404381,0.6131687242798354,416910.4637510981,337957.28968272393,4554652.285089969,966651.8210186863,0,37749.0,25.0,21.0,61.0,75.0,112.95605181594215,11.551053326160412,2491.4007527366216,4316.941317631069,943.5958568438899,35619800.0,33580.0,0.0,5460
92,802,10910365.719451372,5.012468827930174,5.261845386533666,286329,3533832,2312304.8138841717,1425745.274544014,109000000,0,2821037.364021172,1003994.2367094925,91,223,191,7,91,0,24,0,63.21729438868554,90.06088960707356,,,0.5037406483790524,301902.9786808727,167111.5773639872,5036354.599901087,344365.2899958494,0,458.0,15.0,13.0,36.0,51.0,114.00873362445415,22.90843561797282,24795.5327510917,30438.901220619282,126.46724890829694,57922.0,1333.0,0.0,5520
93,3120,4471144.976282051,2.3849358974358976,2.203525641025641,378538,1534189,449253.7991530377,491348.34186278895,75263986,0,551187.9456938956,403905.3678144979,96,212,278,10,96,0,46,0,27.030730091598556,36.65337622999724,,,0.8730769230769231,219930.4317234989,32440.420348900967,1631913.6421990583,156292.47231034824,0,390.0,7.0,5.0,28.0,42.0,118.7974358974359,31.76775448109208,22733.589743589742,29804.573090661837,121.54358974358975,47402.0,1179.0,0.0,5580
94,1455,13915051.000687284,5.142268041237114,4.509965635738832,502230,2465685,997038.6150551521,1301609.5574487755,75300000,0,1315581.3068230278,1012046.6174393649,114,280,433,16,114,0,24,0,83.30769005376075,118.56818668322323,,,0.5958762886597938,294790.5336096113,176810.8803597462,4324246.742145783,316866.5201160232,0,403.0,6.0,6.0,24.0,39.0,114.37220843672456,21.449360051134676,25202.446650124068,30530.42703923443,128.51612903225808,51792.0,1179.0,0.0,5640
95,2996,5621497.902202937,2.421562082777036,2.2683578104138853,381346,1662624,570968.4154287559,498772.8322775191,75264021,0,701408.1912667182,407647.08890455356,80,220,263,10,80,0,14,0,26.274264400882277,37.66614246616415,,,0.8878504672897196,135085.71872329598,70362.98241513775,1785126.386567003,90502.36670014198,0,442.0,8.0,6.0,29.0,44.0,119.30995475113122,33.42533345460052,22010.95918367347,29066.950872209185,121.54524886877829,53723.0,1179.0,0.0,5700
96,603,8747725.892205639,4.5207296849087895,3.4129353233830844,194345,609176,1028592.6213071332,949802.298111025,58800000,0,1250704.0342356174,625125.5259613235,56,213,140,4,56,0,8,0,68.22379704804544,99.99478624964097,,709671.7497287582,0.45439469320066334,506191.7938231738,148906.3490556368,2992516.78133268,861841.8987534028,0,408.0,8.0,7.0,25.0,40.0,114.60539215686275,22.016269845942873,25902.191646191644,30693.514448971,130.07107843137254,53069.0,1179.0,0.0,5760
97,5111,2596866.9493249855,1.7861475249461944,1.7127763647035805,368451,1590582,230299.93541611807,270820.10417525005,62282536,0,321195.9441867491,241928.57200582867,145,294,227,12,145,0,38,0,16.415735074679574,21.619568485999373,,,0.9215417726472315,156039.92531077753,21611.30159860138,918971.8390466749,39949.77684471822,0,384.0,5.0,5.0,23.0,37.0,114.41666666666667,21.443065262870217,25108.127604166668,30516.485353765744,131.61979166666666,50542.0,1179.0,0.0,5820
98,835,12164683.760479042,4.2598802395209585,3.4934131736526948,281937,973316,1434316.4630009052,1317169.75612544,58848587,0,1690038.3272493817,966004.5981091853,77,204,197,5,77,0,22,0,68.17671466231066,87.21148526042418,,367434.1943661869,0.6047904191616766,464362.94132291345,132931.05740416967,4503641.835225114,308857.63673548854,0,433.0,8.0,8.0,29.0,44.0,117.39722863741339,30.064886490874663,24693.63888888889,30243.234480329185,123.36258660508084,53416.0,1179.0,0.0,5880
99,421,12602147.947743468,7.532066508313539,6.318289786223278,263021,651203,1560612.8491272193,1721152.9042197526,81601254,0,1896898.0823086314,1353507.4754581284,47,96,93,2,47,0,0,0,89.23170320927768,129.44206540110355,58318.62647734946,507104.0641840516,0.5083135391923991,264152.8287207066,65416.34076084298,4976401.876075505,301851.47605066816,0,454.0,11.0,12.0,34.0,48.0,114.30837004405286,25.354128861341522,24068.124153498873,29740.81068763684,125.69823788546256,57067.0,1179.0,0.0,5940
100,1647,16724253.398907105,6.371584699453552,6.6630236794171225,1129333,7452196,1029680.1519878415,1334134.6275563678,91644955,0,1475321.1026694933,982322.5173139428,143,320,427,16,143,0,0,0,96.85999329554924,124.1151200760281,,,0.6332726168791742,186125.41491085576,185145.12826340098,4976547.490885454,254554.66958613374,0,384.0,6.0,5.0,24.0,38.0,114.22395833333333,22.67898001856196,24058.203125,30049.415508760947,126.08072916666667,48415.0,1179.0,0.0,6000
101,663,11566084.180995476,5.343891402714932,4.9034690799396685,289768,1287062,1539512.774772173,934598.9989856925,59936764,0,1861322.9762625485,775520.6897205246,38,153,183,6,38,0,0,0,80.10826886079336,111.09462494957934,,,0.5279034690799397,593855.7227665278,128950.1156191199,3355209.323329788,209999.45449450568,0,446.0,11.0,9.0,33.0,48.0,115.15470852017937,22.88929513359031,23960.15765765766,29769.26636745273,132.94394618834082,59293.0,1460.0,0.0,6060
102,1003,10960747.927218344,4.164506480558325,3.419740777666999,256033,1010929,715956.2671780894,909546.2535930588,60000000,0,1067060.2557311656,681131.0898586789,60,202,213,3,60,0,0,0,71.40650169145951,91.23097322596043,,,0.6829511465603191,355247.16667980974,214437.86200141103,3198036.757209428,139952.60738402265,0,388.0,10.0,7.0,30.0,43.0,114.1340206185567,22.854162452726086,23687.83204134367,29978.877590492066,122.72422680412372,47617.0,1179.0,0.0,6120
103,896,14502690.6015625,4.958705357142857,4.534598214285714,309097,1715645,1736610.892006584,1383436.8190408233,73500000,0,2052923.4221781385,1198164.94039575,97,223,169,6,97,0,0,0,81.11954384559051,108.2691269536414,,,0.5625,179936.27611469844,163516.48718560167,5396762.457404412,294005.5633319802,0,629.0,16.0,13.0,49.0,64.0,129.78219395866455,46.757184818181216,16546.484602917342,26826.473387360576,273.80127186009537,172221.0,35040.0,0.0,6180
104,1263,17180735.870150436,4.860649247822645,4.350752177355503,361820,1975975,1166953.732584994,1561167.860524715,60011274,0,1712922.7210984037,1041674.0110230214,39,180,315,4,39,0,0,0,85.48442589470055,112.95810295072248,,,0.6642913697545526,249305.5807722875,240576.09650369306,5522356.790836174,189905.5098972391,0,429.0,17.0,17.0,30.0,44.0,113.05827505827506,22.94016715240413,24735.14423076923,30314.02121915751,124.46620046620046,53396.0,1179.0,0.0,6240
105,1055,14627902.425592417,4.766824644549763,4.299526066350711,358252,1190423,765768.4517376755,1346614.305930413,59936584,0,1243601.03774257,1174139.6369847613,80,233,276,8,80,0,0,0,81.32546473243612,111.74784602820132,,,0.6180094786729858,273575.58518593165,92248.2142973619,4369489.764540887,148174.52041102198,0,455.0,14.0,14.0,31.0,46.0,119.05274725274725,33.8636399443029,22537.528344671202,29688.86144299881,130.90549450549452,59562.0,1460.0,0.0,6300
106,876,11306642.885844748,4.213470319634703,3.358447488584475,239795,821014,1674990.3269354668,921481.0471892435,58629701,0,2004249.4282438627,720242.7303027578,88,263,133,9,88,0,0,0,65.14935197348368,81.95489183703607,,,0.5376712328767124,172764.3927129908,96741.38240431676,4033280.6641659406,216879.35217704624,0,427.0,10.0,9.0,28.0,43.0,114.14754098360656,22.207604802751558,24949.22117647059,30404.567520854664,125.82201405152225,53726.0,1179.0,0.0,6360
107,829,14778262.927623643,5.143546441495778,4.002412545235223,277243,863067,1163211.6469391054,1381731.6689952323,104000000,0,1586002.5740887804,1111885.2579250878,112,280,131,10,112,0,0,0,67.04327641964909,92.6363091398398,,,0.5199034981905911,689298.2421741291,416349.0413073833,5148810.210627183,217057.28460240824,0,535.0,13.0,11.0,37.0,52.0,113.34953271028037,23.160635813365715,26440.717757009344,30165.867217283037,123.06728971962617,65841.0,1179.0,0.0,6420
108,1639,15065035.321537523,4.563148261134838,4.4472239170225745,366029,3494305,845375.9938143084,1283852.6613428618,58928730,0,1321740.1348938479,975512.7860840886,88,285,336,8,88,0,0,0,82.61536398481671,99.47577836485583,,206098.1150936588,0.7150701647345943,184807.0193497061,27316.637991895223,3750379.239200049,110240.77251453073,0,484.0,12.0,9.0,35.0,49.0,117.93801652892562,31.271870706866466,24114.613636363636,29798.270257604516,123.28512396694215,59670.0,1179.0,0.0,6480
109,459,13644146.575163398,4.180827886710239,2.4313725490196076,105285,143088,2557786.43726456,1233261.2683518906,60105221,0,2968036.1125665605,1209546.8000089151,76,211,45,11,76,0,0,0,47.40114558748736,57.97388245496841,,,0.4335511982570806,448949.06746055983,345075.4803958001,4770002.9227281315,416587.5684165758,0,486.0,10.0,10.0,35.0,49.0,113.01851851851852,24.081255632799422,24554.367432150313,29943.04436366303,127.94855967078189,62183.0,1179.0,0.0,6540
110,455,11791145.815384615,4.481318681318681,3.2945054945054943,146761,264065,1061879.3919267943,1134761.3664434205,58800000,0,1427160.2611081847,847498.6311876414,20,184,51,2,20,0,0,0,50.46759845289495,74.06144405436285,,1162617.6990335851,0.6,606803.616000648,159834.17308970194,3764992.9711464536,309854.52150562755,0,506.0,12.0,13.0,35.0,50.0,114.17391304347827,20.11810158022927,24031.322772277228,29836.78047750251,131.29446640316206,66435.0,1179.0,0.0,6600
111,700,16277881.075714286,5.922857142857143,5.632857142857143,215445,2403332,1466092.962611743,1645567.7437165345,60700000,0,2004357.922584595,1411844.869442141,81,171,130,9,81,0,0,0,76.89846850463815,88.32494753259871,,435168.30966305576,0.53,539365.4229029273,35184.81831663565,5807038.087564923,376431.7024769914,0,431.0,8.0,6.0,28.0,43.0,114.4060324825986,21.66445724477237,21870.253488372095,29512.419821866846,115.17633410672853,49641.0,1179.0,0.0,6660
112,1197,17104759.357560568,5.050125313283208,4.643274853801169,401044,1859587,1303876.3931848374,1360541.141252488,59100000,0,1819264.7885068273,1004954.0152731137,67,191,262,2,67,0,0,0,86.5191925463441,112.93388269735622,,,0.670843776106934,207870.3205892747,178509.322709759,5156002.177929564,304425.52442294464,0,507.0,16.0,13.0,38.0,52.0,112.90729783037476,28.099014759078024,21035.989939637828,29060.77431952393,306.0611439842209,155173.0,32120.0,0.0,6720
113,774,18907995.83204134,5.492248062015504,4.987080103359173,313448,1347474,1131678.858102777,1765733.8378116675,61345850,0,1733809.3352474489,1536030.7628579824,44,140,178,2,44,0,0,0,90.52387680780647,122.35464452565013,,,0.6886304909560723,300148.5612389631,301620.99987599766,5785717.7841913095,349682.11753850227,0,513.0,20.0,20.0,37.0,52.0,116.16959064327486,30.5560526690689,21122.608961303464,29187.75451007929,136.26120857699806,69902.0,3984.0,0.0,6780
114,604,11339291.703642383,4.400662251655629,3.7102649006622515,245390,534997,1438134.0112270657,1148939.7429728645,58846463,0,1711973.2224205346,682495.933120816,78,247,84,4,78,0,0,0,61.14211563774652,78.98231444397682,,272087.18065689557,0.5612582781456954,587535.1269726292,245062.9010489678,3883576.134306642,399099.41140427394,0,474.0,21.0,20.0,31.0,46.0,113.43459915611814,23.754223951693938,23654.008849557522,29716.544678319286,119.22995780590718,56515.0,1179.0,0.0,6840
115,663,14176038.621417798,4.926093514328809,4.092006033182503,228706,868858,1663010.7717502704,1202803.9689195747,64900000,0,2099702.6201315457,1208325.1996119614,96,268,95,16,96,0,0,0,63.056004134531676,83.03516038711116,,,0.497737556561086,376712.98955018894,327337.15858717903,4099257.128947745,230000.61164307402,0,495.0,23.0,24.0,33.0,48.0,113.15555555555555,39.72264730543354,21107.928571428572,29060.261992199732,110.08686868686868,54493.0,1179.0,0.0,6900
116,640,15227704.91875,5.196875,4.8703125,245473,1187878,1113971.6627467459,1379934.9478795032,94006388,0,1609202.1584664078,1111039.9921884055,56,147,104,4,56,0,0,0,81.83214162507187,103.68311265874203,,,0.634375,743619.1084469308,187873.2814026564,4836045.22231018,638695.9010224056,0,451.0,22.0,22.0,28.0,43.0,112.1729490022173,25.49834460761137,24132.038369304555,30240.220410719707,130.64523281596453,58921.0,1460.0,0.0,6960
117,1067,16993250.46579194,6.373945641986879,5.376757263355201,1306186,1769214,1509862.4286386066,1551405.328531512,59936604,0,1997836.7640372568,1179334.9481385367,67,179,238,10,67,0,0,0,86.2579721643506,114.19775817634864,,,0.6457357075913777,272672.7972502346,129760.91021286305,5411499.250977804,170811.71197985753,0,461.0,22.0,22.0,29.0,44.0,112.7939262472885,23.67191617092381,27599.37182448037,30963.361849319437,119.57266811279827,55123.0,1179.0,0.0,7020
118,613,14553045.882544862,5.357259380097879,4.301794453507341,691513,583340,1374709.6848011613,1432556.612549166,59400000,0,1850648.0484583215,888460.5427622871,51,148,92,13,51,0,0,0,73.90392323265269,95.58923505996297,,,0.6460032626427407,533406.6679560373,23019.60729780963,4552624.433464333,392449.45680146245,0,552.0,23.0,22.0,36.0,51.0,121.625,41.93455654550168,20509.898832684827,28406.164239966496,107.58695652173913,59388.0,1179.0,0.0,7080
119,695,15597518.471942445,5.615827338129496,5.1985611510791365,289906,1712617,929758.2287959802,1464880.8653571394,60132155,0,1460140.64210225,1378260.7102848033,61,176,148,8,61,0,0,0,91.3706281560338,119.82745292125368,,,0.6345323741007194,314905.91485544073,245467.9486564202,4871319.265338762,271441.4130102123,0,529.0,23.0,24.0,42.0,56.0,120.53497164461248,39.3557397103981,19095.789046653143,28021.65138055964,104.53308128544424,55298.0,1179.0,0.0,7140
120,782,19855104.460358057,6.20460358056266,6.255754475703325,353719,2709318,2209351.365249008,1816910.826799433,59800000,0,2730930.0109246136,1225194.188872602,71,154,196,2,71,0,0,0,95.65043326879183,127.55169427370895,,,0.6099744245524297,543571.868825791,280857.89934341,7115582.553606347,1261724.0739806574,0,447.0,23.0,23.0,32.0,46.0,111.95078299776286,28.31267274077717,23670.255583126553,30137.859607032842,125.73601789709173,56204.0,1460.0,0.0,7200
121,333,10263262.861861862,4.75975975975976,3.714714714714715,132338,209476,2046329.9530550607,918811.268002889,59936384,0,2405398.220572034,1259605.3801699441,42,102,25,10,42,0,0,0,71.36771763429189,97.70487730586908,,329701.6648531504,0.4774774774774775,556869.415618748,64742.41887872747,3373595.611665445,169324.9120559694,0,457.0,22.0,21.0,29.0,44.0,111.7855579868709,24.415760327591094,23301.75413711584,29583.617704072898,114.71553610503283,52425.0,1179.0,0.0,7260
122,714,18028474.04901961,5.697478991596639,4.9789915966386555,290533,1310227,1242117.7950572728,1386030.5837272308,59900000,0,1722058.367544648,1188272.9618885054,43,140,189,1,43,0,0,0,91.03026537207185,126.64615852947534,,,0.6148459383753502,517024.46304653975,187351.99337282297,4675698.2403906,222732.1975420455,0,552.0,29.0,27.0,39.0,55.0,114.07427536231884,26.461215487270877,21338.1673151751,28944.175757480873,283.77536231884056,156644.0,27740.0,0.0,7320
123,603,15549555.626865672,4.681592039800995,3.900497512437811,162608,649164,2615989.6564316065,1167141.76672615,59936359,0,2959154.2762068748,939042.3836382625,55,120,93,2,55,0,0,0,72.60162537035174,93.63271426122836,,115611.69932729463,0.648424543946932,374546.2289102143,36219.971105539465,5476588.265328642,306066.8219863196,0,476.0,25.0,23.0,33.0,47.0,115.80252100840336,33.33730128233285,22212.25114155251,29635.674632455488,135.49789915966386,64497.0,3984.0,0.0,7380
124,399,17109725.944862157,5.461152882205514,5.0551378446115285,195287,894880,1853345.9030058866,1434589.447327354,60009848,0,2347393.7011801503,1152179.5859704183,19,102,73,2,19,0,0,0,80.56899185783834,107.13276025816641,,1158638.4871508626,0.5588972431077694,551539.5167423578,304055.0547946459,4600719.035093752,589576.3941884427,0,459.0,24.0,22.0,31.0,46.0,112.42919389978213,25.001940920365854,23007.86214953271,29506.054283628746,111.53812636165577,51196.0,1179.0,0.0,7440
125,1674,15386640.018518519,4.556152927120669,4.07168458781362,400479,2323799,819503.7270878099,1199458.9023970827,60000000,0,1287029.7800089053,995875.5151910327,83,239,380,10,83,0,0,0,79.34846892472933,100.09607582625962,,,0.7096774193548387,163354.45843335314,168016.74115931333,3774413.979917625,119311.99368633641,0,471.0,23.0,22.0,30.0,45.0,117.3036093418259,35.06460857016625,22301.07816091954,29491.367716600045,110.06369426751593,51840.0,1179.0,0.0,7500
126,989,15524912.042467138,6.061678463094035,6.945399393326593,388256,5590515,1630688.7737455734,1055253.6757433948,89900000,0,2053976.3901841394,883024.9488488438,62,240,202,4,62,0,0,0,92.1902685362278,113.03172380524612,,,0.6258847320525783,283934.195311472,137975.51047280012,3780710.675892872,155365.14541435314,0,480.0,20.0,20.0,28.0,42.0,112.38333333333334,23.654059782398516,23330.01126126126,29885.329277954945,108.53958333333334,52099.0,1179.0,0.0,7560
127,1070,15749697.637383178,5.05607476635514,4.828971962616823,319085,2113416,893214.0828886064,1239741.412746733,65300000,0,1360887.9405780942,1123156.0254771027,74,314,239,7,74,0,0,0,76.44394059293401,103.4054072351644,,,0.6345794392523364,223228.22675745914,198594.24762055915,4277160.678734828,215410.45288101805,0,558.0,27.0,22.0,39.0,54.0,113.93906810035843,23.788563261333,21338.418079096045,28901.229245620314,116.84229390681004,65198.0,1179.0,0.0,7620
128,560,11424967.425,4.316071428571429,2.8910714285714287,186958,275972,1878056.557174049,775574.502159344,59800000,0,2175058.0397154354,611302.2129281405,81,249,66,8,81,0,0,0,52.43722624735661,74.29932133795197,,,0.45714285714285713,235937.92907200163,153309.86628923446,3369358.769180696,99372.88792128753,0,475.0,19.0,19.0,32.0,47.0,116.61684210526316,30.903970811978038,20963.48558758315,29107.702624359157,113.66315789473684,53990.0,1179.0,0.0,7680
129,654,8095348.3608562695,189.7981651376147,84.25993883792049,144530588,1338075,1633994.1779211017,890497.804675194,64900000,0,1883041.4709378714,695440.5632540875,37,152,175,0,37,0,0,0,54.62612988316268,65.49274007395383,46488.35789396652,502412.67565879045,0.6590214067278287,422366.3829265668,258160.9244769975,3064201.7963834084,156927.12401325052,0,444.0,14.0,13.0,25.0,39.0,113.93243243243244,22.414521502930995,24722.208333333332,30425.50706764123,128.7454954954955,57163.0,1179.0,0.0,7740
130,434,12487035.970046083,4.820276497695852,3.9907834101382487,183413,702093,1210377.7665636807,998517.4080636943,58917172,0,1561234.127703954,667965.6614602798,70,163,70,4,70,0,0,0,70.86541657879539,94.91350457600484,,102354.89691087259,0.49078341013824883,357136.7521115725,296942.9129641594,3210370.380406347,470715.99711939,0,398.0,8.0,8.0,28.0,42.0,113.47738693467336,24.69732628541788,23373.92327365729,29948.110702093836,127.70603015075378,50827.0,1179.0,0.0,7800
131,1151,13970159.555169418,5.054735013032146,5.572545612510861,720944,3971353,1042906.1622535866,1173038.3447339095,60110271,0,1468852.9588070444,961345.3904604327,33,97,207,0,33,0,0,0,89.19811374261434,100.25773739300669,,,0.8053866203301477,328107.5966248554,114810.46607484989,4674731.072631933,220130.10832763245,0,384.0,6.0,6.0,25.0,40.0,114.5859375,22.339720041822318,22803.68062827225,29868.89360960728,140.52083333333334,53960.0,1460.0,0.0,7860
132,1370,17865950.27518248,5.047445255474453,4.964233576642336,515105,2481000,1144740.7500141696,1562078.6036442956,59501003,0,1698802.2309026422,1075398.6950455687,57,142,328,2,57,0,0,0,92.12207285770583,123.88903088087503,,,0.7306569343065693,170668.58623836085,113257.41458828334,5940363.210178004,113646.57053734174,0,449.0,14.0,10.0,36.0,50.0,116.39866369710468,25.581087775576258,20840.733634311513,29110.728195135565,189.01113585746103,84866.0,10220.0,0.0,7920
133,422,8971752.111374408,4.267772511848341,2.699052132701422,116913,213154,1317249.1023846436,1520897.3189448223,59900000,0,1680169.0824300658,645487.3389880434,58,177,44,3,58,0,0,0,59.46974072614123,72.5033241384519,,,0.43838862559241704,401703.86845676013,339917.44232812856,3658236.9529841407,247856.23833546948,0,36209.0,17.0,17.0,49.0,64.0,112.42884365765417,11.48247540273401,2248.5422295897224,4240.236583321576,980.1137010135602,35488937.0,35040.0,0.0,7980
134,859,16007716.848661235,5.69383003492433,6.339930151338766,425069,4002406,2034770.083748196,1413701.454615746,104326062,0,2547596.9337838455,1216569.5956745346,68,244,148,5,68,0,0,0,78.27682184443341,95.8432211626298,,,0.6449359720605355,507735.1852980857,69689.3159951367,5015699.481488505,280068.7823228614,0,564.0,12.0,11.0,43.0,59.0,127.75709219858156,44.501695771293825,20299.898576512456,28267.161152866083,114.57446808510639,64620.0,1179.0,0.0,8040
135,1042,10402519.099808061,4.256238003838772,3.325335892514395,238514,1245211,765075.0270260609,949372.5992212207,59834510,0,1057769.286291845,738714.9865855622,127,289,172,18,127,0,0,0,70.96986818120394,90.43502273249405,,,0.5930902111324377,422318.9528636688,83602.58462173918,3370043.532227001,115278.63198215948,0,544.0,17.0,16.0,44.0,58.0,118.64889705882354,31.44634822138873,20143.728782287824,28654.36686584929,119.46507352941177,64989.0,1460.0,0.0,8100
136,788,16697771.11928934,4.927664974619289,4.549492385786802,338654,951211,889785.3302899027,1431840.7458541158,60024327,0,1451339.1852802783,1214823.7062565908,40,119,179,6,40,0,0,0,82.91309310549214,111.99357208750203,,,0.6510152284263959,309587.14049371134,96632.34183426775,4884102.316335064,282079.79684060224,0,515.0,12.0,12.0,37.0,52.0,113.33980582524272,25.998485962374115,18820.514734774068,27865.577250475963,314.5495145631068,161993.0,27740.0,0.0,8160
137,606,15172538.793729372,5.925742574257426,4.612211221122112,280526,764925,2267313.353160017,1102279.775067922,58913789,0,2676321.560315625,743916.8812708338,43,151,187,2,43,0,0,0,89.461942444417,138.294112067067,,,0.47029702970297027,666783.0920689102,354219.93330925587,5267226.216486613,245785.02820130327,0,456.0,10.0,10.0,31.0,46.0,114.18201754385964,20.194215935243715,22945.269736842107,29361.472144269756,126.25438596491227,57572.0,1179.0,0.0,8220
138,1196,16597073.29013378,5.583612040133779,5.632107023411371,532736,2814367,1060518.4132194638,1759536.0863320294,86834043,0,1677679.2091446372,1370046.198221012,81,228,372,4,81,0,0,0,91.16598478146045,130.26886657278797,,,0.6580267558528428,403286.3955285156,64806.82261197297,5855562.072979582,638584.0463288936,0,483.0,9.0,9.0,35.0,50.0,118.17184265010351,28.696607902395364,21912.779625779625,28914.63720486277,125.53623188405797,60634.0,1460.0,0.0,8280
139,1483,15381127.447066756,5.44571813890762,5.48347943358058,454944,4650069,784285.2183207222,1394029.2229765065,59000000,0,1262319.948609647,946489.8792196932,98,280,370,11,98,0,0,0,91.81850433376762,117.16551068714863,,,0.6783546864463924,275458.49772343726,138293.44280981543,5093710.525355391,264368.4833608384,0,490.0,11.0,11.0,33.0,48.0,115.61428571428571,23.38904100778405,18846.545643153528,28253.84156609849,331.78163265306125,162573.0,35040.0,0.0,8340
140,762,21255038.9671916,6.989501312335958,14.79265091863517,476546,10828511,2098504.007156016,2128234.909594774,60049902,0,2814895.6162152262,1407673.5427630767,60,175,203,2,60,0,0,0,96.8500636334118,134.92920963757808,22535.47419489356,241407.71955627238,0.636482939632546,340177.88812832406,99132.77325165836,7639011.2633167,169420.35394641603,0,549.0,12.0,12.0,46.0,59.0,114.81420765027322,23.920071023605264,23026.875464684013,28118.680457643488,113.45901639344262,62289.0,1179.0,0.0,8400
141,629,8533705.3227345,4.0651828298887125,2.728139904610493,153206,410060,890698.1723073061,893429.1908550368,60300000,0,1253533.28052704,773283.3370962604,90,241,61,10,90,0,0,0,65.98810273542416,69.32816926883164,,,0.5421303656597775,212912.94726593775,159622.6341695766,2646084.843988073,279844.94795359607,0,438.0,8.0,7.0,29.0,43.0,114.17351598173516,20.645244397044628,25746.285388127853,29805.202073450037,128.31963470319636,56204.0,1179.0,0.0,8460
142,1100,18738503.914545454,5.010909090909091,4.378181818181818,413490,1535045,1327775.2423175464,1766533.5027264196,70672523,0,1877765.7178124154,1286044.0033827538,149,313,196,17,149,0,0,0,78.04426222153346,97.99979895040092,,,0.61,307575.9387118782,221051.44929310158,5930278.539766713,331899.1480521041,0,523.0,11.0,11.0,36.0,51.0,115.40917782026769,22.16804662312801,22680.41586073501,29420.306390577996,320.91969407265776,167841.0,27283.0,0.0,8520
143,822,18660390.255474452,5.367396593673966,5.181265206812652,309938,1980210,1544842.010387643,1516152.854673342,90517329,0,1960899.6636611612,1442968.2846637727,75,159,157,6,75,0,0,0,86.43254865405986,107.7410771832731,,,0.6435523114355232,188499.66580395948,130302.04199722242,5676436.277413535,244844.03053476856,0,429.0,9.0,8.0,30.0,45.0,118.4895104895105,29.759990186176385,22899.08624708625,29771.982584373298,126.64102564102564,54329.0,1179.0,0.0,8580
144,574,19384525.42857143,5.735191637630662,5.445993031358885,289479,1330183,1625931.221929538,1971495.6227771016,59900000,0,2229703.171524426,1536322.5024358535,44,144,96,2,44,0,0,0,76.30529078087457,96.66349604956133,54794.39659768555,617925.7175991696,0.6306620209059234,525024.0878054736,64935.17545593934,5820486.652116625,408778.7936680389,0,464.0,9.0,8.0,30.0,45.0,112.9375,22.72928233310436,24984.691810344826,30038.640811804053,137.44396551724137,63774.0,1179.0,0.0,8640
145,1393,17052081.358937547,4.925340990667624,4.735104091888012,489822,2587747,1011730.0680143201,1441067.2360390052,59000000,0,1518260.98846222,1087065.2961304819,138,343,314,14,138,0,0,0,85.87523382561099,112.82391208941185,,,0.6590093323761665,127329.17801386362,104573.18234031723,4869106.161046198,215115.38717142836,0,566.0,15.0,16.0,42.0,57.0,118.3851590106007,34.442976738543344,21579.533697632058,29306.150695959423,308.2173144876325,174451.0,21900.0,0.0,8700
146,614,14465915.716612378,5.343648208469055,4.736156351791531,252301,1373681,1558309.441562243,967292.5915559251,59936022,0,1943687.1508523715,946509.874474672,71,184,60,6,71,0,0,0,65.46537580366498,80.1972573554697,,,0.5765472312703583,337954.5242523204,307409.58446186164,3651818.5502997343,509024.3333148565,0,539.0,14.0,15.0,42.0,58.0,114.58070500927644,21.03887529910951,20243.71828358209,28447.569994360485,131.22448979591837,70730.0,1717.0,0.0,8760
147,1110,19000729.602702703,5.8297297297297295,6.2981981981981985,375366,4248582,1038763.6546165338,1776832.6128538917,59946932,0,1722729.0461760887,1592991.3562682027,63,230,233,7,63,0,0,0,85.5522823735891,106.40671565077369,,,0.6954954954954955,515323.4757010489,63556.368542532866,5894514.083672071,248301.19678048673,0,490.0,11.0,9.0,35.0,50.0,115.1734693877551,20.936375283812225,22608.457142857143,29352.302253798833,131.83265306122448,64598.0,1179.0,0.0,8820
148,948,15585892.579113925,5.069620253164557,5.046413502109704,304187,2707897,1571703.747969255,1443036.9436141774,60000000,0,2082953.029085995,972648.9928643015,107,237,171,7,107,0,0,0,82.37857849140244,109.69703023114484,,,0.5938818565400844,243522.2121691756,194010.78060255304,5204159.833081721,984101.4194724845,0,5710.0,55.0,53.0,231.0,245.0,172.96549912434327,61.33326888984944,20736.78161764706,26893.627553218583,624.1907180385289,3564129.0,23360.0,0.0,8880
149,769,15866149.715214564,4.694408322496749,3.879063719115735,209764,872086,1501199.557397533,1558239.5821641362,85509708,0,2000409.7206320844,1554397.2935478091,65,240,116,4,65,0,0,0,67.54358352850754,88.20697726686346,,,0.540962288686606,207514.13700224573,112944.90585534378,4372735.08265547,336922.55621968705,0,997.0,39.0,39.0,92.0,107.0,140.41825476429287,56.662732450512145,19512.057026476577,27750.203798845814,82.76028084252758,82512.0,5035.0,0.0,8940
150,705,15229891.761702128,5.036879432624113,3.8680851063829786,215025,968633,996605.2746977301,1516236.0328566027,59900000,0,1496003.0145201902,883812.9049997397,98,224,131,13,98,0,0,0,70.97479672053461,95.32418963963335,,,0.4921985815602837,312138.66578549024,242424.86698944654,4952633.6859515505,391200.39433415333,0,759.0,36.0,36.0,72.0,84.0,126.67193675889328,48.2073811700897,20217.606425702812,27858.921730034228,89.53754940711462,67959.0,5189.0,0.0,9000
151,642,14156593.302180685,4.1526479750778815,3.730529595015576,139113,1035443,2442106.283275431,1183645.8949372205,58922614,0,2904211.768018362,828457.0637415719,43,164,106,1,43,0,0,0,72.32529638884954,86.76634516213161,,242365.20655455734,0.6074766355140186,308154.4841806429,19048.667887788306,4549978.235307009,164807.66441730305,0,699.0,30.0,28.0,59.0,73.0,122.01001430615165,37.86283739293612,20302.98981077147,28366.886479754692,251.74964234620887,175973.0,30660.0,0.0,9060
152,579,8106025.5768566495,3.618307426597582,2.7823834196891193,153558,290909,786563.0153972083,651679.3948350247,59937280,0,1062014.1531481086,813052.2904522751,31,98,63,1,31,0,0,0,62.687951469332816,70.49515811437566,,232569.84929348604,0.7046632124352331,393326.8043941987,468985.2831093388,1909904.8835701165,131886.21757955727,0,618.0,16.0,15.0,43.0,58.0,118.66990291262135,28.58359913829649,25049.885993485343,29516.196345974648,140.8009708737864,87015.0,1333.0,0.0,9120
153,980,18222204.921428572,6.438775510204081,7.104081632653061,427255,5203189,1071390.1147293944,1354371.4875065545,59300000,0,1669886.226752393,1165353.6961332145,68,195,241,4,68,0,0,0,106.91642773673898,127.48293774822663,,,0.6581632653061225,227796.8399366308,226538.99977597687,4531982.82039556,146272.41567261124,0,616.0,14.0,13.0,44.0,59.0,120.86363636363636,33.9686260184987,24392.049019607843,29383.26573473722,130.5957792207792,80447.0,1179.0,0.0,9180
154,824,19138065.066747572,4.799757281553398,4.842233009708738,242765,1915554,1949971.297391855,1604433.631777151,80400000,0,2549979.000216185,1376254.9279659595,41,125,166,2,41,0,0,0,83.29892717001651,99.8958857709074,,624529.958477734,0.7475728155339806,408555.5008630372,212892.42089011314,5814013.69797136,383110.23376144655,0,461.0,8.0,8.0,31.0,47.0,120.32537960954447,32.491644178644925,25814.781181619255,30005.107001205113,135.9761388286334,62685.0,1179.0,0.0,9240
155,320,12602358.51875,4.43125,2.884375,96981,125151,1606089.3525292338,1440762.5338914806,59918696,0,2069666.6757234938,1374870.4255099767,17,143,48,2,17,0,0,0,54.214502513030936,75.68124702659875,,73807.89907884589,0.4375,347970.16451368615,236827.0183207288,3886663.079853612,406131.5449661952,0,499.0,7.0,7.0,32.0,47.0,124.09418837675351,38.64176354479689,24804.286868686868,29776.720363563338,135.36673346693388,67548.0,1179.0,0.0,9300
156,291,12148794.154639175,4.986254295532646,3.082474226804124,127992,122482,1844798.5840269858,1105504.6618095809,59937172,0,2252237.2174532493,958577.2828132996,57,159,24,5,57,0,0,0,50.060586145081444,73.93149802108454,,,0.3951890034364261,1828351.2960403562,360286.64093016664,3806033.650037332,176869.34744061052,0,598.0,13.0,13.0,43.0,57.0,118.08695652173913,34.30764056944157,20533.692832764504,27832.109317864404,293.68896321070235,175626.0,29200.0,0.0,9360
157,1329,13692090.761474794,4.9405568096313015,4.672686230248307,446646,2518281,1106295.7536190378,1093438.7342785534,59000000,0,1481413.958385148,804242.9041520432,94,206,279,13,94,0,0,0,77.9420624517237,101.67064873630444,,338284.6972984696,0.6689240030097818,121790.88863632875,88430.9175729125,4304776.576524971,131294.51705870283,0,4854.0,50.0,47.0,243.0,257.0,155.7707045735476,68.9110103155791,7490.502427184466,14215.336388369858,637.3077873918418,3093492.0,2203.0,0.0,9420
158,1210,10247075.885950413,3.930578512396694,3.7851239669421486,328100,1961449,789595.7482867648,1280738.2480138047,92012034,0,1242984.9113093594,875245.792089884,54,138,258,2,54,0,0,0,86.81088374283604,107.73974912236653,,,0.7330578512396694,196328.68923895617,166173.65315784953,4249012.516932306,199365.65069786043,0,742.0,39.0,40.0,68.0,83.0,126.28301886792453,47.486464667698954,19269.38263229308,28017.951110629634,94.99191374663073,70484.0,1179.0,0.0,9480
159,442,13650372.963800905,5.839366515837104,4.131221719457014,222554,277397,1776831.9806521984,1132867.3023486142,58936434,0,2067476.8862033298,627005.6466947284,45,135,67,0,45,0,0,0,68.8952453488138,91.95405797577918,,906838.5819244176,0.581447963800905,385962.38735088444,311931.69229800755,4292115.902094931,407618.96797773574,0,794.0,45.0,43.0,76.0,92.0,124.48992443324937,41.999165598441046,19807.220077220078,27920.906040416045,246.39168765743074,195635.0,27283.0,0.0,9540
160,657,15092772.528158296,5.9132420091324205,28.0,209358,23913911,1554462.8465751244,1326412.3888844359,60000000,0,2040602.4696948205,1264272.219999707,70,186,116,4,70,0,0,0,87.02159106391568,101.12742554538127,,,0.665144596651446,316247.72691169987,180057.367960766,5232364.225360711,171347.2758779404,0,655.0,27.0,29.0,58.0,72.0,118.86259541984732,37.15678068740161,22638.4046875,29078.95875738051,115.18320610687023,75445.0,1179.0,0.0,9600
161,760,14144199.718421053,5.635526315789473,5.502631578947368,299794,1970804,930580.0387186933,1110917.9276881416,58937073,0,1299583.9204832423,781995.5871210655,41,146,163,3,41,0,0,0,85.54870087913908,114.79044886221473,,175185.7692848058,0.6092105263157894,290594.634167852,166904.43779121633,4247837.215911319,318748.925215378,0,472.0,15.0,9.0,37.0,50.0,119.13347457627118,33.14481482351542,25631.510729613732,30129.060744452276,147.27118644067798,69512.0,1460.0,0.0,9660
162,1167,11032346.341902314,5.277634961439588,13.149100257069408,498932,16631356,1124855.9982006755,1114214.8318068956,73554880,0,1472312.8043486897,1014632.7610057954,51,334,153,2,51,0,0,0,72.18653272747575,108.5987205929874,,,0.5955441302485004,216834.1231441438,166230.5416155915,3695558.9706766615,214233.1246378676,0,582.0,16.0,12.0,40.0,55.0,118.8659793814433,30.662943217062402,22869.416666666668,29551.230867971874,303.0412371134021,176370.0,35040.0,0.0,9720
163,1415,9908665.048056537,4.884098939929329,4.224028268551237,579506,1927275,926957.2508528436,1030590.2316170186,87900000,0,1173245.535262074,588767.1437034175,81,396,175,7,81,0,0,0,71.89925629556438,108.80237844596404,,,0.5773851590106007,284519.7244826738,66247.06060259808,3205641.074459523,330752.4596974945,0,476.0,10.0,8.0,33.0,49.0,123.43487394957984,37.58770742767225,25776.26906779661,30247.847333025424,130.2310924369748,61990.0,1179.0,0.0,9780
164,1440,8658041.465277778,4.6090277777777775,3.636111111111111,620260,1190301,668717.6039097903,1084388.896345841,104000000,0,939936.0500519472,782855.8562721901,89,475,165,10,89,0,0,0,69.18730709325243,106.97916238375423,,,0.5222222222222223,304639.0846541291,128800.20125678208,2990375.7671705782,266585.7847172323,0,516.0,9.0,10.0,35.0,50.0,122.59108527131782,36.122787337544864,26669.848722986248,30498.45453065723,138.4031007751938,71416.0,1179.0,0.0,9840
165,1848,11815871.9004329,4.630411255411255,3.9009740259740258,690446,1592742,1046549.1449482361,1059919.9560759726,104000000,0,1398540.1572666797,742276.743327279,61,372,303,4,61,0,0,0,78.38721480086303,117.02478646456065,,,0.6325757575757576,192817.00410852177,60461.141471156494,3700398.101658496,209003.24778500586,0,648.0,11.0,11.0,47.0,62.0,131.36111111111111,47.25993594573582,19200.979623824453,28066.62472126782,265.9104938271605,172310.0,29200.0,0.0,9900
166,848,5654245.996462264,4.711084905660377,3.456367924528302,408048,398444,660777.2242703413,709957.130916044,59936368,0,899302.84776084,722560.2909694997,48,306,95,4,48,0,0,0,71.23087720537205,115.72306833201533,,204676.4795821126,0.48702830188679247,305816.3471368855,264690.0807250398,1769772.2940966366,227489.71815974577,0,1815.0,28.0,27.0,97.0,112.0,95.85344352617079,62.12501629280637,8940.161442933175,21098.26341128923,697.8986225895317,1266686.0,3984.0,0.0,9960
167,924,5740359.159090909,4.897186147186147,3.5551948051948052,448302,405870,618030.3228882999,786377.195172079,119426094,0,816311.495398077,586681.2819103006,54,356,116,6,54,0,0,0,67.79554011976752,114.49159283374631,,206047.11740159668,0.4675324675324675,214147.34390694738,143188.86219724725,2084300.0795874475,158054.5490968462,0,3626.0,69.0,69.0,236.0,250.0,97.72669608383895,65.4902828397683,5861.352155434122,16909.10751040727,659.911748483177,2392840.0,1460.0,0.0,10020
168,1069,6438051.3713751165,4.732460243217961,3.341440598690365,513679,458060,1344418.7286330136,560973.6553949476,95600000,0,1555744.0791777673,529632.4202735984,70,404,84,4,70,0,0,0,67.57453323082854,113.67179680693461,,158584.41614114266,0.470533208606174,190157.7164351456,156467.23940523324,2445233.204574312,243692.53490102466,0,1877.0,68.0,68.0,159.0,171.0,107.70644645711242,58.950004349380976,8460.671599317018,20216.92176525876,289.06872669152904,542582.0,1705.0,0.0,10080
169,1784,8100275.751121076,4.9125560538116595,3.952354260089686,883186,1542277,463466.09914268914,754980.9316286956,59900000,0,730611.7646055913,586544.2591441678,41,570,269,0,41,0,0,0,79.25263681770258,127.05384719054008,,,0.5442825112107623,141823.7609908043,132903.61541797398,2516569.669040005,138815.46339298127,0,1216.0,63.0,62.0,111.0,123.0,110.34868421052632,47.12957497976664,12806.894117647058,24436.11378139552,187.41940789473685,227902.0,21900.0,0.0,10140
170,722,18417985.403047092,5.56786703601108,5.2797783933518,394474,1052972,1229063.7889700488,1826542.6843368981,59936351,0,1842161.5845173323,1381995.1184685738,33,100,197,5,33,0,0,0,96.49920749383531,141.26541123675443,,,0.628808864265928,322507.9591529015,158991.73285301667,6595995.24550706,336003.50842154725,0,434.0,34.0,46.0,66.0,69.0,114.98617511520737,42.92987775750257,18036.6327014218,27351.14545726359,95.57142857142857,41478.0,1705.0,0.0,10200
171,732,16856040.86748634,5.58879781420765,4.815573770491803,344518,1171419,1824619.4153972352,1292273.1056927608,59000000,0,2286966.0197874326,979458.5257144965,29,145,160,4,29,0,0,0,91.46106862152527,123.82659408886599,,130366.90122175263,0.5027322404371585,388661.04873528285,272304.89547128597,5080301.580043773,133169.60090527605,0,232.0,14.0,14.0,25.0,36.0,122.25,33.50851155035608,6880.918181818181,16556.443945243696,552.3491379310345,128145.0,33580.0,0.0,10260
172,700,16144763.07,5.198571428571428,4.1,351791,564944,1297726.228826899,2113654.444846359,84926124,0,1837719.9009903288,1892627.334184024,91,235,143,6,91,0,0,0,74.94750027247386,110.23885125369387,,,0.4442857142857143,337745.87496603164,267354.65512147255,6282092.57898723,417922.4024663386,0,148.0,10.0,9.0,19.0,19.0,121.61486486486487,33.911353756331465,11841.944444444445,22048.332004455806,728.1013513513514,107759.0,35040.0,0.0,10320
173,1197,15409799.671679199,4.9223057644110275,4.2364243943191315,470746,1460763,1097573.0200517073,1585652.394010766,86400000,0,1607228.3607683992,1234099.2606564416,83,276,277,16,83,0,0,0,80.82280604743617,112.55961237531831,,,0.6015037593984962,225897.63629729598,168284.69701105985,5643617.376528399,299963.0598486804,0,184.0,12.0,10.0,23.0,22.0,128.22826086956522,41.675326731305674,23053.728260869564,28753.92511865176,112.92391304347827,20778.0,1281.0,0.0,10380
174,705,17578516.25957447,5.521985815602837,4.887943262411348,313725,1089982,1794134.785642211,1631295.0107029802,59936526,0,2402930.88405669,1210798.0155949309,51,171,175,6,51,0,0,0,83.83658516167093,122.17645368074312,,883492.1188285375,0.5347517730496454,242032.072437624,144348.61314671038,5539961.242651179,560392.8539784277,0,153.0,10.0,10.0,18.0,18.0,120.49673202614379,32.447553671272146,15230.369127516778,24864.250631190593,685.9542483660131,104951.0,35040.0,0.0,10440
175,593,12277267.347386172,10.42158516020236,6.571669477234401,3813067,439239,1298415.68011998,1331056.5701437946,100670330,0,1625051.3100058236,744014.7610094707,79,205,119,10,79,0,0,0,74.21311476168111,108.88115585131013,,715983.3885061588,0.41989881956155145,837094.8776914892,437996.0920595532,3705538.4094180223,227239.1013106641,0,372.0,19.0,19.0,45.0,45.0,158.3763440860215,70.17424043835183,9550.470588235294,20963.98511204058,434.27150537634407,161549.0,3984.0,0.0,10500
176,998,12017332.926853707,5.094188376753507,4.645290581162325,393529,1806293,1210085.7978216494,1375528.6557042098,59921606,0,1620327.489986329,885794.4264860859,122,314,238,14,122,0,0,0,87.43837604747074,125.10154931820672,,749359.8916884724,0.5511022044088176,115647.62391589177,76823.22278208181,4831731.786405962,111585.51090553979,0,1292.0,15.0,15.0,52.0,52.0,72.22445820433437,50.41738191347402,1918.1850328947369,8522.116221339302,963.8235294117648,1245260.0,1460.0,0.0,10560
177,631,15480773.535657687,7.288431061806656,17.042789223454832,524889,11655160,1679866.7509366137,1324574.9581368098,58900000,0,2091550.3895489606,1052202.2813426417,39,149,219,4,39,0,0,0,101.37325666204406,139.33122080244962,,564636.0828686538,0.5562599049128367,712084.1206128908,280036.7526431804,4466132.320437581,363965.5595143121,0,,,,,,,,,,,,,,10620
178,587,13437057.747870527,5.017035775127768,4.374787052810903,253590,583191,1273660.719965045,1476808.5054106943,59939542,0,1812882.214959739,1365293.0094433865,20,114,162,0,20,0,0,0,86.72437043333102,129.54148260696388,,138696.64289424257,0.5672913117546848,249801.82359488777,204888.39815355244,4580949.428756108,406521.5245784696,0,,,,,,,,,,,,,,10680
179,1055,13057868.908056872,4.62654028436019,4.102369668246445,404493,1319694,1368023.6338858788,1129247.406686901,59356152,0,1828285.7958398778,920419.0810739006,72,244,237,4,72,0,0,0,87.80176971177279,125.33490637136293,,,0.637914691943128,181147.90114895932,110359.28782117239,4394708.074254939,230981.9802874507,0,,,,,,,,,,,,,,10740
180,900,14330254.09111111,5.547777777777778,4.807777777777778,355645,1517752,1288278.7049920298,1421993.2867800577,59801950,0,1762906.0350529475,1133306.3083108668,53,175,230,5,53,0,0,0,99.66068958131878,140.70063966429024,,296268.681702101,0.6144444444444445,500494.3632115269,116959.42475436765,5240303.682066425,343185.39314242813,0,,,,,,,,,,,,,,10800
181,1082,16386272.271719038,5.154343807763401,4.905730129390019,421886,1921424,1014765.6915182435,1744626.2749097364,81200000,0,1549461.4628138612,1309964.3440543993,58,202,273,3,58,0,0,0,95.93897933652624,136.453351858228,,,0.6284658040665434,74733.76762172548,41875.26425370085,5374666.025294929,199221.43912145862,0,,,,,,,,,,,,,,10860
182,651,12850975.583717357,4.682027649769585,3.02457757296467,215638,312197,2711334.5442220266,1126207.5748734283,59842818,0,3016103.9460559567,1040795.2467920885,96,292,117,10,96,0,0,0,57.35688928165207,86.12371607957327,,793221.5195046245,0.43010752688172044,683894.8825776232,385315.6121926142,4861297.365650574,618272.6515808236,0,,,,,,,,,,,,,,10920
183,790,12388863.764556961,4.512658227848101,4.041772151898734,276233,1016403,1033736.4744490416,1287295.7017430554,60000000,0,1509102.6903075278,1007927.3943972061,37,148,180,2,37,0,0,0,78.60343158987709,108.07086837814772,,,0.6303797468354431,206410.8253069302,153118.22112255183,3400831.239705907,219103.93028028606,0,,,,,,,,,,,,,,10980
184,1828,14885234.81345733,4.965536105032823,4.802516411378556,570948,4434309,836044.9506989912,1488340.9676037298,59842795,0,1317176.0146835397,1003765.4156359723,144,398,391,9,144,0,0,0,87.85056077624371,117.70931149024678,,,0.6734135667396062,241300.2900844303,189919.49559578282,5256597.993028719,364740.43544896046,0,,,,,,,,,,,,,,11040
185,487,13527950.377823409,4.891170431211499,3.891170431211499,230134,383380,2613957.8872677432,1034613.9581093205,59900000,0,2927764.045175134,842505.2209345459,17,143,116,4,17,0,0,0,76.45605228585606,117.55783199737803,,438891.2762169043,0.486652977412731,300309.3611836889,174491.86813088492,4234617.358935945,434288.9828591286,0,,,,,,,,,,,,,,11100
186,918,13247052.393246187,4.766884531590414,3.7777777777777777,328220,716750,950585.5359385922,1561632.8055959991,59936392,0,1457693.1001774117,1165519.516645872,50,203,186,1,50,0,0,0,76.83567205502527,107.30309186343376,,,0.616557734204793,614835.6952255291,138351.03107987368,5096317.212309376,261459.44339248646,0,,,,,,,,,,,,,,11160
187,1531,14679361.455258,5.519921619856303,5.987589810581319,541754,5825169,772681.5017041666,1196393.2535988502,59789704,0,1214414.837855904,847090.5479926043,125,380,383,9,125,0,0,0,93.86681716981796,123.80696591662672,,,0.6303069888961463,119600.44202427377,79823.28058347563,4306269.907991522,85949.64959950093,0,,,,,,,,,,,,,,11220
188,994,16261910.175050301,6.664989939637827,6.8843058350100605,391085,4034996,1721591.8777025717,1477423.6145010595,59937203,0,2140783.4798536273,1256354.817200925,50,212,199,4,50,0,0,0,87.57090160208872,119.21521167014869,,116042.82055716366,0.6126760563380281,431319.11666308,198954.27005276643,5184130.939698703,244674.0211798193,0,,,,,,,,,,,,,,11280
189,1008,10702475.6875,4.504960317460317,4.1438492063492065,346861,1693284,689353.0171355335,894436.0193843915,58921433,0,1052784.1406443038,632848.3087297253,91,316,196,5,91,0,0,0,81.93746912022787,111.15629694094763,,,0.5833333333333334,212461.85520684763,214512.94984625632,2981042.790606331,192385.1903653734,0,,,,,,,,,,,,,,11340
190,1204,13046230.068106312,5.062292358803987,6.397840531561462,388528,5195337,1017793.9748537012,1162545.3838387,59936670,0,1394565.8593220944,804953.5214015909,112,332,217,9,112,0,0,0,85.26556534416662,104.0202353247941,,,0.6694352159468439,264349.62918016926,229244.59395985494,3648773.006356219,349333.04138401133,0,,,,,,,,,,,,,,11400
191,740,10878603.36081081,5.2472972972972975,4.052702702702702,321289,923318,1361472.9069493066,820163.9039947054,67836422,0,1607438.84598279,543329.8814857777,65,235,164,8,65,0,0,0,85.28756594597162,130.3705976181876,,,0.48243243243243245,355038.99178087106,236844.19624137584,2836070.375253097,230728.2863800109,0,,,,,,,,,,,,,,11460
192,734,10860589.551771117,5.6580381471389645,4.583106267029973,262483,724052,1077441.5855064937,1146788.8671288344,67200000,0,1378248.2854260434,906715.6329972406,80,263,169,7,80,0,0,0,75.54095897891499,113.90848068087533,,,0.4564032697547684,326409.92556501145,189463.65101162368,2942591.3692629947,307974.77423093613,0,,,,,,,,,,,,,,11520
193,1421,17542205.266713582,5.1182266009852215,4.763546798029557,504940,2490725,1144866.8752752158,1522430.1914414493,59000000,0,1699834.0420767388,1068930.3576811717,93,266,394,0,93,0,0,0,97.33949814116166,139.52467314954174,,,0.6579873328641802,220940.51253972706,128869.8278459358,5605563.488602258,165138.32111877578,0,,,,,,,,,,,,,,11580
194,758,16443772.726912929,6.241424802110818,5.687335092348285,293248,1235792,1323039.024272839,1523755.108129878,87748359,0,1808464.8177529383,1069927.431882491,42,176,196,6,42,0,0,0,92.06717759211992,137.91326705360146,,,0.6081794195250659,408506.32960821723,299127.10399346915,5358220.715596454,446192.0917034964,0,,,,,,,,,,,,,,11640
195,593,7422756.21079258,4.790893760539629,3.590219224283305,282035,410848,713838.3447588106,748638.3810362185,58824452,0,875683.5188034622,632092.6050846853,19,195,135,1,19,0,0,0,78.45273224648818,123.99384650241298,,,0.5935919055649241,326604.80709435657,317510.78190498427,1811155.0972096925,223882.6388181256,0,,,,,,,,,,,,,,11700
196,1022,15141816.345401173,4.909980430528376,4.069471624266145,368039,1106909,1818889.4529582963,1623988.590405306,59936407,0,2306551.976325878,1335453.7296503633,147,348,213,8,147,0,0,0,75.58260929795607,109.20028887735802,,,0.5557729941291585,146212.26965562024,108501.86704302886,5378893.760154574,393455.58776657534,0,,,,,,,,,,,,,,11760
197,477,11312381.459119497,4.8742138364779874,3.7127882599580713,203492,463490,975497.3120556399,880212.5234503163,58911593,0,1294347.3177325295,863711.7886637625,32,129,80,2,32,0,0,0,75.49476279174613,100.85973125570273,,,0.6016771488469602,643422.0070980084,405342.63765376864,2256703.28900716,482218.3233803681,0,,,,,,,,,,,,,,11820
198,900,15706780.865555555,4.7188888888888885,4.528888888888889,311608,1375417,1076137.317075843,1706453.9875885695,59937885,0,1684906.149424579,1311469.4360787491,45,207,175,2,45,0,0,0,87.85527794749945,123.24943343331556,,,0.6511111111111111,184966.8633761587,46561.03614296698,5173549.998905694,277761.6025081739,0,,,,,,,,,,,,,,11880
199,840,16404681.26904762,5.166666666666667,4.241666666666666,292564,1169129,1900490.5356608785,1441323.177919598,58907700,0,2380503.163387849,1065129.5937754025,61,205,146,5,61,0,0,0,71.06305012031524,96.01996021117868,,,0.5761904761904761,571454.0669893788,292564.88959435205,5796182.671918521,564992.2880385335,0,,,,,,,,,,,,,,11940
200,849,13968329.090694936,4.4946996466431095,3.9929328621908127,286100,846418,1107773.2144145605,1531321.3995974322,59936325,0,1587198.1443723368,1266506.3812893296,28,162,177,2,28,0,0,0,80.38216291649776,112.33434928236902,,,0.6395759717314488,206333.44853232554,44087.24901441684,5027228.097137721,263311.6201405768,0,,,,,,,,,,,,,,12000
201,874,13630661.819221968,4.795194508009153,4.183066361556064,278932,1507902,1129762.1415018744,1512089.4378134233,63219506,0,1653457.1080232658,1030517.9833191945,70,218,149,3,70,0,0,0,82.51028222593719,96.8980055559698,,494939.50159231975,0.6109839816933639,458605.05512794363,267767.7512151774,4838523.070341037,608693.4811949044,0,,,,,,,,,,,,,,12060
202,1366,16221727.721083455,4.446559297218156,4.009516837481699,378774,1686130,1375529.0892517383,1741138.7339841786,97200000,0,2018146.992618751,1308736.2804631467,113,282,310,2,113,0,0,0,83.72812187045908,111.87973615735731,,,0.6427525622254758,112025.37778436264,39992.57461768879,5770906.741235021,277939.0141142774,0,,,,,,,,,,,,,,12120
203,842,10343476.580760095,4.648456057007126,3.4085510688836105,258631,777064,1082209.1400958765,1302470.9328477872,64104250,0,1499869.7951573606,1048447.5290449157,109,293,103,6,109,0,0,0,67.89031485770808,90.46221906780131,,,0.5344418052256532,409969.1283524631,223933.30456525428,3572633.252787714,455063.3703052153,0,,,,,,,,,,,,,,12180
204,558,15498316.421146953,4.408602150537634,3.7455197132616487,201311,481454,2041342.4429854038,2226745.2112867283,59936560,0,2598441.2378995367,976140.191532724,73,225,57,6,73,0,0,0,62.17042206313817,79.46343259635752,,1377342.6196744381,0.5645161290322581,132366.27430972733,62240.1329401063,6465379.625347671,602083.6096365316,0,,,,,,,,,,,,,,12240
205,805,15055976.190062111,4.6919254658385094,3.629813664596273,251658,810972,1496222.9627030806,1244242.9965495158,99200000,0,1979865.3996101827,1169077.0843408655,106,253,168,8,106,0,0,0,66.08212691940882,92.3415540808015,,,0.4832298136645963,348589.4643565606,222507.93282958842,4145826.112949348,382926.1249461882,0,,,,,,,,,,,,,,12300
206,397,10334519.813602015,4.425692695214106,3.0806045340050376,115337,219616,1579227.0801273417,1346426.5583170087,59936425,0,1912892.9284399026,686420.3057600266,25,77,85,0,25,0,0,0,67.5668464446932,87.75008327631839,,,0.5843828715365239,641816.6741034029,10174.239110116661,3917032.5986321326,153584.15488660682,0,,,,,,,,,,,,,,12360
207,1128,16991278.985815603,5.024822695035461,4.586879432624113,370379,2009188,1323821.2155310288,1594687.8152369545,59809164,0,1833573.753661044,1223458.7986742002,79,213,289,4,79,0,0,0,81.79482801166436,110.11951175334593,,,0.6347517730496454,239813.8325844256,160820.75438499107,5155299.600439889,417248.44977528485,0,,,,,,,,,,,,,,12420
208,1222,17062682.569558103,5.064648117839607,5.041734860883797,447260,2290689,1089423.674514079,1483267.890156346,71000000,0,1656507.8859848832,1140864.3376769486,81,183,290,6,81,0,0,0,88.84848547610237,117.1263883998225,,,0.6800327332242226,159641.68641963796,104132.32028316101,5716380.131480395,184560.62682877117,0,,,,,,,,,,,,,,12480
209,736,13481350.994565217,4.096467391304348,3.566576086956522,213752,760404,1064943.853215514,1582499.9284766458,59900000,0,1587110.9721388817,1193485.9513953894,40,170,120,6,40,0,0,0,73.58493711736915,94.84241611903776,,,0.6535326086956522,339603.9652297966,123516.64377012002,5046341.278213315,592929.7374848884,0,,,,,,,,,,,,,,12540
210,558,16872792.71863799,5.094982078853047,3.9731182795698925,208232,638848,2336759.6731107,1520442.2289700836,59936399,0,2809957.1598310936,918662.1868846327,84,230,55,1,84,0,0,0,64.85899015315198,80.99278698639857,,,0.4946236559139785,699855.8942447392,86893.03120383804,5602465.067620112,306464.45046735386,0,,,,,,,,,,,,,,12600
211,1950,14954733.772307692,4.425128205128205,4.513846153846154,628285,3758721,823758.7254908382,1645164.5394200585,60800000,0,1317584.5678786563,967073.4791159349,158,332,388,13,158,0,0,0,87.40423563117129,107.26998100452164,,,0.7292307692307692,102283.9526139032,74041.27653153904,5964134.548208806,136814.54915023505,0,,,,,,,,,,,,,,12660
212,518,14642698.457528958,5.615830115830116,5.515444015444015,206154,1495330,926019.2405975836,1096979.2295122659,59936432,0,1313432.2792540581,818995.4358626752,50,161,60,8,50,0,0,0,70.87616593196488,84.29906784964594,,,0.5772200772200772,863401.0701120538,534368.4575796984,3313254.5985206394,560109.6120074092,0,,,,,,,,,,,,,,12720
213,1172,14161007.505972696,4.401023890784983,4.023037542662116,527133,1141216,1537074.3426279272,1375723.5799448777,59834485,0,1985616.5311921993,985533.6293851042,65,233,195,7,65,0,0,0,73.20316403669214,91.7044062803988,,,0.6527303754266212,187815.0612451276,145806.29308565025,4816832.491983613,203438.99083431452,0,,,,,,,,,,,,,,12780
214,1322,17790334.56051437,5.920574886535552,6.513615733736763,467696,5721439,921721.9257528385,1611078.809367153,101072659,0,1583480.9183082406,1337503.4474345148,132,300,246,13,132,0,0,0,84.55809112271105,100.54738266892163,,,0.6679273827534039,280500.02875207504,150360.10915418953,5407192.335599384,302730.64650906523,0,,,,,,,,,,,,,,12840
215,409,14959542.163814181,6.488997555012225,6.166259168704157,272934,1001124,1579127.337640189,1419840.9312627893,60026983,0,2038692.3890040566,982742.4358934519,29,136,85,10,29,0,0,0,78.67916460148338,110.76160386377653,,,0.4474327628361858,815266.8718530814,423034.31032875436,4659862.781046134,385353.7873457737,0,,,,,,,,,,,,,,12900
216,1083,18336188.039704524,6.460757156048015,8.375807940904894,398361,7823836,1499317.5221727826,1539254.2087028977,59936772,0,2078831.807069987,1226278.1425847234,100,265,207,9,100,0,0,0,81.21482480369059,103.03262806549927,,283304.66828848416,0.6500461680517082,256024.84072766657,230880.89956191147,5610301.595702582,221558.91539373025,0,,,,,,,,,,,,,,12960
217,1692,16230337.68676123,5.40307328605201,5.34869976359338,1043009,4038235,691612.5639466438,1321291.905843169,59000000,0,1208001.227912432,1013925.5157024885,143,324,436,8,143,0,0,0,92.41204679885922,121.4978166353247,,,0.650709219858156,164205.99685409133,145558.7417580645,4427134.312905252,147466.04317807796,0,,,,,,,,,,,,,,13020
218,516,14578527.910852714,6.0523255813953485,5.226744186046512,280629,628942,1510229.1970261177,1391015.7346360164,59936718,0,2066567.1727350508,1280027.5818207678,27,148,138,0,27,0,0,0,79.10973707820038,117.1563692227407,,956216.6111276051,0.5038759689922481,573849.9801426288,423155.7838446658,4185109.9301585034,479214.28476277896,0,,,,,,,,,,,,,,13080
219,795,13924985.9081761,4.568553459119497,3.523270440251572,308478,516366,1857559.7334877362,1333129.3567766887,83609908,0,2165607.694171287,917429.4133233585,140,378,117,12,140,0,0,0,56.46875493459585,77.79619663220315,,,0.4679245283018868,405682.99822804664,96489.97502164502,4608044.405322553,168263.21870774103,0,,,,,,,,,,,,,,13140
220,1410,15246851.231205674,5.253900709219858,5.443262411347518,534212,3977992,831037.5654683417,1344048.5702778683,98800000,0,1348381.1117442884,1200605.7251452599,90,255,335,6,90,0,0,0,95.8826120104685,116.5789548043398,,,0.7226950354609929,261403.92056736772,101300.48592775504,4160554.0410496085,180895.343235834,0,,,,,,,,,,,,,,13200
221,545,18563465.181651376,5.873394495412844,5.126605504587156,359554,496612,1934406.164297515,1665757.7360821792,60346922,0,2557258.6993175703,1336566.3101020968,44,126,127,1,44,0,0,0,80.70110053517101,115.53476630780422,,,0.5376146788990825,812281.8544094656,295446.26931379957,5200204.540383056,422075.9071979087,0,,,,,,,,,,,,,,13260
222,1026,14767386.314814815,4.522417153996101,3.7173489278752436,347196,779568,1291473.2006147245,1268818.48254477,59936387,0,1752087.8464631743,1090660.692882567,64,225,196,2,64,0,0,0,72.81905559897592,95.34340469637962,,,0.6384015594541911,307954.6864694028,47695.62971790291,4280511.131244872,143528.62780594834,0,,,,,,,,,,,,,,13320
223,745,13971781.523489933,4.981208053691275,4.425503355704698,355952,691536,966557.8598623602,1299003.3020267845,58844713,0,1377377.47267569,863075.6160297829,75,215,164,10,75,0,0,0,71.12824676529276,99.62600147004416,,,0.5570469798657718,934604.0196900672,181033.47539500878,4614712.065864138,52042.30164599419,0,,,,,,,,,,,,,,13380
224,694,16579425.704610951,5.723342939481268,4.677233429394812,283834,1075593,1751055.9868701969,1392446.5933665151,59936416,0,2245519.968966568,1154907.9603972654,78,200,147,2,78,0,0,0,80.17079380935202,110.41592956297853,,,0.5331412103746398,588982.7157675003,165880.71949100523,5069645.985066224,247724.97596649744,0,,,,,,,,,,,,,,13440
225,1420,16319654.683098592,4.915492957746479,5.580985915492958,486653,3716717,949170.6672151124,1272480.0464004194,59000000,0,1501941.1530170336,1026290.5369740603,65,220,360,8,65,0,0,0,88.9260888546974,111.54047589949816,,,0.7161971830985916,226518.1132728485,139855.17097018947,4296501.015320023,136521.0824975741,0,,,,,,,,,,,,,,13500
226,714,16963761.656862747,6.6120448179271705,5.775910364145658,521192,1727771,919270.5586407499,1661562.0177641723,59936354,0,1445619.9952051693,1442004.5744461366,79,178,153,8,79,0,0,0,93.68531281243528,125.22791066977746,,,0.6022408963585434,373228.39066073427,231167.54608891383,5727005.09347201,228974.829915529,0,,,,,,,,,,,,,,13560
227,961,19546424.092611864,5.321540062434964,5.141519250780437,414493,1592812,1845023.0105830925,1689998.1108572166,58937162,0,2414360.2342452165,1108587.0681038345,52,209,234,5,52,0,0,0,82.60628898471208,112.76739175922633,,,0.6493236212278877,849734.8764790846,99202.48215955913,6481715.48081687,117168.38401576594,0,,,,,,,,,,,,,,13620
228,867,12087793.441753171,4.886966551326413,3.748558246828143,283396,684475,890700.7792103352,1142401.6554266296,59936407,0,1321252.8140437575,1151434.2108793852,104,274,212,8,104,0,0,0,73.38578630269977,107.28862041952975,,,0.5086505190311419,383730.26743699,251543.7314959385,2936725.279687578,184671.65731726223,0,,,,,,,,,,,,,,13680
229,1425,15593810.111578947,4.891228070175439,5.0028070175438595,462170,3207327,1008313.4356505682,1335639.307873776,89600000,0,1511642.082701465,923485.4270012433,97,294,324,6,97,0,0,0,84.95760091857636,108.16913610368785,,,0.68,357340.3367131092,107375.61078402655,4485808.463961152,198687.18239540874,0,,,,,,,,,,,,,,13740
230,865,16472886.478612717,5.184971098265896,4.526011560693641,356579,1461900,1705931.675813314,1368550.3686743616,59936411,0,2180967.7717397674,1211941.7891652181,100,267,188,10,100,0,0,0,78.32493371687654,105.50617701677629,,,0.5248554913294797,485667.3120689382,33652.754800126655,4954618.193389738,287707.08599178493,0,,,,,,,,,,,,,,13800
231,572,13760981.111888113,5.75,4.986013986013986,325258,495500,1036297.607301198,1160615.7432248795,58714827,0,1470196.091550631,931047.3749427564,22,153,126,1,22,0,0,0,77.54642062155227,106.44326111376644,,,0.5314685314685315,668776.288631685,336098.8691602014,3075683.10079893,250981.94981920085,0,,,,,,,,,,,,,,13860
232,1008,10149583.094246032,4.571428571428571,3.816468253968254,379876,1028230,961993.9575055232,1125626.4028276622,79335651,0,1362674.280357668,847686.0685018762,107,254,208,6,107,0,0,0,83.93051518830327,109.2112214741628,,,0.564484126984127,172314.11190049452,215815.90492448694,3474142.223556416,224979.95720828234,0,,,,,,,,,,,,,,13920
233,1466,17225211.598908596,5.395634379263302,7.85675306957708,532269,8650641,1197789.702321111,1542365.057501176,59942073,0,1757783.9143203688,1063797.8728068166,70,201,358,10,70,0,0,0,98.40760945456535,122.73634812990633,,,0.742837653478854,446551.53032444493,238275.86584309573,5899099.839319,262689.25428879267,0,,,,,,,,,,,,,,13980
234,779,11231272.340179717,4.952503209242619,4.463414634146342,304982,1064054,949509.173712579,1330599.2077304001,82068549,0,1461588.913414871,992872.1487771454,74,182,226,6,74,0,0,0,89.70293425887125,130.34753646600308,,,0.5815147625160462,271489.76867892116,154127.13191316288,4532180.508178961,549452.0590324182,0,,,,,,,,,,,,,,14040
235,1295,12840759.374517374,4.6694980694980694,4.04942084942085,391554,1822314,989418.6854460163,1345899.6341843484,65141456,0,1499889.407381527,1064057.4200783898,123,362,311,10,123,0,0,0,79.86781304169297,109.4396789884864,,,0.5644787644787644,264582.99669949146,98893.74504737367,4472926.716659453,337228.6036912119,0,,,,,,,,,,,,,,14100
236,879,16781541.675767917,6.161547212741752,6.234357224118316,411429,3072818,1540582.3585666744,1432962.2959811143,99500000,0,2177264.543486795,1246197.1861825439,37,152,283,4,37,0,0,0,117.58475399763083,156.4464328077711,,,0.6097838452787259,333280.4098394936,114909.59933233433,4850222.639202001,107787.44155499195,0,,,,,,,,,,,,,,14160
237,693,13241663.546897547,4.510822510822511,3.632034632034632,217037,687274,1540665.6164366412,1684040.9685765961,74226349,0,1928749.0557650244,1010206.1148604162,35,213,134,4,35,0,0,0,68.34744476852265,94.73367776115829,,,0.5786435786435786,388101.3337872523,177955.71410070555,5372477.30017567,96549.11118005613,0,,,,,,,,,,,,,,14220
238,1975,15565072.864810126,5.213164556962026,6.020759493670886,674290,7225823,974561.427856285,1214946.8683409158,91400000,0,1457008.3527673301,926696.5512377627,123,310,435,12,123,0,0,0,90.33629604611484,114.27949192805539,,,0.7473417721518988,175672.84882294363,88818.49759069236,4305832.357290661,238934.79681785806,0,,,,,,,,,,,,,,14280
239,648,12078673.359567901,4.270061728395062,3.6358024691358026,219684,573902,1839513.481731879,1034337.5182347634,59940077,0,2247810.1932843355,846273.3250999869,52,211,152,4,52,0,0,0,73.13855870363194,105.51560792525709,,,0.558641975308642,166179.3654828833,55050.49522224971,4348861.302683735,245936.19236376477,0,,,,,,,,,,,,,,14340
240,512,12614457.8359375,5.40234375,3.677734375,220382,356808,1005764.8053822604,1322859.763106574,59936453,0,1461802.0809933424,1114528.135029078,41,249,68,12,41,0,0,0,59.017024444213085,82.12465612863046,,,0.50390625,887178.5358989012,250863.06162175947,3897783.918550091,374902.39298192656,0,,,,,,,,,,,,,,14400
241,1138,16132581.296133569,5.490333919156415,6.041300527240773,509293,5071337,1598342.7580903987,1321356.8299512728,59763225,0,2121325.457493839,977094.9013651297,93,265,259,5,93,0,0,0,90.62936313846231,100.63947947275896,,,0.6423550087873462,75950.52850651312,30837.087773795207,4252684.213036285,238278.2976586494,0,,,,,,,,,,,,,,14460
242,560,11750952.655357143,4.0375,3.069642857142857,186846,257364,1087929.024708653,1233114.7737088401,59936378,0,1566581.0896332448,1013091.2794927993,27,146,83,4,27,0,0,0,56.89732417699393,69.13850107054215,,626107.409556901,0.6714285714285714,622971.8887098016,300888.81799942395,3643731.79313389,269296.9503841481,0,,,,,,,,,,,,,,14520
243,935,13538382.496256685,4.048128342245989,3.593582887700535,255303,960400,900810.4381082202,1686453.3405312784,59816805,0,1441276.6746776174,1015274.6731426662,53,188,179,5,53,0,0,0,81.09666281003882,104.30933890479274,,,0.7197860962566844,180394.8353871609,124046.49870921923,5522613.047299919,344337.11818993214,0,,,,,,,,,,,,,,14580
244,342,14914424.587719299,4.862573099415204,2.8684210526315788,136033,151881,3827295.647516938,1006390.7091222202,59936344,0,4148936.8806866817,873336.4225283336,46,132,32,8,46,0,0,0,51.16685135358392,68.27764531859883,,1461980.7408797513,0.3304093567251462,709051.4122092874,600087.316011812,5666297.3942536265,248495.60399321644,0,,,,,,,,,,,,,,14640
245,267,14034552.876404494,5.123595505617978,4.202247191011236,106700,324824,1987047.9269057487,1205686.9026006765,59838994,0,2536219.295188364,1236579.6278722226,20,81,38,2,20,0,0,0,77.39946461950113,117.35141247146142,,35092.41290367571,0.49063670411985016,302210.2559548311,293482.3455805014,4901806.7188688,130912.71150509517,0,,,,,,,,,,,,,,14700
246,533,10593202.630393997,4.50844277673546,3.1613508442776737,213695,323900,1339214.623429668,1013270.9717716591,108209598,0,1893731.4624660995,1118172.46426965,44,132,70,4,44,0,0,0,66.23135491543921,77.26842645134747,,,0.5422138836772983,703309.6972285435,105963.11716213771,2749838.899997969,238167.00940466495,0,,,,,,,,,,,,,,14760
247,319,18505926.836990595,5.156739811912225,3.981191222570533,129746,278393,3436856.492678504,1525490.520221038,62944826,0,4043867.951261876,1438087.3030871234,19,87,48,0,19,0,0,0,66.59402411139686,97.53698350125454,,,0.4169278996865204,636490.7254878825,114043.98618498853,6327690.433671749,460317.88633403217,0,,,,,,,,,,,,,,14820
248,450,14610334.731111111,5.0777777777777775,4.528888888888889,192317,724388,1440268.9646212086,1412089.9838798044,93500000,0,2178676.9664058834,1456644.7749224377,7,78,67,2,7,0,0,0,79.20928132998644,97.45109338216555,,,0.6266666666666667,679135.5216142437,210835.823960493,4434509.456769322,685123.6226959026,0,,,,,,,,,,,,,,14880
249,485,12034809.7814433,4.484536082474227,4.536082474226804,159447,1138960,1432863.2096498217,1250888.6875100143,59900000,0,1947949.7938811136,789643.732061221,31,131,97,0,31,0,0,0,81.68352686604432,110.7570810085798,,,0.5608247422680412,272833.4419363965,204186.04945299448,4534939.176599225,488290.1922907965,0,,,,,,,,,,,,,,14940
250,514,15217915.955252917,4.2587548638132295,3.2042801556420235,173622,315276,2407011.7123838915,1419987.6048330404,61600000,0,2920148.250501258,1380898.2721489263,25,91,66,2,25,0,0,0,71.66502738351673,89.64240513812335,,,0.6575875486381323,714654.9810138469,160687.51063037317,5655294.35890239,520676.13367974176,0,,,,,,,,,,,,,,15000
251,280,14926744.746428572,4.521428571428571,3.857142857142857,114265,202429,2078040.7605766268,2243498.503081787,76200000,0,3103617.86189218,1515075.8744362888,23,65,46,0,23,0,0,0,79.38184232939535,113.49544185168571,40543.390969305045,243209.0713554949,0.5785714285714286,200243.86317584777,113811.63828464963,6022053.082244733,1153858.9730444904,0,,,,,,,,,,,,,,15060
252,881,18716440.45629966,5.552780930760499,5.018161180476731,364239,1441920,1478878.389407596,1850094.3878366929,69600000,0,2061409.9717514066,1425379.8746908922,86,154,219,4,86,0,0,0,90.2362477231622,125.63594360621215,,,0.6061293984108967,249691.0571939524,204817.9870545132,6262428.663521073,659738.6035269891,0,,,,,,,,,,,,,,15120
253,526,11877130.739543727,4.260456273764259,3.4961977186311786,193032,351232,2215212.0547249103,1160656.2792300212,73337660,0,2584974.885957102,1122328.2899753652,45,138,91,2,45,0,0,0,73.57378821389412,100.02967401399087,,,0.5893536121673004,221366.57682255117,157959.76797354,4381752.342025329,501017.266127564,0,,,,,,,,,,,,,,15180
254,466,14718022.32832618,5.2296137339055795,4.412017167381975,259819,388303,1779568.9298123843,1894061.8296206738,59936410,0,2371000.5222689384,1987077.5860040328,36,129,112,0,36,0,0,0,84.99570466640428,121.60744549425429,,,0.6094420600858369,476397.56060618674,201889.33534203316,5136439.515163756,331018.825752068,0,,,,,,,,,,,,,,15240
255,549,15491631.97449909,4.579234972677596,3.3205828779599273,182026,313101,2473800.0417158087,1911130.682019983,93200000,0,3282108.49530491,1267122.9521858613,74,199,90,4,74,0,0,0,57.74845142405738,80.62532852262422,,,0.46994535519125685,390397.2477645709,323800.596851593,6277671.701877611,386237.6268786247,0,,,,,,,,,,,,,,15300
256,403,14893479.034739453,5.620347394540943,4.600496277915632,245233,412549,1968406.5716586309,1460969.2946281678,59936480,0,2582268.820150924,1419464.7342132442,25,76,106,2,25,0,0,0,84.48372867593697,128.49323081965585,,,0.5210918114143921,567134.4737877216,125816.03640319784,4891698.115561847,366639.0715066101,0,,,,,,,,,,,,,,15360
257,388,12806098.06443299,4.556701030927835,3.195876288659794,122900,231694,1378607.0323110134,1832762.3605349383,62900000,0,2033775.033200679,850888.870270319,32,96,57,4,32,0,0,0,68.70969815207603,90.38703072023247,,,0.5309278350515464,491256.2535496707,482165.114692185,4826371.702745809,1170332.284304182,0,,,,,,,,,,,,,,15420
258,408,13128907.855392156,4.465686274509804,3.950980392156863,202065,443325,3194253.5526339044,1035676.1283145552,59936401,0,3603056.7254502354,1204667.4157544458,23,64,81,2,23,0,0,0,83.95602455398334,114.48174912741078,,,0.5980392156862745,119907.3818703112,57361.967395382504,5260415.566209076,192207.94513735507,0,,,,,,,,,,,,,,15480
259,359,22452899.442896936,6.8774373259052926,5.144846796657381,173666,555487,1991906.2070288633,1914431.858674457,64399043,0,2569356.409263601,1157152.5034222647,21,56,84,3,21,0,0,0,93.64163557885793,144.83006332613675,,,0.4596100278551532,777568.2453461693,231368.59546309174,6442101.147573225,585750.3934751878,0,,,,,,,,,,,,,,15540
260,268,9776736.791044775,5.447761194029851,4.399253731343284,180525,188166,2227547.5119467336,1259166.899920107,73107313,0,2633930.4329815046,1278258.2879471956,9,59,65,0,9,0,0,0,77.34406116545411,128.1572867387877,,32135.354667331245,0.34328358208955223,207156.07123303937,42183.38832170593,3599545.472626187,252025.5921576908,0,,,,,,,,,,,,,,15600
261,777,14568888.877734877,4.97039897039897,4.564993564993565,260126,1712662,1606582.8654422935,1284022.3307609656,59000000,0,2048526.8384264742,768701.0381220196,38,86,169,2,38,0,0,0,92.31372601583965,111.36189614844362,,114425.28400600163,0.61003861003861,224481.32544444667,216887.8317963425,5507121.502263372,98004.67837696437,0,,,,,,,,,,,,,,15660
262,351,12847154.726495726,6.250712250712251,5.361823361823362,235076,617851,3483283.5813984904,969701.7284870981,85800000,0,3893945.9042103873,1203488.816533157,14,58,104,0,14,0,0,0,101.4687076605057,144.6426220971399,,,0.3903133903133903,420626.7619513453,505190.3845894386,5010195.701895019,165262.53882672454,0,,,,,,,,,,,,,,15720
263,440,17103776.73636364,5.984090909090909,4.861363636363636,233530,603886,4156843.656197925,1337360.041789719,86623095,0,4602070.792936149,818963.2641553686,13,70,146,0,13,0,0,0,95.0660495001266,141.96852046618773,,,0.4954545454545455,538657.2579977826,56323.57996492957,7265396.922858844,220358.16514359522,0,,,,,,,,,,,,,,15780
264,336,19466630.23214286,6.160714285714286,3.982142857142857,202615,190399,10394967.517581383,676281.5356548408,86400000,0,10703025.345346944,1135948.587942512,41,117,89,4,41,0,0,0,65.94978906799614,111.56331361466043,26213.252601721757,41089.27892452915,0.24702380952380953,551615.7876286166,128173.83933091036,11555775.233236382,27870.825791559553,0,,,,,,,,,,,,,,15840
265,285,15591177.459649123,6.133333333333334,3.8526315789473684,178378,166055,10709690.041315047,961598.0872874688,86300000,0,10893847.60184256,224803.90410455025,12,95,96,0,12,0,0,0,78.62037939937053,127.84003775775332,,73626.1686655355,0.16140350877192983,243948.2116959063,227397.04661348337,11482784.924658868,258298.15135556067,0,,,,,,,,,,,,,,15900
266,286,20377161.230769232,7.580419580419581,4.741258741258742,180446,197840,11021838.146014044,967991.414920603,86331399,0,11371511.10770452,1339414.7497776274,27,87,102,0,27,0,0,0,81.74301975701607,138.6699509003766,,,0.16783216783216784,667149.2038965988,626335.1770236132,12617097.315851983,310480.99777416023,0,,,,,,,,,,,,,,15960
267,244,19617390.12704918,7.135245901639344,4.627049180327869,178692,192353,13714366.60426328,389566.0385849483,86300000,0,13809752.86115623,343043.3021030137,5,43,108,0,5,0,0,0,90.46617295821311,165.73996063062253,2766.5963455257042,7748.87341868851,0.16393442622950818,345496.50845286885,311845.08766267146,13914492.71977459,86453.68663804633,0,,,,,,,,,,,,,,16020
268,722,20828073.09141274,8.117728531855956,9.20775623268698,546307,5106272,3241189.229172891,1370016.616357689,86203456,0,3847314.9153037383,1313420.1802385792,32,92,241,0,32,0,0,0,141.80691256532907,164.36267026820732,,,0.6274238227146814,250662.23947148747,45779.63742121004,6671619.75718333,99670.9858651772,0,,,,,,,,,,,,,,16080
269,279,7189514.860215054,5.494623655913978,4.336917562724015,152051,235643,732170.2033003041,866394.6193501691,59070732,0,1076087.6496068002,622748.165284277,5,43,96,0,5,0,0,0,91.61163439369534,132.4084563189914,,,0.5268817204301075,84235.92871342094,7866.892270314317,2746873.6007578657,4811.033538910015,0,,,,,,,,,,,,,,16140
270,152,7244313.861842105,83.10526315789474,214.30263157894737,214821,140467,933436.2254594505,334420.77219556004,56323930,0,1192646.241394258,360544.0030940238,6,52,41,0,6,0,0,0,45.13582385223421,79.36954936744408,51359.921716395475,57078.913285956274,19.45394736842105,30434.626680556532,17181.31447955287,1606188.805873405,24992.59763609071,0,,,,,,,,,,,,,,16200
271,37,9476092.35135135,5.972972972972973,6.594594594594595,31835,33869,244753.43576361542,703196.4265487097,58606238,0,536321.8162802946,437225.3747813813,4,8,13,0,4,0,0,0,84.47777306018378,134.40027193756757,,51842.89499687483,0.7567567567567568,167754.3063063062,92181.6346676392,3297719.2132132133,20933.596322437974,0,,,,,,,,,,,,,,16260
272,36,27296141.138888888,9.555555555555555,9.86111111111111,23508,37480,5277302.717103324,676795.5298714536,56339624,0,5881421.789887481,1139350.972674585,5,7,15,0,5,0,0,0,82.91285107308889,151.7387640915,,37862.14932044488,0.75,98089.84764402358,62575.850036550415,5842454.125201179,91136.54537113343,0,,,,,,,,,,,,,,16320
273,52,5657026.846153846,4.480769230769231,4.403846153846154,21309,29359,413669.7038633736,1044888.4943874433,53759884,0,885300.9938175825,411805.70202905976,3,9,12,0,3,0,0,0,65.99561990025384,101.717862868425,1707.1900493592152,27231.99647606717,0.5192307692307693,10938.865384615385,35.57291037676923,2775554.4615384615,1954.3887503774558,0,,,,,,,,,,,,,,16380
274,83,16272344.060240963,6.506024096385542,7.759036144578313,39406,262913,485413.7142203767,732186.6015529181,58535598,0,1050529.4031364066,851481.2354050402,8,16,17,0,8,0,0,0,88.93946276679277,92.5542239870229,27938.841510835882,35099.03915428981,0.6867469879518072,61286.81773958173,77519.77190556517,2359672.239356821,49923.593668491936,0,,,,,,,,,,,,,,16440
275,116,14403018.637931034,4.560344827586207,5.5344827586206895,41400,250173,1876125.7071539864,1394674.6854884794,59100000,0,2504236.8691992345,695504.7334813547,6,14,37,0,6,0,0,0,101.11854760155603,132.02909612865517,,,0.8017241379310345,186681.58605016457,56478.467223680316,6012941.529466301,1480692.0811066965,0,,,,,,,,,,,,,,16500
276,159,21805534.57861635,34.39622641509434,20.132075471698112,6228713,241905,731363.5726090345,2072850.5551617832,58728450,0,1488335.6849183342,1474457.3777287647,6,22,46,0,6,0,0,0,89.16737424142956,122.52296612245408,,277765.1469467215,0.8113207547169812,402072.424173604,221148.30023150198,7321966.506532364,1096044.8318065873,0,,,,,,,,,,,,,,16560
277,62,10067903.193548387,72.2741935483871,38.66129032258065,5692231,45602,2110487.100450839,1769256.5965381993,56337974,0,2597259.5876470036,563458.8346432929,6,17,19,2,6,0,0,0,85.43004858755967,141.33489699649837,68450.98641715388,6472.47197852574,0.3870967741935484,49657.6754032258,39719.5111319357,5097525.401209678,6590.572101613681,0,,,,,,,,,,,,,,16620
278,76,30370262.67105263,6.802631578947368,5.973684210526316,38260,45773,5485241.198305386,7598116.198211737,77149872,0,6762275.199415833,812356.2169197229,27,44,13,0,27,0,0,0,56.95293490600922,90.82614342725263,114282.51449369384,10114.925982814488,0.5657894736842105,87761.44874552694,39956.163317875384,17040222.408238817,1352341.9973100557,0,,,,,,,,,,,,,,16680
279,105,8290351.933333334,3.8190476190476192,2.8285714285714287,25868,41594,323086.40313331987,779576.0797655918,58735987,0,618860.797262178,621144.1745875214,10,40,18,2,10,0,0,0,45.82409483982,61.85346552068285,,3291078.677739912,0.4380952380952381,20253.5030302684,12083.996663468208,2511675.5852813856,21096.320474545024,0,,,,,,,,,,,,,,16740
280,33,30951680.636363637,10.212121212121213,10.848484848484848,27966,33468,2587553.2743964335,1567199.2852437226,56321485,0,3727657.4257878894,1668322.599709936,9,11,9,0,9,0,0,0,83.05987352147878,132.35135896033333,638.505813563503,8164.570608964757,0.7272727272727273,141002.9696969697,158663.76443704937,5941511.800351176,158350.6981861242,0,,,,,,,,,,,,,,16800
281,45,6176669.444444444,4.266666666666667,3.7111111111111112,16665,20710,2592619.928395226,137321.14871456177,56326944,0,2698320.0523806345,163603.20277851852,0,10,12,0,0,0,0,0,53.88179987084667,92.85923138332001,12972.777217857963,46552.61001174084,0.4,0.0,0.0,2502485.8666666667,947.8373564574733,0,,,,,,,,,,,,,,16860
282,60,9929970.316666666,5.866666666666666,6.35,38628,52202,410330.3080798732,804743.5478747332,46230020,0,967698.1696372355,702397.1240645014,11,17,16,0,11,0,0,0,81.05133255446334,128.594310388835,,67865.85171900032,0.7333333333333333,62097.58194444449,98360.86218589883,2084475.038888889,93185.26877599227,0,,,,,,,,,,,,,,16920
283,16,2451776.875,5.625,6.625,11728,16310,163078.5645399918,208330.47769426604,1479755,3,380639.875,260618.4023779762,2,2,8,0,2,0,0,0,110.0955409340875,194.40577034989377,784.8120156541063,42678.559815097615,0.75,0.0,0.0,0.0,0.0,0,,,,,,,,,,,,,,16980
284,38,13021271.684210526,4.684210526315789,4.2105263157894735,13568,15490,3179447.021363125,330493.91354002466,56324496,0,3410217.0739384713,407921.0224339598,2,8,6,0,2,0,0,0,47.26433588004474,70.99780149127895,6936.1246510894,27570.62639370497,0.47368421052631576,31651.679825438605,78807.99152706157,3454453.7587807016,87772.09092079595,0,,,,,,,,,,,,,,17040
285,42,16935036.95238095,5.095238095238095,5.571428571428571,16922,35566,598036.7379763578,1678611.4713424412,58742759,0,1482290.7455131896,1072116.314366402,2,6,10,0,2,0,0,0,67.56770400623095,97.54342948171191,3672.2010873179997,27495.713148693416,0.6666666666666666,79701.2034632684,62085.06962779222,5783669.598484848,144379.8683900192,0,,,,,,,,,,,,,,17100
286,26,10725905.307692308,6.6923076923076925,7.076923076923077,17914,22250,304714.03565674816,528063.4027267513,10200000,1,661999.9885380951,574444.0619829062,4,6,6,0,4,0,0,0,81.87439866778845,141.73810338978078,3228.1872072045194,1321.4758715033845,0.6153846153846154,61600.132868181805,107972.22347218424,745965.7272902096,91785.88351966423,0,,,,,,,,,,,,,,17160
287,44,10338253.545454545,4.318181818181818,4.2727272727272725,16614,23922,2809678.1323898113,687749.4815391741,56340971,0,3251340.6416402603,407366.8429373738,4,12,10,0,4,0,0,0,58.20975647125227,92.53492308537045,,58453.78014931422,0.45454545454545453,7364.318181818182,115.12984045932272,4619132.4772727275,14405.179346802533,0,,,,,,,,,,,,,,17220
288,32,6156700.875,4.625,4.3125,13000,15476,213302.37938501232,356689.12724278355,10200000,0,456537.78299305565,427794.1569306596,2,6,6,0,2,0,0,0,59.37463309514375,84.39328580140625,7670.647826267315,31720.10921526318,0.5625,58370.5546875,92255.92800462095,599073.9296875,79169.55236651469,0,,,,,,,,,,,,,,17280
289,108,5781906.092592592,4.074074074074074,4.2407407407407405,30610,129846,313880.0378510962,1186595.0828457824,58825330,0,563202.8773358014,631420.6030956947,6,14,30,0,6,0,0,0,96.37461323267316,138.65137520662316,40718.18104889201,756947.1195947654,0.7777777777777778,79717.53703703704,0.0,4921802.694444444,0.0,0,,,,,,,,,,,,,,17340
290,26,450547.07692307694,83.3076923076923,237.15384615384616,13580,20426,15822.085933614006,37445.17097290511,1258602,0,45369.87193858013,20661.75912604994,0,10,6,4,0,0,0,0,28.13107472058846,57.42772572082693,,24211.037350788596,14.153846153846153,0.0,0.0,0.0,0.0,0,,,,,,,,,,,,,,17400
441,5,118415381.4,75.4,0.0,0,0,1595149.410757168,1830072.617338568,13949790,110073,1595149.410757168,0.0,0,0,0,0,0,0,0,0,0.0,0.0,0.63686082638,0.0,0.0,35687081.06666666,28242963.86325068,9964528.9,1813926.287232152,0,,,,,,,,,,,,,,26460
442,5350,18655013.993271027,6.055140186915888,6.558317757009346,1805338,22538828,925533.735652586,1499314.7418240565,119455389,0,1519074.3325508432,1272093.8053437986,170,758,1577,17,170,0,0,0,110.46714746547602,143.81335232969158,,,0.734392523364486,273724.7152030807,136879.34493023387,5501884.602987067,96273.72646728334,0,,,,,,,,,,,,,,26520
443,810,7523679.083950617,3.411111111111111,2.6419753086419755,191308,487179,1016787.9362135383,1514931.14729084,80600000,0,1862249.199006579,1849116.9902732943,4,309,144,18,4,0,0,0,66.3750882848763,88.9615652677074,,75555.70875451309,0.6567901234567901,238514.58950629632,217242.97766560098,3204817.2773841377,233219.0489874762,0,,,,,,,,,,,,,,26580
444,984,9324462.163617887,4.192073170731708,2.283536585365854,189965,466881,1134021.0793994276,1554991.697508081,65529580,0,1745307.811690211,1359919.7085246257,51,576,144,0,51,0,0,0,49.01676431828607,71.86342339723353,,109436.93364499684,0.5477642276422764,976423.9158608534,478018.60530442774,3683119.517478648,119961.7883650814,0,,,,,,,,,,,,,,26640
445,1249,3898766.601281025,2.745396317053643,1.4915932746196958,182045,409416,794128.7383493918,956451.7208793381,75580438,0,1509892.7488157924,1263885.8020278537,299,697,130,22,299,0,0,0,47.4869671655976,56.26022313428006,,,0.49639711769415534,120623.36395173642,83794.63609533745,2052842.7994758717,63730.77380875315,0,,,,,,,,,,,,,,26700
446,1085,15151473.14562212,5.635023041474654,5.7778801843317975,340448,4229669,886939.7857083118,1450085.3433779245,110000000,0,1350189.3665711605,1033325.3774572506,26,127,230,0,26,0,0,0,94.01829643052378,111.5646872985539,,,0.7428571428571429,1096532.3894553296,349220.2087944572,4309716.484830302,296353.42408677214,0,,,,,,,,,,,,,,26760
447,1696,11730764.480542453,3.932193396226415,3.875,378115,2987854,854304.2134366985,1475827.062250999,69211996,0,1777353.157281135,1583703.2761157206,32,227,375,2,32,0,0,0,79.87064092089688,94.66117928212884,,178250.23664575344,0.7659198113207547,111906.62748039387,22531.764817591014,3644291.56568105,43873.58490299439,0,,,,,,,,,,,,,,26820
448,627,17959092.751196172,7.0669856459330145,4.637958532695375,249592,1190418,1078104.4247251824,1747218.715050824,61030371,0,1457747.4575317837,1232659.0473728522,26,202,175,1,26,0,0,0,96.26015357307624,142.03845180970686,,,0.6012759170653907,1495573.2134600305,815809.6007273739,5579803.92878319,370429.4603436676,0,,,,,,,,,,,,,,26880
449,608,9087048.481907895,3.8996710526315788,2.960526315789474,207808,489768,1625012.196893229,2436977.9295116174,64154642,0,3385694.9285622854,3062635.8172681155,59,295,137,10,59,0,0,0,73.09173971127994,106.49775208678668,,,0.5296052631578947,141517.50424639654,72733.5320103601,5688690.713150419,121893.44293984996,0,,,,,,,,,,,,,,26940
450,743,12847534.952893674,5.500672947510094,3.838492597577389,236224,1498031,895408.7134189632,1372271.5873271648,85000000,0,1434685.804777222,1389175.027754787,63,230,134,11,63,0,0,0,73.82230133124617,91.75501122416756,,,0.5720053835800808,1094637.6219910986,823649.6830955643,3970924.9916823804,321957.1122390776,0,,,,,,,,,,,,,,27000
451,1552,12868772.226804124,47.345360824742265,166.98904639175257,746488,366920423,964584.0338141961,1718173.706181763,82339129,0,1959139.0081282477,1786840.926805774,65,236,375,3,65,0,0,0,110.03661427527403,126.72852040660355,,,0.8086340206185567,95632.2547809473,50249.08618255343,5463791.987369526,418152.96393904573,0,,,,,,,,,,,,,,27060
452,810,17871209.17530864,88.57777777777778,189.99753086419753,310667,218027498,980337.8584090638,2085704.849253834,109811388,0,1542525.9222586937,1157963.1552061767,69,208,258,10,69,0,0,0,126.21836361974863,165.8201626427352,,,0.5753086419753086,948940.0422729381,317529.7821605743,5344687.586773823,535231.5402265023,0,,,,,,,,,,,,,,27120
453,1008,17278466.29761905,31.901785714285715,85.3422619047619,1540325,118551999,934463.2769987404,1854641.6614568797,97700000,0,1515320.4112917446,1077494.5031372947,49,280,252,3,49,0,0,0,100.37351415501726,126.04931939634682,,,0.6765873015873016,629817.1152923509,211278.33529694218,5691597.403641225,265407.8052027722,0,,,,,,,,,,,,,,27180
454,1305,15282322.502681993,4.880459770114943,4.454406130268199,446587,2632754,1161088.3462837248,1861531.7030336403,86935013,0,1628701.9087829662,1310067.4573043864,112,367,308,8,112,0,0,0,88.87943359872774,120.55566879162521,,,0.6406130268199234,286177.17013502895,179049.34477042552,5843933.329009988,462585.3393680961,0,,,,,,,,,,,,,,27240
455,732,12629651.846994536,5.834699453551913,5.352459016393443,234497,2584605,1198172.1604924726,1102686.9877623804,73601816,0,1415473.3968924272,663096.269031316,52,250,128,8,52,0,0,0,72.00512799016434,95.27651432392283,,,0.6407103825136612,797906.8719632269,484005.6493235146,4031219.2925391034,408884.83629793726,0,,,,,,,,,,,,,,27300
456,1788,16863309.011744965,5.745525727069351,6.017897091722595,739507,5769759,658458.9330313904,1536055.4164031364,59732357,0,1124856.1020739332,1019442.7442713724,90,390,527,8,90,0,0,0,105.12457066283127,143.15458160936006,,,0.6879194630872483,245354.88888447714,79777.57363175876,5330157.170983026,234484.22256055992,0,,,,,,,,,,,,,,27360
457,1343,15792939.85927029,5.209977661950856,4.475800446760982,384469,2929776,1083303.3531035653,1452562.9520857504,109780919,0,1535500.800214987,969885.2079772608,89,391,308,13,89,0,0,0,89.8706527354146,119.38805620926217,,,0.5964259121370067,571816.3486209197,219813.27418429067,5290626.078962704,209569.1897528291,0,,,,,,,,,,,,,,27420
458,889,11789695.721034871,5.7109111361079865,5.901012373453319,361971,3599913,920118.0835204194,1404496.7265944297,59922030,0,1258520.9171750972,959391.4123205303,47,340,165,10,47,0,0,0,72.34198967676603,100.42237170904916,,398906.7908024797,0.5838020247469067,253889.05411844526,187829.35552188195,4598930.6010761075,469023.82367005537,0,,,,,,,,,,,,,,27480
459,926,10331858.435205184,4.6781857451403885,2.970842332613391,274956,740627,846131.8369643543,1326087.3640235804,108312139,0,1249561.1439026035,1067360.840706055,165,434,166,11,165,0,0,0,69.31072929799612,97.23580467986264,,,0.541036717062635,767120.9332612882,388709.05094789766,3660240.5929765296,144485.06206735002,0,,,,,,,,,,,,,,27540
460,876,17702631.514840182,11.398401826484019,18.366438356164384,442006,18461271,1546234.3381036948,1545144.2142783983,60703388,0,2023833.9903487542,1141066.883142591,63,270,227,3,63,0,0,0,107.44260658480307,137.61939391332328,,74435.51902061362,0.6015981735159818,90863.25651735852,47603.164929653874,5185477.090048015,231242.2657952389,0,,,,,,,,,,,,,,27600
461,781,16707938.417413572,6.387964148527529,5.47887323943662,293831,2386290,985583.1146347158,1490067.6103649249,59900000,0,1421613.9591243786,1217540.5249973142,45,201,219,5,45,0,0,0,86.21737263354775,119.17556302841831,,,0.6261203585147247,780393.5724264869,645044.4272591049,4961650.072867271,337335.9098191701,0,,,,,,,,,,,,,,27660
462,511,10467732.583170254,4.540117416829745,3.681017612524462,200375,489458,980637.0821261775,1246529.741447098,118000000,0,1240711.9985922417,940797.1782938773,32,203,114,6,32,0,0,0,79.86154646141019,115.35215252110586,32236.129618224535,122299.36590860668,0.5205479452054794,254202.55359711935,213538.30053994947,4076870.7931876555,108424.1220410479,0,,,,,,,,,,,,,,27720
463,934,17500181.843683083,6.690578158458244,8.88865096359743,508739,7406301,1320266.7310156727,1439498.8635493263,60700000,0,1729928.385384971,1057418.4934101247,55,243,239,3,55,0,0,0,114.05453449268768,135.0354938091923,,,0.6937901498929336,578551.8886671751,494914.86737704265,5275284.521577404,272245.71909396746,0,,,,,,,,,,,,,,27780
464,523,11828970.619502869,5.458891013384322,4.5659655831739965,242188,917357,840086.1274537701,1099866.0389744255,58900000,0,1067136.1694193715,668476.6771552728,42,178,135,5,42,0,0,0,88.85993097630899,127.27274070110477,,,0.5544933078393881,655902.5245958666,256577.6208129685,3466236.301380671,139695.0272564558,0,,,,,,,,,,,,,,27840
465,675,13473759.822222222,7.940740740740741,8.318518518518518,440805,4333002,1150269.0562349167,1301510.6919286803,60339734,0,1529320.1483341611,1220446.6465229443,18,219,203,0,18,0,0,0,106.2783423433563,142.02406926249364,,70578.19846495613,0.5437037037037037,1189916.6642277646,198854.67170514428,3953601.339374543,247211.2876090083,0,,,,,,,,,,,,,,27900
466,1302,13295723.447004609,5.329493087557604,5.04147465437788,507821,3374858,911384.530069258,1163043.9691856855,82814459,0,1242879.2229995416,952358.2227135217,54,307,327,6,54,0,0,0,101.30293392423563,135.88208967796191,,,0.6536098310291859,355573.87863352435,190870.6400892438,4339777.7744082045,123785.40780871928,0,,,,,,,,,,,,,,27960
467,1269,19214754.845547676,6.727344365642238,8.459416863672184,566254,7965298,774545.9467519926,1795704.8280535135,103000000,0,1329519.0075392076,1319411.3020639478,43,251,347,1,43,0,0,0,113.20873585668188,144.0324724698315,,,0.7092198581560284,420653.57794522616,186367.23721666876,7077259.6570501635,219624.7119928161,0,,,,,,,,,,,,,,28020
468,766,11067719.16840731,4.906005221932115,3.8159268929503916,317820,891160,1055980.9720650665,1107093.2759478593,106320636,0,1291346.7777176972,649269.4457859454,28,259,203,3,28,0,0,0,93.18754074576384,131.663397509994,,,0.5926892950391645,844206.3060246882,264845.4608615647,3665798.0049130544,276144.08257646556,0,,,,,,,,,,,,,,28080
469,1229,11515165.128559805,4.823433685923515,5.802278275020342,526963,4875470,1115906.7970602608,1502719.7816353268,86971176,0,1507449.0604971696,993446.3549564854,106,389,314,6,106,0,0,0,96.59192504581863,123.24855508124199,,,0.6501220504475184,228705.78169440152,55405.621875319375,4273743.430533676,1301550.1041510175,0,,,,,,,,,,,,,,28140
470,1082,12446317.232902033,4.902033271719039,3.5794824399260627,291420,1513471,607918.0514254967,1241933.5183642027,72498255,0,966254.7964827165,929074.4717713001,122,357,253,3,122,0,0,0,78.61507515706478,103.94320882958797,,,0.6035120147874307,700613.0738194745,378434.634865184,3973556.2887288127,197728.78336644016,0,,,,,,,,,,,,,,28200
471,450,7157274.462222222,4.311111111111111,2.973333333333333,177321,423680,1821954.928169217,784298.7782935366,62600000,0,1909557.3632190952,696541.1890365954,17,127,110,2,17,0,0,0,102.39199059625355,124.94827475246645,,,0.4488888888888889,391492.0122222222,216036.1745094993,3543784.953333333,199135.48022129099,0,,,,,,,,,,,,,,28260
472,734,14088748.648501363,6.489100817438692,6.1880108991825615,279719,3242439,988965.605150044,1239519.9882572806,59939043,0,1348662.092413094,1061284.1147859416,18,195,229,0,18,0,0,0,113.01691920589579,143.05848417295476,,,0.5817438692098093,916455.8362781928,255443.48133552895,4261508.698451119,181803.442594221,0,,,,,,,,,,,,,,28320
473,1829,14693392.368507382,5.139967195188627,5.282121377802078,673134,5209456,588917.3325322744,1268706.2102048225,97101830,0,1090710.4861160691,1035452.9489587145,70,316,492,3,70,0,0,0,102.43535560754658,133.4977166755745,,,0.7266265718972116,241436.49993761352,85735.35809680348,4213269.456466624,64210.011007680536,0,,,,,,,,,,,,,,28380
474,1293,14196710.27764888,4.779582366589327,4.078112915699923,362654,2190971,1200738.8555326357,1283732.4236760912,99384314,0,1704630.6222117569,1146286.941381772,31,292,308,5,31,0,0,0,85.54954627062259,111.41027793532892,,96910.89662548789,0.674400618716164,529790.4103635268,103177.31106231223,4244892.513566079,155951.1880458862,0,,,,,,,,,,,,,,28440
475,2643,13987446.58910329,5.206961785849414,5.58948164964056,966342,8657676,590156.3853159065,1130665.2450456342,60000000,0,973722.7713128399,838651.4484522765,88,544,631,11,88,0,0,0,96.17833217651082,124.5942993035132,,,0.7162315550510783,215112.24365286258,167557.0486793439,3949628.6207967363,153874.16197912378,0,,,,,,,,,,,,,,28500
476,675,7813187.263703704,4.032592592592593,2.2533333333333334,163962,409872,747611.8091401366,1087262.6208082312,60434828,0,896979.7699198498,786272.1311224242,76,375,103,16,76,0,0,0,56.40791478762148,74.51630770035244,,,0.5096296296296297,691821.7430482605,156916.57142577774,3619900.452464646,164165.38945994063,0,,,,,,,,,,,,,,28560
477,1204,12890585.99833887,4.92109634551495,4.670265780730897,340748,3336607,1128263.9527223036,1238023.6446620144,82800000,0,1575236.7318292276,892544.4066256633,76,417,259,8,76,0,0,0,76.28847104689635,97.01128162043415,,,0.617109634551495,485764.7835460915,141591.99173594455,4156152.7662852034,85609.50646926995,0,,,,,,,,,,,,,,28620
478,957,8904895.312434692,4.2936259143155695,5.016718913270638,202676,3918942,510575.51902526955,778652.2356040331,72599196,0,720708.6550132959,724343.1959790488,106,302,184,10,106,0,0,0,77.51905711439906,95.34059947385006,,,0.619644723092999,266939.55027546466,100526.42738723324,2547967.565712264,166658.98127316343,0,,,,,,,,,,,,,,28680
479,1283,14013916.888542479,4.698363211223694,4.067030397505846,393014,1970276,890662.4247643617,1277970.9548215556,74900000,0,1355807.8117632775,967349.1312617187,50,253,262,7,50,0,0,0,85.2418780839187,109.79013946526844,,184651.79052564444,0.7084957131722526,527203.123306783,235624.02720835738,4061823.737175728,117418.13690364778,0,,,,,,,,,,,,,,28740
480,1620,12561341.255555555,4.5092592592592595,4.311111111111111,459208,3156803,833575.3207818497,1132641.4756692422,59936593,0,1151109.7679057075,884094.2660209249,75,363,384,5,75,0,0,0,93.40681253878346,125.67346751266729,,,0.6907407407407408,223762.43082814504,68211.31090460058,4166751.701740904,148220.48325365366,0,,,,,,,,,,,,,,28800
481,804,13493817.218905473,5.236318407960199,4.001243781094527,302149,1233459,878881.372958645,1352125.5674015654,60014752,0,1229182.526644513,983040.1148681554,47,281,192,8,47,0,0,0,76.18421536848147,104.12626877982437,,,0.5485074626865671,691181.482483316,446011.8707919511,4302419.448147497,357585.30512257933,0,,,,,,,,,,,,,,28860
482,757,10746047.861294584,4.618229854689564,3.8546895640686922,236293,1256871,882924.1982341751,1065435.0141195406,59936638,0,1204404.9792981315,899588.3301927363,37,264,189,3,37,0,0,0,83.54307197486723,118.7713522549193,,,0.5640686922060766,202085.3925487082,170455.09941267245,3396150.0542429844,168700.23795677323,0,,,,,,,,,,,,,,28920
483,971,13738197.460350154,4.719876416065912,3.834191555097837,322972,1197416,1211718.7061482274,1343262.863071365,62324186,0,1625656.6193696714,999033.9570357925,115,295,207,7,115,0,0,0,75.11480771113398,101.69064167898104,,,0.619979402677652,496556.61006632925,206919.22233109752,4492773.412325993,481987.0770929536,0,,,,,,,,,,,,,,28980
484,698,11012607.845272206,4.2979942693409745,3.1117478510028653,195474,587266,1108398.6274472652,1373287.926463645,63817092,0,1486463.3130659382,1199235.2781795901,63,188,185,2,63,0,0,0,77.34179792731103,103.97787377227534,,,0.6174785100286533,466191.6699668006,337080.28532629606,4010402.2305941405,328503.57576952816,0,,,,,,,,,,,,,,29040
485,568,17165842.70774648,5.209507042253521,3.8767605633802815,243192,568754,2028394.5950469114,1774006.3234005284,60000000,0,2443341.541577839,1156445.359238939,35,188,110,5,35,0,0,0,79.2341190721234,110.39376684611426,38519.611457897256,407097.0823791301,0.5686619718309859,821457.5995085347,443570.9860977074,6367027.371988178,438774.60081300285,0,,,,,,,,,,,,,,29100
486,475,17003423.867368422,5.7368421052631575,4.334736842105263,173131,848403,1897313.2918353681,1842686.4179197594,60813838,0,2357693.8136562994,1602730.2664040918,50,180,121,0,50,0,0,0,90.78213427972779,135.22954243174127,,74575.88559324206,0.4926315789473684,591338.1132483128,202088.41737642186,6333049.2303475905,579423.6787753202,0,,,,,,,,,,,,,,29160
487,2601,15161230.18531334,5.018838908112264,4.87043444828912,929723,5565250,572556.3311797801,1236636.6073548452,60015234,0,991678.0478191255,955333.7764405374,89,424,654,8,89,0,0,0,98.40234753029036,131.11943741427385,,,0.7185697808535179,221353.05585289065,125779.76859775391,4160260.7669860674,94400.35170026959,0,,,,,,,,,,,,,,29220
488,759,14686777.930171277,5.384716732542819,4.797101449275362,237171,1988759,1672404.6339507357,1471484.9148670863,59874050,0,2010119.5032275552,1144319.9553351838,91,294,176,9,91,0,0,0,81.76243680125995,113.37179083284401,,,0.5349143610013175,488979.82967455673,233997.8970138656,5674066.384598822,500534.84532849706,0,,,,,,,,,,,,,,29280
489,1041,11603180.261287224,4.345821325648415,3.9500480307396733,391214,1263693,849307.3138802183,1125993.4688817472,71428518,0,1092992.186726984,901633.844221509,38,319,205,0,38,0,0,0,77.06575966833967,101.99276616578915,,396910.5881383317,0.6935638808837656,247219.08607246968,141754.44007458177,3714787.2252383786,275942.8548735752,0,,,,,,,,,,,,,,29340
490,2398,15667271.740200168,5.957464553794829,6.217264386989157,868096,10113912,705388.1253175567,1390165.0731126324,75000000,0,1149888.58908196,1101066.1201739972,176,599,634,19,176,0,0,0,100.59789128483908,129.11337068719905,,,0.6305254378648875,209917.3156919092,126713.93439252196,4498146.971303688,178814.9021043671,0,,,,,,,,,,,,,,29400
491,1102,17309763.48911071,5.549001814882033,5.762250453720508,498632,3422730,1374714.7741093996,1652319.7578637411,60110956,0,1820972.385904469,958762.6513440132,77,302,250,6,77,0,0,0,97.08142968720998,124.6423998637313,,,0.6669691470054446,407219.9725130932,278611.0970761918,6385293.047811875,258695.1571983389,0,,,,,,,,,,,,,,29460
492,1441,9623027.82165163,6.460791117279667,5.850798056904927,937057,2580161,583316.4072038322,1045863.4774097966,115000000,0,913815.1009321704,879112.6254593926,42,331,719,9,42,0,0,0,108.01175314432976,187.44120333099053,,,0.48091603053435117,281047.26282450516,108512.35468106106,3168669.0138677093,233081.74392628294,0,,,,,,,,,,,,,,29520
493,2268,9031719.339065256,6.592151675485009,6.264991181657848,1872360,2955318,498006.459332617,949388.6605615437,101240373,0,860661.8570496303,707349.1818849999,139,411,1253,14,139,0,0,0,118.17747533407871,211.2032803204928,,,0.47001763668430335,328005.87547320075,166722.34159541957,2490840.6894383384,190849.26196418816,0,,,,,,,,,,,,,,29580
494,2184,7111079.986721612,6.7866300366300365,6.298534798534798,1863795,2972023,755454.675939878,901426.5279142366,114432944,0,1099185.369841057,729983.1266143498,105,344,1385,10,105,0,0,0,129.7611516609059,235.25697171645803,,,0.42994505494505497,438236.5747176755,44937.96187350476,2413539.365268916,159664.21675982332,0,,,,,,,,,,,,,,29640
495,2120,11310536.989622641,7.477358490566037,7.755660377358491,1847164,6149659,535642.9625399038,1116042.1378815856,114000000,0,953875.9747888694,859657.4621978939,33,179,1241,2,33,0,0,0,133.6966418753023,230.6421596505337,,,0.48962264150943396,549093.5806544309,214055.24393603098,3597011.380065659,218238.77096476636,0,,,,,,,,,,,,,,29700
496,1100,11348088.706363637,6.743636363636363,6.010909090909091,811374,2637153,781616.6656427674,1165176.9585606572,117000000,0,1062360.7590081007,948853.2088498174,57,221,517,6,57,0,0,0,125.67626584648163,200.32797803275156,,,0.36727272727272725,372047.62438598357,181071.52126741884,3810869.0296074785,277335.9357761295,0,,,,,,,,,,,,,,29760
497,2269,13036988.151167916,6.75275451740855,6.947113265755839,1422308,8774086,813815.1556924869,1197366.8941310213,105472823,0,1188700.7564532175,847612.8910477776,98,380,907,11,98,0,0,0,117.93141420655853,178.23423107327034,,,0.5187307183781401,317197.82224964077,189075.6839358577,4040294.7611112413,379269.91926055704,0,,,,,,,,,,,,,,29820
498,1728,9381601.333333334,6.175347222222222,5.585069444444445,1144943,3290879,553599.7229197482,1159366.2647560963,115000000,0,907075.4937113432,832598.6345038557,44,271,818,8,44,0,0,0,117.91577200554676,192.61012500428865,,,0.4224537037037037,214823.0233263165,40063.05928756373,3974443.3536316413,217984.193623153,0,,,,,,,,,,,,,,29880
499,1403,8004892.62722737,7.565930149679259,7.111903064861012,1186191,4632730,711636.367425472,989140.9001585247,86700000,0,941528.2991207307,647428.5687781337,39,233,772,1,39,0,0,0,132.15005804513166,228.88528730709527,,,0.25302922309337134,393720.1373744288,134812.8543713418,3276940.011386573,218248.7406170252,0,,,,,,,,,,,,,,29940
500,1677,7274716.533691115,6.742993440667859,5.989862850327967,1313727,3004754,704988.9818166265,770780.3290942939,59905205,0,928455.3445294906,609372.5313865714,28,217,961,2,28,0,0,0,132.42456832005487,228.48885436422637,,39531.740986978584,0.3124627310673822,212878.0873134087,59074.160786899796,2686649.492596032,79166.7879669174,0,,,,,,,,,,,,,,30000
501,840,15082159.867857143,5.71547619047619,5.703571428571428,353799,3091317,940370.8435922689,1552769.3534361748,59937109,0,1268600.90630341,1291672.5669417002,29,181,232,5,29,0,0,0,119.96300665661535,146.53133752667011,12182.598812856024,172449.04772625942,0.6130952380952381,615129.4565109863,26261.681925261833,4811965.535605375,165013.03592176133,0,,,,,,,,,,,,,,30060
502,976,14267608.721311476,4.815573770491803,4.645491803278689,262427,2526763,1476553.9384989233,1184597.1645675385,59936325,0,1815837.5047465004,1028895.4610182273,31,186,228,0,31,0,0,0,84.53838105395205,103.93878968212397,,125294.68767343105,0.6516393442622951,272686.50111345726,63138.308938857575,4512027.656342883,116990.85706323304,0,,,,,,,,,,,,,,30120
503,819,8518507.683760684,4.096459096459096,2.7887667887667886,226815,647790,1345034.8228672107,890082.6080182362,72138390,0,1566493.3620737032,729620.9436000255,64,291,142,15,64,0,0,0,75.30410223956238,97.83187287977339,,680841.2788783613,0.5787545787545788,495895.62876004766,219254.68365109182,3067729.118291536,180804.7141261742,0,,,,,,,,,,,,,,30180
504,1133,14247952.484554281,4.823477493380406,4.184466019417476,328954,1948747,769080.3251673279,1392864.2182539466,59936333,0,1217916.393260292,1107035.5485135696,83,326,265,2,83,0,0,0,81.85583264199691,111.55977623632684,,151996.24577150986,0.6054721977052074,226149.4158293758,230272.99114217507,4714061.418581354,124167.105893699,0,,,,,,,,,,,,,,30240
505,490,11365538.142857144,4.563265306122449,3.126530612244898,164337,561303,2897448.2449734937,1114666.5137058941,59937046,0,3115988.159328639,951396.6394113484,36,214,106,3,36,0,0,0,75.56181813083163,107.42136963937102,,156828.93371447953,0.48367346938775513,793843.6607295708,77444.50025135097,5337253.987957576,302494.1373068283,0,,,,,,,,,,,,,,30300
506,1603,14421620.349968808,4.6743605739238925,4.184029943855271,425060,2639917,733148.3458664642,1512698.1543110884,67336633,0,1205023.6089007056,1112060.6009675784,111,320,347,8,111,0,0,0,82.5928139159373,108.21637813802664,,,0.686837180286962,326393.525010328,82223.06191924216,5356933.580183553,322924.87237319705,0,,,,,,,,,,,,,,30360
507,2094,14332110.55921681,5.298949379178605,5.585004775549188,652799,6906635,635337.2968376648,1357721.4881240437,59937008,0,1037986.5401537411,994959.7913135171,106,394,586,11,106,0,0,0,107.6459657734162,145.69675168304371,,,0.7020057306590258,214334.03325099594,113660.06512477768,4687884.38149619,226967.43083675325,0,,,,,,,,,,,,,,30420
508,879,7383191.718998862,3.5415244596131967,2.4379977246871443,206989,571618,1388236.6440193446,796779.0590773533,59937158,0,1547022.4911640154,593841.6545109767,45,285,152,6,45,0,0,0,66.48682465908429,84.63127949365051,,,0.626848691695108,388506.5938217616,90405.14300653207,3248684.7199356365,85195.82913088718,0,,,,,,,,,,,,,,30480
509,754,6212811.923076923,3.6710875331564985,2.1644562334217508,194496,398443,887781.8331014893,1214385.7830846515,59937119,0,1117997.8946133184,786957.695627436,125,452,118,12,125,0,0,0,56.20167801654164,76.57192580402308,,984799.0485169666,0.40185676392572944,138592.57296437983,87435.96279875305,3105176.9145526886,244940.1942669544,0,,,,,,,,,,,,,,30540
510,1725,16978027.5142029,6.194202898550724,6.297971014492753,1075205,6998928,860211.0553168469,1465686.435154806,59937051,0,1283839.3700675522,1099850.6784118747,131,367,426,6,131,0,0,0,91.05167349833508,111.46864599008266,,,0.6857971014492754,399767.4191357249,242531.1690089509,5055427.516594381,373930.8490229207,0,,,,,,,,,,,,,,30600
511,799,10651527.245306633,3.667083854818523,3.2090112640801003,202002,825860,1319102.7950509533,1031543.0298129208,59937238,0,1563948.0496314631,838161.1863012236,30,144,177,8,30,0,0,0,83.04233321623605,108.59537851765019,,,0.6595744680851063,125133.5015043203,25596.62176011614,4159052.323780534,62813.139885793615,0,,,,,,,,,,,,,,30660
512,878,13217182.200455582,4.8929384965831435,3.7539863325740317,344190,899176,910039.8347350394,1372232.2217976155,59939477,0,1236739.0180504443,1095702.7581813592,36,319,195,14,36,0,0,0,77.39849372542585,109.00812627793042,,,0.571753986332574,458901.2749728272,170383.19940754375,3972359.0844795792,216831.79454723484,0,,,,,,,,,,,,,,30720
513,750,8990173.96,4.168,2.776,224037,556373,877220.8789536953,930399.9395214979,59937256,0,1125351.6248969198,852341.8019003536,101,332,159,16,101,0,0,0,70.56833057616947,102.09391691110895,,723229.7732763477,0.472,339031.4275919863,122663.15379024843,3090568.109198667,76132.75561604867,0,,,,,,,,,,,,,,30780
514,1603,14236200.791640673,4.615720524017467,4.310043668122271,575412,2510719,944978.0461876335,1288611.7083093936,59933031,0,1325763.0577004864,950802.937475283,55,320,392,6,55,0,0,0,95.8334198712398,126.77272299837026,,,0.72613849033063,437287.5119254034,168892.82223015462,4500322.3092290675,157275.77172786987,0,,,,,,,,,,,,,,30840
515,1033,18395262.24588577,6.343659244917715,6.732817037754114,412898,4997916,815834.0050853963,1595971.171416341,59937096,0,1301163.5270120322,1152709.2281193952,44,254,289,3,44,0,0,0,110.40041619294918,142.57471551534707,,,0.6524685382381413,323080.73035883217,113563.83313621664,5962601.410125046,175886.92575893673,0,,,,,,,,,,,,,,30900
516,942,16299303.567940552,5.646496815286624,5.5615711252653925,366610,2927956,1399078.780055774,1532135.5648187634,59937085,0,1843766.73485059,1241772.5033690024,56,274,241,2,56,0,0,0,87.37674804541082,118.0308715981672,,,0.6061571125265393,651000.6225390546,131455.60461412484,5595053.7354567405,275816.40481133363,0,,,,,,,,,,,,,,30960
517,512,7696708.59375,3.99609375,2.23828125,136376,294812,1361894.796985243,865751.683658407,59937114,0,1436899.1488397256,772619.0150709414,74,281,95,2,74,0,0,0,59.79008703920176,81.23375825478848,,332496.7575671358,0.40625,423425.4017370774,357962.20762341743,2952574.810570431,324528.99079812603,0,,,,,,,,,,,,,,31020
518,2173,18175006.711458813,5.165209387942936,4.705936493327197,864394,3502268,724654.050606463,1699578.7660218936,59936269,0,1267685.087780227,1184519.9518714948,141,441,570,8,141,0,0,0,96.9679190131433,131.1501074000177,,,0.698573400828348,355578.9225183899,118128.62320287242,5860457.214859801,248281.3628032192,0,,,,,,,,,,,,,,31080
519,1860,15692869.754838709,5.211827956989247,5.453763440860215,604715,5689549,1010223.5249066121,1426126.0432836697,94200000,0,1461454.437968216,1112735.434897852,91,355,458,2,91,0,0,0,97.55807094828312,127.80702562541973,,,0.7086021505376344,161003.80478221062,116097.9158913043,5438143.981463665,226580.73261728545,0,,,,,,,,,,,,,,31140
520,1256,16174579.914808918,5.730891719745223,6.717356687898089,516512,5785500,940064.1233093461,1579584.0722301586,103094370,0,1429580.1072574465,1305817.3246553864,56,368,258,13,56,0,0,0,87.58003851620238,109.68079693377142,,,0.6576433121019108,283257.75743339525,251483.06876529168,5524152.79413235,442589.95530642837,0,,,,,,,,,,,,,,31200
521,1215,10772161.917695474,4.137448559670782,2.831275720164609,371044,926295,813366.0200041181,1527430.4117894317,59937370,0,1143774.3334165986,1227915.756138962,200,591,222,13,200,0,0,0,68.18864954200527,94.56452533301473,,,0.4567901234567901,223213.40904599277,64930.30191319337,4379194.007297244,237347.3094496055,0,,,,,,,,,,,,,,31260
522,1186,16062920.466273187,5.3161888701517706,5.38026981450253,477865,3760734,1223386.6497641276,1336371.6840199246,59936294,0,1661072.513190219,1162253.8684523513,157,452,243,18,157,0,0,0,93.87927499835564,118.16132577364647,,,0.5978077571669477,375682.80248474114,202098.25735543144,4858996.069679856,380439.95888308826,0,,,,,,,,,,,,,,31320
523,904,13366100.867256638,4.842920353982301,3.6780973451327434,321128,958664,972463.7717810193,1507487.4253356748,64300000,0,1440823.031186272,1380250.9236950392,88,313,196,12,88,0,0,0,80.88067823760232,113.16753507921858,,,0.5486725663716814,365438.9974411722,332098.9704890215,4055745.0067478213,419975.73121679225,0,,,,,,,,,,,,,,31380
524,1393,12995190.987796124,4.630294328786791,4.262742282842785,508874,2043492,706015.6973371884,1249362.7702844085,59936571,0,1076894.2289822164,1110087.1792227996,118,450,339,12,118,0,0,0,87.77155954560172,121.9871195806282,,,0.6109117013639627,278807.8822072875,99461.95881578478,4134782.6443348397,193867.36840277803,0,,,,,,,,,,,,,,31440
525,831,13692891.00120337,5.884476534296029,5.108303249097473,309756,2542680,1584053.1874957213,1340676.862007602,60000000,0,2016934.8161138403,1068962.864803236,77,278,183,10,77,0,0,0,82.71048395110216,110.89553076859723,,272152.0536397757,0.5487364620938628,560933.6955124899,524294.6983102494,4494542.282625351,662063.1199245311,0,,,,,,,,,,,,,,31500
526,994,12600693.405432595,5.297786720321931,5.576458752515091,347506,3465985,906678.4734857765,1617684.5499564623,59936290,0,1356671.754418389,1086043.394959646,69,262,237,6,69,0,0,0,86.19598285825694,112.56007891346891,,,0.6388329979879276,262275.2801476191,115419.37018707083,4819379.57268512,573880.5362627624,0,,,,,,,,,,,,,,31560
527,1021,13065361.833496572,5.044074436826641,4.257590597453477,321283,1986658,1009092.6802701679,1283585.6860062887,59936396,0,1379665.4511292384,835576.4746341875,81,253,260,4,81,0,0,0,90.88182959724378,117.79240071830627,,,0.5925563173359452,456001.7085818452,369380.5300537039,4396546.253732928,345991.5140906853,0,,,,,,,,,,,,,,31620
528,1852,15836803.127969762,5.564794816414687,6.29805615550756,1176887,7612369,1036075.6321237321,1375719.8130245376,59936392,0,1519292.1244898534,1111306.8068285047,80,341,535,6,80,0,0,0,120.91480343803796,140.95565276069345,12451.421753469947,175271.02350414754,0.7230021598272138,168133.43969169562,53264.78927426541,4561896.198998723,246204.25209256925,0,,,,,,,,,,,,,,31680
529,1877,14477175.725093234,4.72562599893447,6.003196590303676,458793,8047855,713111.8846299208,1255501.3655277279,71046703,0,1156317.0193932566,1003817.7549332402,81,385,433,7,81,0,0,0,85.30542501400718,104.28820923626702,,,0.7101758124667021,256839.14746101596,121352.32177895558,3973287.4401491033,246603.80009446866,0,,,,,,,,,,,,,,31740
530,925,10355525.014054054,4.029189189189189,3.0291891891891893,203244,1010715,1265268.3940937088,1388152.4364918096,115324516,0,1726235.843352823,1166225.318721033,77,414,233,7,77,0,0,0,62.45304934872076,89.85863403548184,,,0.534054054054054,312000.43153481797,93427.96072184398,4061410.6697243243,151345.9257210181,0,,,,,,,,,,,,,,31800
531,1956,13388896.48210634,4.8343558282208585,4.457055214723926,641035,4272168,924656.4099022271,1288543.135250038,112977067,0,1299627.3768164702,953749.4026775318,128,483,450,12,128,0,0,0,88.55022374836017,108.7199814544799,,,0.6666666666666666,321469.88752401917,149300.62860765593,4358856.9922730215,520390.8367292296,0,,,,,,,,,,,,,,31860
532,2156,10925908.354359927,4.487012987012987,4.308905380333952,588924,4359997,534808.9723053122,1160062.983890755,59936294,0,901030.6689899319,816051.1439066889,126,445,523,15,126,0,0,0,91.07189778920089,119.18698691287148,,,0.6790352504638218,169603.92708557032,107330.4281370143,3812321.194361432,120716.92274171457,0,,,,,,,,,,,,,,31920
533,1806,8654694.677187154,3.44905869324474,2.9656699889258027,320638,2159226,841199.517101351,892460.0982005323,73100000,0,1058462.7150344655,711094.9537485203,71,347,336,4,71,0,0,0,68.73889849023548,83.01062781947547,,,0.7270210409745294,376824.03583769134,48473.30065728825,3149809.9902008623,136933.77005028634,0,,,,,,,,,,,,,,31980
534,1158,9647939.159758205,4.301381692573402,3.715889464594128,316517,2119480,714857.5699723959,929742.7018074767,59936310,0,951462.594722568,701226.5772228608,104,372,246,9,104,0,0,0,80.76731976856702,103.97335689505519,,,0.6044905008635578,251197.60865784582,84875.78911881932,2868245.3237899984,175935.38955782546,0,,,,,,,,,,,,,,32040
535,636,9254307.613207547,4.193396226415095,3.341194968553459,186012,732150,756365.3589028703,1252814.6880651452,59938028,0,1028037.1093458151,949479.7378520895,62,262,154,6,62,0,0,0,71.415440050886,101.40822217112107,,,0.5455974842767296,158370.3036496617,115749.83215018861,3565015.2530136267,142745.75265033494,0,,,,,,,,,,,,,,32100
536,733,15362980.427012278,5.544338335607094,4.416098226466576,231573,1887382,2070050.36650829,1449533.1108544844,59936572,0,2450804.213407187,994536.895148508,66,266,142,2,66,0,0,0,84.26437001775267,112.53093743552265,,,0.5238744884038199,864706.2982016719,281085.26259724994,6246795.032213609,318688.8554113725,0,,,,,,,,,,,,,,32160
537,1520,18032817.925,5.6322368421052635,5.85328947368421,574015,4444228,877203.5686206325,1846020.741284365,118163164,0,1405708.7201034925,1574027.6257398848,99,259,443,2,99,0,0,0,98.09416214104981,133.80850035819952,,,0.6960526315789474,176984.58508367205,34249.67631448304,6157279.481274917,173502.5186818143,0,,,,,,,,,,,,,,32220
538,1305,13211211.626819924,5.025287356321839,4.47816091954023,412781,2742516,704543.3965870934,1399170.486426662,106000000,0,1163550.077055986,1101214.4583275374,88,291,324,7,88,0,0,0,88.69693311054407,121.09411494058214,,,0.6183908045977011,395632.86638175725,203724.58737792645,4621308.204398883,176723.0686552766,0,,,,,,,,,,,,,,32280
539,658,10164552.682370821,4.75531914893617,3.4468085106382977,299885,647394,1922492.240623613,1090230.9491422244,94026705,0,2286795.328133734,1152036.1301923448,64,333,145,9,64,0,0,0,79.7776058293383,116.88416538682978,,,0.43617021276595747,1068813.479741172,132728.20273709405,3849349.441211246,162936.51162390673,0,,,,,,,,,,,,,,32340
540,1040,11027866.647115385,4.558653846153846,3.2365384615384616,294031,1277631,672771.9167157564,1178077.597223717,60000000,0,969792.3839583717,883509.8532706602,148,434,200,25,148,0,0,0,76.5127853446647,102.757388053985,,,0.49615384615384617,354474.9198951355,334379.49050606985,3843784.771421562,219936.17023101015,0,,,,,,,,,,,,,,32400
541,883,17130825.58776897,6.265005662514156,6.6591166477916195,349637,3801424,1000556.5460061257,1592006.778647387,103166567,0,1551317.6960619627,1466595.1039857115,99,251,212,4,99,0,0,0,90.55430121102854,120.71581528743862,,,0.6126840317100792,421538.12222794985,213012.5776629874,5620617.297715624,240099.03860318405,0,,,,,,,,,,,,,,32460
542,1347,18243678.52264291,5.860430586488493,6.994803266518189,549574,6551430,1157125.9631535371,1646837.9180474773,59936339,0,1611695.4953116495,1103658.1340973407,71,238,376,6,71,0,0,0,106.6408277786392,137.70147774070037,,,0.6770601336302895,215341.7390995648,211429.2121287171,6039218.846413499,184330.24947073866,0,,,,,,,,,,,,,,32520
543,1282,11073389.29329173,4.664586583463339,3.9032761310452417,494330,1738909,691227.6667301339,1050126.0044752143,75549284,0,983865.7740263396,827989.7383850395,74,437,302,10,74,0,0,0,87.56317071967028,119.29737623990685,,,0.608424336973479,398613.28459080204,96316.63401998157,3063383.0021283184,115031.79281121095,0,,,,,,,,,,,,,,32580
544,638,7315784.927899687,4.067398119122257,2.4827586206896552,171721,420600,1119740.176978368,833995.4344445707,59936400,0,1245178.2459732413,702946.705831684,96,379,108,8,96,0,0,0,60.57691612858872,89.07077844209624,,439102.43761790555,0.43103448275862066,391586.4768119963,124547.33278681574,2812392.1599036288,127104.42369219093,0,,,,,,,,,,,,,,32640
545,842,16637313.885985749,6.636579572446556,3.9263657957244655,364086,902414,1417733.3118491266,1589252.217810123,59936421,0,1838085.4696671711,1258228.4737123777,111,285,213,10,111,0,0,0,74.30990060311461,104.92789163704762,,,0.49049881235154397,632655.8711579388,130536.6903998308,5954565.103454258,145579.01421195018,0,,,,,,,,,,,,,,32700
546,1562,15575826.51984635,7.069782330345711,8.297695262483995,992919,10541013,613475.3528902753,1233336.8348043323,59936773,0,993394.4216220172,1029121.397729281,55,296,434,11,55,0,0,0,110.62008522817932,142.33504567483317,,,0.6728553137003841,121403.01949850959,99074.10929219805,4223409.846732178,148851.28743234352,0,,,,,,,,,,,,,,32760
547,659,18168858.705614567,8.095599393019727,5.462822458270106,328199,1946444,1642974.9147330506,1483116.1082218152,59999812,0,2012867.5044058808,1075549.8343162686,52,206,171,4,52,0,0,0,92.24359723995387,123.39520161802261,,,0.6069802731411229,815162.1336346127,927642.5125694919,6125620.4762883615,377983.3500479148,0,,,,,,,,,,,,,,32820
548,844,15613872.565165877,5.9135071090047395,6.245260663507109,237563,4052492,1069174.7911470863,1485530.986233487,65500000,0,1473259.3074251653,1154425.394010937,75,294,176,4,75,0,0,0,90.01732939583601,112.03687758958009,,,0.6196682464454977,271408.66912078526,42909.07318854446,5679524.497745884,161518.12678114296,0,,,,,,,,,,,,,,32880
549,1358,12912109.6634757,5.471281296023564,3.8100147275405005,429569,1734044,676326.4775647564,1244283.4477397394,74227205,0,1000069.5190298097,1064052.9158859577,72,348,318,6,72,0,0,0,74.34899449142644,95.23586560884883,,,0.6516936671575847,242612.74017123692,219538.19396728804,3096659.6371598365,173349.80697241717,0,,,,,,,,,,,,,,32940
550,492,11133128.345528455,4.392276422764228,2.798780487804878,146061,408380,2121971.697263535,1193806.9096313224,60000000,0,2309920.072542622,933680.3597650898,47,214,100,5,47,0,0,0,72.23388189857785,100.78256367021382,,,0.45528455284552843,570464.1381744291,215090.01410295442,5049224.677494457,203510.3035197712,0,,,,,,,,,,,,,,33000
551,831,19154466.860409144,6.978339350180505,5.914560770156438,375280,2765400,1137805.5823259281,1705994.5255984073,60015495,0,1615526.7723884096,1329112.4749469648,69,289,187,2,69,0,0,0,88.79535929427436,115.16190404111602,,433526.9536015693,0.5872442839951865,622226.6816551916,379379.0916905174,5781309.729042114,243186.6678977393,0,,,,,,,,,,,,,,33060
552,675,11416487.432592593,5.054814814814815,3.871111111111111,303372,737133,824939.5832742042,1234530.6374208068,92700000,0,1051978.7049733761,1304369.826124846,48,235,177,5,48,0,0,0,85.73553335274859,128.36591746354028,,283223.44839715166,0.5466666666666666,385943.1342191319,227645.5767971286,3639057.714407709,116976.26057601752,0,,,,,,,,,,,,,,33120
553,1061,14795620.311027333,4.790763430725731,4.106503298774741,329444,1574629,1429172.7905860082,1307428.292466177,86909238,0,1837267.4904104937,1192744.1990548535,44,273,257,9,44,0,0,0,80.29688731928671,103.2783019875705,,,0.647502356267672,416733.3428464846,210595.0821622272,4098625.4468602585,226944.17383535724,0,,,,,,,,,,,,,,33180
554,996,14050512.664658634,4.770080321285141,5.39859437751004,341641,3300867,880835.3381136667,1504194.3540632315,100633222,0,1368676.752910067,1081822.0135814492,98,286,213,6,98,0,0,0,89.78151857618393,112.92148539693353,,,0.6506024096385542,102415.08661572497,38635.23648978128,5259683.983413773,283795.47269404505,0,,,,,,,,,,,,,,33240
555,570,7955050.066666666,4.836842105263158,3.8473684210526318,250427,580564,800011.9670395144,1090509.4214361035,87117611,0,866247.9646458148,1082938.6328518826,16,212,169,7,16,0,0,0,83.38851849766772,126.80197427634282,,48408.66273710885,0.5649122807017544,766132.8536167056,250357.99951850437,3275262.162437622,114248.9699758164,0,,,,,,,,,,,,,,33300
556,895,14556481.212290503,5.204469273743017,4.283798882681564,384866,1428210,1604475.4663269478,1359912.0508113464,66500000,0,1952588.920219603,1057298.4234288477,62,236,281,12,62,0,0,0,102.81914021308201,148.63451739238033,,,0.5865921787709497,378293.1778379041,191616.3754328127,5447519.090806201,208561.7648117538,0,,,,,,,,,,,,,,33360
557,1139,14520244.853380159,5.187006145741879,4.478489903424056,423596,1787080,941559.7007682071,1463152.9290077558,80174208,0,1373951.970258908,1291280.7250238142,59,213,363,4,59,0,0,0,92.9058614916799,131.7319732362641,,,0.6101843722563652,400832.1509727549,123884.05655589313,4803359.181328678,205320.21685189387,0,,,,,,,,,,,,,,33420
558,739,18231234.9797023,5.2841677943166445,4.7158322056833555,315751,1178683,1545144.2586091354,1596690.9126110957,59839862,0,2033447.5955615093,1459559.9282622251,35,169,202,0,35,0,0,0,93.45177912625303,128.943588918387,,82405.0342845504,0.6576454668470907,379102.89140152535,370571.0184399981,5862683.041795095,382000.0288763808,0,,,,,,,,,,,,,,33480
559,972,16232935.23765432,6.730452674897119,7.598765432098766,495219,5019218,1836751.2748178307,1475399.68524368,59937059,0,2250561.9319769843,1079082.1098811158,99,327,214,15,99,0,0,0,84.00522071014281,112.54598339407211,,,0.5761316872427984,274868.4243254116,74898.3695493161,5907046.835835771,347577.67951472243,0,,,,,,,,,,,,,,33540
560,1036,11549088.324324325,4.168918918918919,3.2857142857142856,293081,932571,812849.1305399835,1166181.4554964968,62958905,0,1160778.766948683,1007932.8094774858,66,276,151,19,66,0,0,0,68.7260319187306,82.393925387189,,,0.6814671814671814,368759.89689896203,169891.2278160363,3989533.545542581,387946.5492162117,0,,,,,,,,,,,,,,33600
561,1240,13212743.448387098,4.912096774193548,4.551612903225807,516492,2435845,1026261.7609550738,1125354.470487732,59937067,0,1365709.1940358507,876617.323434678,79,322,260,18,79,0,0,0,90.30042849555217,114.75388438039515,,,0.6064516129032258,146337.14083460422,109211.85280419372,3979661.66471637,91414.57575451407,0,,,,,,,,,,,,,,33660
562,1262,13040505.32725832,4.632329635499207,4.154516640253566,381430,1820653,1053449.6825577735,1160160.215774025,60100000,0,1398260.6431530656,827612.0857958285,79,255,227,11,79,0,0,0,77.93801763043795,92.13417353396031,,,0.6996830427892234,447924.7690271347,135873.3997541193,4618096.190058663,231022.75083510234,0,,,,,,,,,,,,,,33720
563,886,14311594.88826185,4.823927765237021,4.606094808126411,468247,1406697,681244.6875114016,1334027.805134194,59937032,0,1082490.98816615,994945.7287330411,82,272,193,18,82,0,0,0,80.81929622800351,104.94152442419119,,,0.6106094808126411,154260.7273075026,72053.3936269212,4238476.463755024,203299.08390918348,0,,,,,,,,,,,,,,33780
564,2457,14918084.277574278,5.240537240537241,5.4493284493284495,903278,6586853,957374.5033433462,1335328.0693210787,111119546,0,1386738.2687413327,937614.4260084282,106,456,572,17,106,0,0,0,94.27355890025612,119.6466336274565,,,0.7244607244607245,182103.09304274418,94927.63236632747,4900865.055747173,259188.62700166804,0,,,,,,,,,,,,,,33840
565,862,8808260.820185615,4.117169373549884,3.176334106728538,339221,724612,842451.3724998808,932916.2980431546,59937133,0,1106354.3785513106,660971.7258393829,82,384,165,14,82,0,0,0,64.80401852489165,80.73590932014048,,523291.5039014906,0.5626450116009281,243534.4856743338,179674.1040261355,2780183.39554401,234333.36800903946,0,,,,,,,,,,,,,,33900
566,931,8685632.694951665,4.183673469387755,3.100966702470462,275168,627587,718721.133012924,1323436.8079598993,60000000,0,1080304.3150524013,918545.9860507966,117,395,126,4,117,0,0,0,59.83648007774264,76.0267866373999,,504395.8799169832,0.5316863587540279,336038.9452490335,203800.57409014602,3282661.2865670095,148724.0345050141,0,,,,,,,,,,,,,,33960
567,1230,16722943.590243902,4.953658536585366,6.6536585365853655,479911,6213512,1546669.0524184962,1497336.7313305673,109494725,0,2079939.6731886293,1181006.4490209043,97,261,250,7,97,0,0,0,92.5803249429022,105.8807520330578,,,0.7138211382113822,179442.0134370866,182872.62251714023,5681388.586317475,209952.57830411824,0,,,,,,,,,,,,,,34020
568,1385,15803199.861371841,5.055595667870036,4.935740072202166,543353,2677368,946734.7039789761,1557391.1340492342,93037305,0,1632111.0854882007,1376534.0967710225,57,248,355,2,57,0,0,0,96.64320206134195,126.84381649693798,,,0.7220216606498195,507307.6380053429,203095.0259750508,4764573.616156498,335499.7572648444,0,,,,,,,,,,,,,,34080
569,2371,15960503.669337831,5.419232391396036,8.72501054407423,828703,17763795,793274.8631265783,1490962.1664429118,116002701,0,1378914.382485535,1256712.4534618957,65,466,593,5,65,0,0,0,95.3793361781367,120.1867540189723,,,0.7570645297342893,224286.848178001,93634.36550462796,4597839.556784374,289617.8615795302,0,,,,,,,,,,,,,,34140
570,845,12001049.710059172,4.285207100591716,3.22603550295858,307396,638649,1692557.0664760012,1229596.361721827,59833910,0,1985027.3640246894,890971.7376203643,119,423,112,12,119,0,0,0,68.08520842737894,82.61720134024202,,,0.48757396449704143,568021.9342493427,304459.71650361025,4509252.0901415935,346901.7507341021,0,,,,,,,,,,,,,,34200
571,1104,11939528.147644928,4.129528985507246,3.17481884057971,326056,1009684,820129.0093078371,1478535.701485565,59937087,0,1256561.5680597608,969529.4142325941,105,402,186,8,105,0,0,0,70.29126631925698,89.98540971931929,,,0.6114130434782609,580992.8927302018,364612.0805655882,4441952.433050443,419095.97250983276,0,,,,,,,,,,,,,,34260
572,1087,17058146.087396502,9.106715731370745,10.03771849126035,690685,6752881,1026587.3931849422,1620435.109740195,60000000,0,1526676.112764622,1283060.2090472293,117,348,227,14,117,0,0,0,87.76630738990092,114.7631044710436,,,0.6053357865685373,222940.63249748704,198156.9422056597,5682397.814251975,250672.80477885556,0,,,,,,,,,,,,,,34320
573,1164,13938551.6314433,7.152061855670103,27.15549828178694,467501,39857214,1246770.1699504615,1400205.183468011,59936510,0,1583973.236401698,890587.0554018426,89,266,298,4,89,0,0,0,104.95039927121864,129.78944965044133,,,0.7225085910652921,175754.41012458567,129639.14954953361,5159466.555493635,498029.79703487747,0,,,,,,,,,,,,,,34380
574,1098,14635222.890710382,5.9143897996357016,6.861566484517304,481660,5488250,879833.6904201595,1284519.0482083852,112279309,0,1482334.859042847,1306015.651319131,140,402,207,12,140,0,0,0,85.52033974975181,108.56043690372596,,,0.6083788706739527,228300.39223956305,189411.9699808718,3623386.9693768388,212169.6398441693,0,,,,,,,,,,,,,,34440
575,619,15145298.308562197,5.176090468497577,4.27140549273021,275022,709836,1458540.0542210895,1498957.7875207346,59936414,0,1858941.4719226996,1184749.4897262324,34,220,141,1,34,0,0,0,83.96796114640226,115.90237199179498,,,0.6203554119547657,351917.341534872,315258.96119580645,5141654.781839861,296945.55365392356,0,,,,,,,,,,,,,,34500
576,782,15989947.826086957,5.274936061381074,4.8554987212276215,404440,1318111,1764551.3123197667,1232511.254891031,90000000,0,2124039.5802066238,966845.75740236,64,246,194,5,64,0,0,0,84.10675157031662,111.87357772511817,,,0.5895140664961637,795505.6759572242,356469.91788496095,5014394.337008101,284733.65281853394,0,,,,,,,,,,,,,,34560
577,807,16853479.091697644,5.656753407682776,5.22180916976456,439604,1030603,758975.6540410758,1721175.1041640267,59936443,0,1282960.5365720764,1465424.290294787,48,178,159,4,48,0,0,0,79.40691239701945,105.8873080094078,,,0.6530359355638166,384368.2753884076,148950.9821877086,5924499.303802687,341748.2221142505,0,,,,,,,,,,,,,,34620
578,824,19842103.69417476,10.923543689320388,12.405339805825243,1737832,6785936,1663193.8604064926,1790049.4357903327,58951899,0,2147799.4036922925,1206208.668847059,62,209,180,0,62,0,0,0,101.78737327790158,125.7473500143733,,,0.6601941747572816,652162.0920570535,387105.62389095075,6356823.6424507145,655759.0173298698,0,,,,,,,,,,,,,,34680
579,1560,16234354.305128206,5.714743589743589,6.137820512820513,752345,5235263,1065041.9250904263,1600559.0647348997,112005161,0,1521687.3604226483,1217171.8412891547,111,367,378,28,111,0,0,0,97.4545424927102,129.32013688051103,,,0.6788461538461539,260827.79772939035,118123.4171176687,5462871.476810376,262266.12382072414,0,,,,,,,,,,,,,,34740
580,752,12003877.65824468,8.065159574468085,5.825797872340425,969454,672817,704903.607850847,910578.2616489223,58500000,0,985402.0646283131,818433.346082544,69,321,162,13,69,0,0,0,73.16670166698138,103.90987752216915,,,0.48271276595744683,1314047.5300753044,369902.27540834964,2535696.5988385705,264240.2714487544,0,,,,,,,,,,,,,,34800
581,1879,15269631.530601384,5.208621607237893,5.774348057477382,736887,6049857,1062310.1526761027,1339357.2963633689,83800000,0,1539143.2720225162,1048383.785087731,124,394,467,11,124,0,0,0,93.67145005599127,119.30061185517057,,,0.6875997871208089,122854.5593061429,94870.17582507482,4803264.892050459,81706.94115602151,0,,,,,,,,,,,,,,34860
582,887,14512173.473506201,12.634723788049605,10.32130777903044,3301583,3640469,892787.276774401,1048254.7282791479,59000000,0,1253118.8570905116,926603.7161809547,128,337,188,8,128,0,0,0,88.87557407625694,113.49730739600598,,,0.5467869222096956,640854.5835856901,482032.4947374033,3998328.7093494795,330967.443038252,0,,,,,,,,,,,,,,34920
583,818,11103740.344743276,7.784841075794621,6.316625916870415,928981,3009366,912299.7870178646,1234930.7557505704,69327480,0,1190183.2240066137,1001306.2635969826,66,291,186,6,66,0,0,0,90.53128649376943,123.54523966382982,,136660.73459935279,0.5293398533007335,306018.43060268136,243212.20177497854,4115564.0717914724,380525.2122830934,0,,,,,,,,,,,,,,34980
584,1138,11854291.204745168,5.437609841827768,4.422671353251318,666891,1696610,1268918.6136493755,939761.8258105615,59400000,0,1521971.2180830266,634123.7827948255,123,370,238,10,123,0,0,0,74.53627692684043,94.03389154420685,,,0.6063268892794376,442242.4602770029,486134.38215717324,3285076.0455833874,261273.0135439153,0,,,,,,,,,,,,,,35040
585,715,13460043.095104896,7.696503496503497,5.246153846153846,411799,1532817,988157.151539838,1523172.3534285838,59936581,0,1378866.241597627,1225341.4229805807,70,204,172,9,70,0,0,0,93.32360359808656,127.68567743728183,,,0.5202797202797202,526887.3501360246,227279.2244736268,4788685.076614259,275742.505724757,0,,,,,,,,,,,,,,35100
586,1264,19389179.51107595,8.180379746835444,9.46360759493671,587870,9623918,907540.9058366287,1423632.0812137784,58967134,0,1403364.3233551036,1166366.238360305,71,251,341,8,71,0,4,0,106.76856646446534,139.38221654511162,,,0.6756329113924051,372784.3089328614,273610.7406254196,4687093.079093282,186223.4300769216,0,,,,,,,,,,,,,,35160
587,2059,16962176.06410879,6.028654686741136,5.542496357455075,880703,5079670,1515269.8722546909,1337959.9112502076,89900000,0,1903608.0500759028,1087415.229760014,96,357,587,11,96,0,8,0,100.16530577586707,136.85056798388325,,,0.718795531811559,330393.62671688205,140263.0175601112,5540208.672538491,158885.87097471335,0,,,,,,,,,,,,,,35220
588,1421,11002734.962702323,5.059113300492611,4.568613652357494,641605,2415060,837743.169847847,931455.9575756751,89844693,0,1024581.5621929979,855137.670598162,95,509,321,12,95,0,24,0,81.01922223289148,111.31236045399451,,,0.5784658691062632,354480.0467674781,246879.31890267288,2642664.3134679007,256369.01269815164,0,,,,,,,,,,,,,,35280
589,1228,9276605.393322475,5.216612377850163,3.9096091205211727,483880,2186599,873186.5783152296,1174894.94843955,59936578,0,1041395.3253304624,774707.6529093481,107,457,270,17,107,0,24,0,75.93617470431026,103.38030560893436,,,0.5415309446254072,551644.3347029015,354647.57474390103,3599789.245764952,317017.8852985411,0,,,,,,,,,,,,,,35340
590,5209,4328985.942983299,4.568055288923018,3.6156651948550587,13995388,5481788,341422.7189693968,435736.86909735785,117372877,0,434475.13029335096,346717.39291170356,201,520,403,22,201,0,57,0,29.184028249802115,35.60803436962914,,,0.8650412747168362,117382.81005907519,22548.751829607612,1522248.5428165337,99940.11815522794,1,,,,,,,,,,,,,,35400
591,970,10520498.955670103,6.038144329896907,6.018556701030928,388719,3934337,936547.461648455,1247566.1551299377,104000000,0,1139742.1596241782,1292058.7802444422,67,214,229,11,67,0,24,0,82.32377508979546,107.62424177180526,,93313.3000057383,0.5721649484536082,504087.12428224896,189113.90521540967,3584733.344334693,300417.2975045465,1,,,,,,,,,,,,,,35460
592,1442,16748483.324549237,5.865464632454923,5.793342579750346,857505,3575627,1158872.0130771287,1439725.429424082,70374372,0,1454752.6268100017,1313457.8768326566,69,293,372,0,69,0,24,0,94.9389395091441,122.64888923361865,,,0.7427184466019418,440763.24561325536,60807.03491892223,4723970.000365149,351417.7803173439,1,,,,,,,,,,,,,,35520
593,2078,14567941.962463908,5.144850818094321,4.809913378248316,806274,4340927,926903.8139403611,1325811.9135183364,59936528,0,1315537.1233098242,995635.8556147431,177,507,582,16,177,0,4,0,93.49280517084075,128.28062810676093,,,0.6010587102983638,163727.2522926723,127282.09205560168,4719604.838968647,133893.5996162416,1,,,,,,,,,,,,,,35580
594,1505,11983700.319601329,5.102325581395349,4.356810631229236,536092,2164288,731201.1723487108,1240529.1234215766,74500018,0,937823.2391886645,1126217.4728357557,74,358,415,12,74,0,4,0,84.90455372343389,119.98245788495933,,,0.6910299003322259,434009.9114789888,200503.723126637,3847703.567297916,550064.6468264745,1,,,,,,,,,,,,,,35640
595,1173,7196772.212276215,3.939471440750213,2.975277067348679,392335,782875,1272436.6943715787,974498.2732047555,59936514,0,1313319.7168695834,854000.8074657762,113,438,269,9,113,0,24,0,63.45212919282311,89.08276930416564,,,0.5592497868712702,427565.2381318889,34457.334117931605,2878878.5011249934,332950.0137698884,1,,,,,,,,,,,,,,35700
596,1800,15777442.72611111,5.786666666666667,6.312777777777778,539313,8474569,884727.7465166706,1516467.834643731,59000000,0,1279838.6923292293,1143733.6144166312,192,495,438,10,192,0,24,0,95.05147681273661,118.64944702584917,,457954.5135374674,0.6683333333333333,336986.4549863851,120815.45103036548,4788435.315481435,284499.96067772125,1,,,,,,,,,,,,,,35760
597,1661,13708379.041541241,4.65623118603251,4.136062612883805,568066,1918652,932085.6172210614,1468158.0719134817,59936395,0,1258257.5448825962,1244041.0633244377,66,337,498,12,66,0,0,0,80.72351383857291,112.70585903478278,,,0.6797110174593618,378077.42872882594,149010.77621146,4537571.021953088,220028.9566952618,1,,,,,,,,,,,,,,35820
598,925,12100270.61945946,4.451891891891892,3.265945945945946,311136,791881,1790970.7085049003,1187503.0869977458,59300000,0,2075001.5522486714,879223.4963165208,33,368,219,7,33,0,0,0,72.51706127701407,104.96169929954443,,,0.5232432432432432,371524.47089298815,166686.2486698471,4374390.618797632,258022.64584461975,1,,,,,,,,,,,,,,35880
599,1200,9005553.3575,4.453333333333333,3.3716666666666666,387967,1212103,889202.5892214883,1104319.9869352474,89902826,0,1150311.0504736253,982588.1400181341,142,411,277,14,142,0,24,0,68.49255705240466,94.33702540305033,,,0.49833333333333335,294461.0045773438,185280.8690156519,3488244.614328413,178627.26845388603,1,,,,,,,,,,,,,,35940
600,2910,2817723.2429553266,2.1604810996563573,1.8398625429553264,392628,812956,344720.1260571854,344715.38236936793,62364762,0,379718.6241784781,266203.71237695194,105,352,269,16,105,0,22,0,26.083304239491166,39.890869110693814,,,0.8532646048109965,171846.38487148244,29940.45303135562,962833.9820722634,118146.59633586372,1,,,,,,,,,,,,,,36000
601,810,12143314.72345679,5.164197530864198,3.5580246913580247,309133,612915,1725297.2365226208,1179952.047808454,59936691,0,1911688.9003243768,1133035.4767282982,49,191,265,5,49,0,24,0,73.54971166305135,110.81775249063902,,,0.5111111111111111,775706.7072321627,753832.5986169626,4072900.415489311,326781.0043751973,1,,,,,,,,,,,,,,36060
602,1289,12905658.131109387,4.806051202482545,4.276183087664856,473839,1657099,925852.3220057179,1456274.9245870477,87791507,0,1252323.1141331515,1293918.0700346066,78,256,375,10,78,0,24,0,90.42622138180575,129.9135757074125,,,0.6578743211792087,279122.34135822754,146197.80751247797,3961909.4922812507,400082.077035402,1,,,,,,,,,,,,,,36120
603,3784,7535325.321881607,3.0256342494714588,2.900369978858351,631803,3593782,422502.7773541632,706510.2237910726,66269943,0,625605.1942064385,580512.3427643547,99,348,519,12,99,0,30,0,42.07110732917207,59.88059052218974,,,0.8461945031712473,197798.73325670898,78549.74937303887,2488795.6415816946,168867.13667254997,1,,,,,,,,,,,,,,36180
604,1426,16078305.18793829,5.157082748948107,4.681626928471248,546738,2457301,1093831.7662885534,1445326.8354234376,59000000,0,1489151.8020559375,1167217.0280331543,87,350,381,11,87,0,8,0,89.93142566017511,125.9245742274141,,,0.6486676016830295,309283.15229273296,86219.85577868903,5037413.878734692,427552.80863145745,1,,,,,,,,,,,,,,36240
605,4881,1620544.9514443763,1.644540053267773,1.416717885679164,301395,524387,180928.77221168243,233905.10541061714,62882892,0,207634.694358767,160980.23517935278,127,371,219,15,127,0,28,0,10.85427062526804,16.35401985805214,,81165.57832911711,0.9264494980536775,185431.54751607194,38678.33906814317,597342.1617281378,59096.47713237536,1,,,,,,,,,,,,,,36300
606,1011,12722960.982195845,4.66864490603363,3.472799208704253,332072,791815,1270308.3836330324,1489150.9795857952,59000000,0,1554513.7161726877,1103777.6747990996,143,417,230,12,143,0,16,0,65.96783791841365,98.54604084130406,,,0.47181008902077154,288616.7930854081,137143.31208502434,4425939.205035278,331014.75812158786,1,,,,,,,,,,,,,,36360
607,1260,18528918.002380952,6.1682539682539685,6.066666666666666,566311,3790642,1162080.447589295,1742528.1809989116,59937633,0,1685792.500506337,1258513.9040067967,112,317,351,10,112,0,0,0,98.76982611001928,141.411539144884,,317831.3121861034,0.5761904761904761,332761.4735254254,282211.37440471025,6396655.535595362,409734.18592308555,1,,,,,,,,,,,,,,36420
608,720,12118921.5,4.998611111111111,4.268055555555556,343093,643536,918836.9038581013,1231674.454838473,59914076,0,1164191.2083966802,1087412.3705598286,34,176,216,4,34,0,0,0,89.08412825388834,128.10375806648972,,,0.6680555555555555,461236.2144826735,155467.51881183573,3409916.3086613812,554566.2936941714,1,,,,,,,,,,,,,,36480
609,868,13196505.246543778,5.214285714285714,4.167050691244239,337435,1343458,1406264.1338872593,1243277.1779763326,59936474,0,1699456.9852665015,1179834.8973809788,74,291,215,6,74,0,12,0,83.67764701587339,119.65246679060564,,191925.27639712716,0.5483870967741935,703306.237254815,117807.21903298025,4640382.447736036,222769.41170778795,1,,,,,,,,,,,,,,36540
610,3223,13584158.09556314,5.1647533354018,5.069500465404902,1211998,7169540,720535.6527472946,1288793.8824672527,107461518,0,1087311.8858409254,1007560.633691515,236,669,937,28,236,0,24,0,99.73641621859376,138.39966367111944,,,0.6751473782190506,181968.64053936687,77898.30440949743,4213103.555014474,703985.7657731527,1,,,,,,,,,,,,,,36600
611,1409,10863620.408800568,4.4733853797019165,3.9779985805535842,540800,1661284,866143.9533545005,1462115.5956159711,114000000,0,1320793.0871482375,1312580.943293704,59,343,367,8,59,0,24,0,83.15070458158445,114.26906063893378,,179938.64459349896,0.6515259048970902,454719.41821475077,108311.96484042754,3994206.3240265064,1112125.0542937585,1,,,,,,,,,,,,,,36660
612,5436,3294080.094186902,2.47663723325975,2.252391464311994,795252,3668734,385681.7211294431,432574.5090308728,62260140,0,441528.9658052203,272833.0941280655,162,587,681,12,162,0,33,0,41.561695582221674,56.283949831568066,,,0.8679175864606328,180041.88594941076,50660.21263197497,1556685.648978402,138069.19902368658,1,,,,,,,,,,,,,,36720
613,1660,14139839.51506024,5.432530120481927,6.991566265060241,504190,8996756,917900.4702993798,1303618.7743388296,89959435,0,1304557.1032972806,1210878.0339610856,72,277,470,2,72,0,24,0,110.52581086306849,135.32289002610435,,,0.7469879518072289,224851.81686412156,65472.41604027909,4220184.329875247,217309.73727577392,1,,,,,,,,,,,,,,36780
614,989,11004759.294236602,5.191102123356926,4.071789686552073,348993,1760917,1184962.3465383013,1192862.0160841073,62561638,0,1326794.8435837352,988724.3498515536,69,294,279,2,69,0,24,0,80.56324802316816,117.47690020900153,,,0.5288169868554095,462369.1630851859,324640.4482105463,3797906.5944441063,401118.26753686456,1,,,,,,,,,,,,,,36840
615,3179,16124437.56464297,5.916011324315822,6.447939603648946,1557577,12573979,857051.3471261598,1290917.8538395662,74500000,0,1323918.2204170853,1080737.8116627526,89,554,954,9,89,0,8,0,113.4272455753167,150.09240124610352,,,0.7194086190625983,132263.19430629569,59808.715712836034,4524320.149194668,99827.40305935498,1,,,,,,,,,,,,,,36900
616,3204,13875070.814606741,4.846441947565543,4.646379525593009,931740,7082255,748975.3907396471,1252944.763695091,76600000,0,1114387.5989752796,939457.8891970731,150,733,815,21,150,0,12,0,95.74580420460317,129.22091622956765,,,0.6919475655430711,286305.8002880818,84580.84352066182,4302980.4981187,201255.5821535055,1,,,,,,,,,,,,,,36960
617,1690,9985006.641420119,3.721301775147929,3.0059171597633134,392560,1473812,843053.6197739984,1212609.959815137,59936644,0,1120321.983570022,982770.8152943348,116,597,341,6,116,0,12,0,65.88185818477959,88.51194984096763,,,0.6124260355029586,150531.4895567466,43494.4157412562,3625574.770401566,125536.94172099921,1,,,,,,,,,,,,,,37020
618,1707,10334442.366139425,4.582308142940832,4.0462800234329235,421515,3864890,1082336.6778397327,1106552.7067967858,59142855,0,1204145.2507914628,904445.1054604726,174,605,311,23,174,0,24,0,70.16718082460264,89.97393630502397,,,0.6678383128295254,537092.2047451676,169749.1344406525,3639453.2615259956,170915.0846396835,1,,,,,,,,,,,,,,37080
619,1345,15135090.420817845,5.092193308550186,4.858736059479554,519891,2870686,1008926.6226625189,1440184.9130839813,59936353,0,1383944.66585705,1284466.9598025023,134,421,340,7,134,0,0,0,88.30890519606328,121.1620971400003,,,0.6475836431226766,217713.99904875353,81849.23822633277,4580318.121551022,248863.13316219224,1,,,,,,,,,,,,,,37140
620,1414,12122971.005657708,5.0,4.433521923620933,472686,2738525,819199.8642942742,1157437.2002330173,58937020,0,1023012.1622390434,882234.481750764,78,375,369,5,78,0,0,0,86.98770889759972,122.13165009127717,,,0.6768033946251768,512536.9394888894,54481.4773729709,3969958.914731704,116899.16916677478,1,,,,,,,,,,,,,,37200
621,2489,16549016.419847328,6.177179590196866,6.627561269586179,1036414,10581860,1002911.9574970698,1372740.582407226,116000000,0,1457831.5034508673,1048291.8407249578,136,513,704,14,136,0,0,0,98.44711045622402,133.58273690861873,,,0.6347930895942145,169324.27705076322,92424.78473499687,5122458.091812164,148126.41952203185,1,,,,,,,,,,,,,,37260
622,1474,9528757.603799187,4.991858887381276,5.00067842605156,416552,5454410,940849.6266853408,970808.668685203,59703661,0,1181217.5284421886,604981.8277120687,139,483,301,23,139,0,24,0,76.30120260392007,99.1128343769101,,,0.5495251017639078,188741.7639678967,113032.06155621973,3164372.1152764964,260025.00645976648,1,,,,,,,,,,,,,,37320
623,3822,4604586.77681842,2.4427001569858713,2.1122448979591835,503856,2208097,442096.9391204711,461897.73456678947,98905308,0,554843.8767848454,341058.08495741105,159,637,336,21,159,0,4,0,31.730810071121034,41.21613735169158,,,0.8307169021454736,200010.60817289352,47290.32420345316,1365435.902469063,61714.35303530922,1,,,,,,,,,,,,,,37380
624,1443,11299492.553707553,4.3936243936243935,3.828828828828829,460197,1923212,1049243.768907207,1285061.0119708192,58951561,0,1142989.28087287,1083642.5732463354,147,452,332,25,147,0,26,0,76.06418600757436,107.54221674218164,,,0.6957726957726957,454390.42698688415,79122.62455342223,4331245.462460564,295824.726295602,1,,,,,,,,,,,,,,37440
625,1614,13471448.11400248,4.633209417596035,4.143122676579925,548039,2188904,849703.4063388939,1305182.9374927531,74218936,0,1123583.1832702204,1112036.1446637972,90,391,408,13,90,0,0,0,89.73132659514492,125.16432964438233,,,0.7317224287484511,418476.5119443492,159262.42717114536,4231777.507257065,180037.8548566086,1,,,,,,,,,,,,,,37500
626,938,10902896.24413646,4.644989339019189,3.689765458422175,267458,1268327,1682591.5245096069,1217633.7821168685,58967659,0,1745390.9666031261,798118.8796205496,69,289,223,14,69,0,24,0,69.53793527458933,97.5198177698549,,,0.5863539445628998,461254.3671877048,158003.15139072144,4284373.73457681,235977.4140217232,1,,,,,,,,,,,,,,37560
627,2908,2905233.27957359,2.139614855570839,1.8514442916093534,371986,892277,282595.9932552574,373565.9984222745,61279251,0,326390.4681683928,316598.82958475983,102,364,209,22,102,0,14,0,21.30059134329914,31.2675300229109,,,0.8765474552957359,229945.7329683362,52335.41381745344,980414.3398145706,95589.41668624849,1,,,,,,,,,,,,,,37620
628,1335,13926541.0164794,5.306367041198502,5.143820224719101,480178,3430236,863525.1388517766,1313188.377415659,59207822,0,1233399.2039351894,982443.5059588023,91,330,350,11,91,0,8,0,85.97227944984532,120.01628412568346,,,0.6104868913857678,203793.47617492377,117731.89983352918,4228405.072649357,324765.2413348284,1,,,,,,,,,,,,,,37680
629,4855,2765664.752832132,1.9822863027806386,2.012358393408857,336680,3577832,294677.21552713955,258274.3948589996,82300000,0,332869.5211509546,258359.32079104404,78,246,218,22,78,0,44,0,13.729249503959528,19.885462515056314,,36174.96122722587,0.9427394438722966,207068.74659694373,22740.126656232216,883203.8170836876,41359.692211360474,1,,,,,,,,,,,,,,37740
630,2206,12303459.061650045,4.519492293744333,4.044877606527652,725300,3056736,687144.2173892473,1153522.4896558344,58927739,0,1019715.8708453937,767096.623635314,107,445,584,16,107,0,16,0,95.52836474973437,130.4482545750597,,,0.6668177697189483,211490.1395583154,117740.28377125258,3612183.038807401,134632.7353531877,1,,,,,,,,,,,,,,37800
631,1167,11855840.84318766,4.62382176520994,3.992287917737789,362930,1674578,787157.6770872694,1219349.3444315759,59936470,0,1149592.7597592503,951236.7421468097,80,368,266,13,80,0,0,0,77.13086894658997,105.89882029131388,,,0.5946872322193659,327850.20337455854,108159.91895867832,4125858.7703989227,253821.47778152986,1,,,,,,,,,,,,,,37860
632,629,14691852.228934817,5.222575516693164,4.0588235294117645,270856,625227,1775788.7169670383,1309799.5983184963,59100000,0,2101893.945183461,860405.2526556695,33,228,136,11,33,0,0,0,74.36740490710922,112.91292312936136,,593172.6473264706,0.5389507154213037,186889.8924326114,138076.413983569,4918471.031783873,234266.84936062092,1,,,,,,,,,,,,,,37920
633,1000,13528533.993,4.658,3.879,361594,1034705,1012057.5709862661,1604249.583933908,59936539,0,1419912.2310414102,1216164.0566235103,80,292,240,6,80,0,0,0,75.9905388176174,104.80421640892051,,,0.573,275210.1047365631,68438.85494749573,5004515.570739305,166845.80354891863,1,,,,,,,,,,,,,,37980
634,752,11413282.593085106,5.091755319148936,4.049202127659575,314132,798006,971683.6842496425,1022512.3281056847,58831115,0,1226327.0992696588,749807.1109953423,61,210,182,10,61,0,0,0,76.7587189637774,105.27275902898803,,287214.10157459084,0.6196808510638298,819354.1701031192,282044.7032226119,3446971.592728828,208387.46614745478,1,,,,,,,,,,,,,,38040
635,745,17244695.69127517,5.652348993288591,5.319463087248322,343168,1409169,1531836.5623030604,1634085.6920867916,59936458,0,1995034.372841859,1462022.2705759327,47,181,215,8,47,0,0,0,98.55116948951047,143.44718845462967,,,0.6120805369127517,268516.2449284842,174644.47786969104,5902418.257375491,214032.1371699318,1,,,,,,,,,,,,,,38100
636,645,12628682.87131783,5.448062015503876,3.9813953488372094,295544,609080,1051852.270616424,1243427.0893081394,96839019,0,1285884.917817178,665489.7621941009,55,221,147,10,55,0,0,0,79.6532670792434,117.968740770891,,78456.82312686785,0.5271317829457365,1160186.8107010133,431900.3243836253,3818650.7070099786,251238.19938764037,1,,,,,,,,,,,,,,38160
637,1355,18029631.938745387,5.011070110701107,4.634686346863469,470474,2122039,1056304.5313384363,1968386.496879775,60300000,0,1629749.681911024,1316139.1750455175,82,249,358,14,82,0,0,0,97.55826627322863,133.72908411009027,,,0.67380073800738,189904.16852401677,139159.05533618623,7138576.69118666,124035.02662362564,1,,,,,,,,,,,,,,38220
638,1547,16578860.666451195,5.393665158371041,4.950226244343892,650824,2644347,1132117.2941331747,1405877.9702310858,90000000,0,1559806.3036200358,961126.5425387827,78,299,418,15,78,0,0,0,93.89577788339076,132.48645219861518,,332375.130450243,0.665158371040724,361458.006228131,265184.5223235003,5276462.780534253,473119.49293080164,1,,,,,,,,,,,,,,38280
639,1804,11076889.47339246,4.514966740576496,4.430155210643015,634386,2910154,681771.9168364443,1246957.1745440152,59937736,0,1097299.938314082,966122.7412118112,79,438,482,28,79,0,0,0,99.84787468993453,138.38769012873846,,,0.684589800443459,180935.83983884065,108941.65507740759,3519529.1747709224,693079.7633783886,1,,,,,,,,,,,,,,38340
640,1156,15496577.44982699,6.286332179930795,6.46280276816609,440657,5303391,1356468.9755719719,1198842.8483548644,59279708,0,1729678.1996439307,700500.6145427297,168,460,250,26,168,0,0,0,95.18006829963642,123.87444643394724,,,0.5536332179930796,235996.89611628553,209486.27065362703,4127798.108052321,287579.799828134,1,,,,,,,,,,,,,,38400
641,2060,12438986.085436894,5.053398058252427,5.575728155339806,609691,7740004,778494.6114045571,1215534.93333022,97210571,0,1163505.9693634363,920153.0731932329,113,372,502,16,113,0,0,0,88.33364623333655,110.9092762912053,,,0.6966019417475728,193413.5647728017,47702.693174178945,4241514.87215235,124762.65516550603,1,,,,,,,,,,,,,,38460
642,1248,10694815.551282052,4.596955128205129,4.118589743589744,413714,2014386,623996.3369846304,1066895.9219421952,59724162,0,909100.1229214728,648156.7077592748,31,278,309,11,31,0,0,0,100.7637437204129,135.66685449456853,28265.363624965892,140555.8825817931,0.686698717948718,343027.5688204562,107107.10714416856,4090471.683880881,160846.62047132285,1,,,,,,,,,,,,,,38520
643,927,16938787.566343043,6.165048543689321,6.699029126213592,600532,4463687,1880155.4785822153,1516248.590189579,59936374,0,2295890.1476659053,1185407.1155012627,57,240,244,12,57,0,0,0,107.78162146346462,136.9895847723862,,312699.48588072427,0.6192017259978425,382556.4315669348,21621.29489275445,5485891.960399562,60192.05269533788,1,,,,,,,,,,,,,,38580
644,1854,13925457.594929881,5.28101402373247,4.992448759439051,640448,4279214,753136.7750740066,1199502.5612038455,59000000,0,1127170.9974097947,866726.263881259,144,442,523,13,144,0,0,0,100.15618983586003,140.93006974046094,,,0.6208198489751888,140190.3163234545,110178.05791782802,4145705.673553015,206635.0961390607,1,,,,,,,,,,,,,,38640
645,1166,14257164.086620927,4.973413379073756,4.243567753001715,425516,1543159,827097.710547928,1350725.6443909784,59936884,0,1242416.5369057907,1137266.0991389684,94,337,301,8,94,0,0,0,88.95850380261732,128.88654611701165,,,0.6200686106346484,215211.44172907068,192702.95079962534,4507637.208458412,370536.0983004948,1,,,,,,,,,,,,,,38700
646,906,8328537.996688741,3.642384105960265,2.6114790286975715,225716,553412,1378511.5942243212,888926.0105389769,59100000,0,1583942.218270134,595394.078860278,54,303,160,1,54,0,0,0,67.8524262887011,89.74560555424779,,168951.72373394194,0.6048565121412803,150629.2556363067,112265.56032321403,3236754.8009475837,170752.8155100829,1,,,,,,,,,,,,,,38760
647,1022,10623675.396281801,3.977495107632094,3.163405088062622,271741,1137603,751231.9176924811,1251608.7651310433,59936358,0,1119409.9647721068,1047397.0865712494,92,320,192,4,92,0,0,0,76.11400967253289,99.8650224549951,,,0.5909980430528375,273930.5644702571,105563.07103495138,4055051.2548268395,213240.14266062906,1,,,,,,,,,,,,,,38820
648,421,11748135.465558195,5.285035629453682,3.7577197149643706,161240,474405,1616697.7245412853,1020354.4429675924,58866660,0,1810551.5829016273,810901.579797609,45,168,100,6,45,0,0,0,84.75419114940355,125.1840914188,,,0.4655581947743468,739443.5488966693,91757.06131587276,4312869.838294722,234755.1341536623,1,,,,,,,,,,,,,,38880
649,1408,14448917.488636363,4.7336647727272725,4.729403409090909,475433,3349586,1071511.181548817,1280048.0144397644,59936423,0,1452899.4743600835,1002243.2706334968,76,252,326,5,76,0,0,0,92.50284096435526,118.26544499971946,,,0.6867897727272727,237590.239387086,82407.67554353735,4697428.675009369,153418.0604973831,1,,,,,,,,,,,,,,38940
650,838,14582654.386634845,5.190930787589499,4.898568019093079,302245,1831108,1323761.060911885,988535.3689454134,90000000,0,1656319.7369893237,790740.0866598705,59,245,179,8,59,0,0,0,89.09459567200179,119.43277828675978,,302588.74134901934,0.5930787589498807,328759.09521534655,250727.81386854209,3790880.3398106415,170591.38120194944,1,,,,,,,,,,,,,,39000
651,1174,12300919.25298126,4.120954003407155,3.721465076660988,353081,1634695,1088956.093613617,1376416.645944311,59937787,0,1489827.8921383114,1010076.548576978,47,219,256,2,47,0,0,0,85.17754553312854,103.7329206522252,,,0.6890971039182283,213636.29236997344,158541.5514632414,5038873.382426415,307359.18195241655,1,,,,,,,,,,,,,,39060
652,1212,13818879.348184818,5.025577557755776,4.313531353135313,622391,2132982,1092659.1688952153,1131592.0702145079,89804533,0,1421015.242937411,811556.3053750892,121,357,233,11,121,0,0,0,83.35049810442236,105.31622202711675,,,0.6039603960396039,409388.87121736555,182957.87561320062,4099016.6696392316,364355.3011532164,1,,,,,,,,,,,,,,39120
653,895,13974082.231284916,5.211173184357542,4.96536312849162,354526,2198184,941993.7038019352,1580960.6387509436,87800000,0,1288710.4622543862,1417538.6418167665,79,257,183,14,79,0,0,0,86.82490392340101,117.4478417570848,,,0.5921787709497207,214490.01197445695,192598.71517038718,4797109.4682178525,200965.13100682478,1,,,,,,,,,,,,,,39180
654,781,17886186.962868117,5.571062740076824,4.256081946222792,302577,909114,2124885.9473618446,2186078.5958363637,58920672,0,2657814.702970547,1589749.7693211564,81,257,164,2,81,0,0,0,84.51387487328643,119.12684704125941,,462458.6739551058,0.5403329065300896,333485.571677031,95007.92282140457,7719693.325931491,211221.00295809467,1,,,,,,,,,,,,,,39240
655,828,16586658.123188406,6.707729468599034,6.741545893719807,957472,3688982,1209091.1833814264,1586738.4562642777,62445311,0,1707622.187968424,1459222.8082615584,86,276,200,11,86,0,2,0,93.2916269949227,129.26209796786472,,,0.5483091787439613,264430.85974279005,43167.050251314926,5326306.446750359,193489.15339961814,1,,,,,,,,,,,,,,39300
656,742,13987455.241239892,5.412398921832884,4.6873315363881405,330023,1285647,911498.616480007,1490461.1227681267,87938545,0,1206002.2852973242,1217031.012169169,69,221,189,1,69,0,10,0,89.08418537291159,127.37293396030067,,,0.5754716981132075,414779.0551886878,356322.4910891738,4746441.779889931,374587.244429634,1,,,,,,,,,,,,,,39360
657,1295,14786366.85173745,4.918146718146718,4.183783783783784,472563,2097245,1502553.7278845129,1620873.779602244,59939030,0,1828257.584292437,1286865.7441526644,108,387,348,14,108,0,24,0,79.93117221379568,115.71401075277939,,,0.5667953667953668,293362.94328290457,158317.13213188804,5969372.779774735,360574.4989533907,1,,,,,,,,,,,,,,39420
658,1291,11489673.948102247,4.9109217660728115,4.152594887683966,532784,1713375,836784.4451000367,1151948.2458459693,62261203,0,1059295.850829553,1049789.6254953719,104,371,352,13,104,0,24,0,81.34510660633772,115.6374097761271,,,0.592563903950426,384690.13015002554,206653.58008214578,3543813.5939539806,427557.2672868139,1,,,,,,,,,,,,,,39480
659,4222,2150940.175746092,1.7534343912837518,1.5343439128375178,305867,928232,268444.0640446779,304746.320198428,59936626,0,266227.08328517014,295698.72178293706,97,355,290,8,97,0,33,0,19.29949668153143,26.60811727588446,,,0.9194694457603032,177939.2972929137,37953.00723502538,883141.1344306376,115912.41263327036,1,,,,,,,,,,,,,,39540
660,1717,17045156.018054746,5.971461852067559,5.877111240535818,714081,5570575,1189904.353638442,1514144.0881005495,62474875,0,1571054.2126152779,1132331.9555524315,147,451,443,23,147,0,24,0,90.6846635390043,122.46176038827875,,,0.6039603960396039,434103.0945133245,67393.96589963823,5364655.580480396,283347.9613186864,1,,,,,,,,,,,,,,39600
661,1095,11361143.771689497,5.448401826484019,5.274885844748859,468028,3375208,912177.796031679,1330257.0060341323,59936831,0,1127198.3282707639,1204184.9496025902,77,286,332,3,77,0,24,0,83.71039227922421,117.28383400182092,,,0.6255707762557078,434998.5408650762,73826.05526279919,4134977.8628122164,294497.5204089986,1,,,,,,,,,,,,,,39660
662,1073,12255756.45386766,5.269338303821063,4.7614165890027955,443474,1976467,901106.6249751212,1192893.4004647362,62017634,0,1287634.3074588978,1041372.8928079116,61,361,272,8,61,0,8,0,89.66584909215601,129.88614583019805,,,0.5573159366262814,318836.5410998559,98523.87665775993,3762817.0380303236,351583.5395361039,1,,,,,,,,,,,,,,39720
663,919,8042330.501632209,3.989118607181719,2.5527747551686617,261313,525034,1616357.0538983531,1132190.2857933035,65500197,0,1653016.946810918,1019135.4705174584,137,382,195,13,137,0,24,0,61.70069923522905,89.57680962358661,,,0.5038084874863983,417997.48826522665,206740.74708649184,3512247.64064318,316875.0284513407,1,,,,,,,,,,,,,,39780
664,1310,12391264.495419847,5.023664122137404,4.413740458015267,521236,2121655,1101657.940902883,1466443.6810514997,62482248,0,1408677.9353747363,1169702.5987601813,127,355,388,4,127,0,24,0,88.95895049037397,125.99982440101412,,,0.5488549618320611,340513.6640342773,21625.05474742203,4477476.919213995,378156.30685003643,1,,,,,,,,,,,,,,39840
665,564,9312021.040780142,4.75,3.4574468085106385,244896,481532,1568416.3971729537,1323428.0458763908,59937211,0,1717215.990240162,1395871.8788364513,48,188,174,4,48,0,0,0,83.81156113624876,133.90919562578637,,,0.4716312056737589,508016.42602077906,94327.64251213367,3848221.391084354,204276.67146655475,0,,,,,,,,,,,,,,39900
666,628,13369286.337579617,6.11624203821656,5.909235668789809,381312,1637500,2070560.0756339172,1270853.7932220718,58633044,0,2413830.2032635165,1001404.9009127509,31,210,225,0,31,0,0,0,102.49307544312899,148.94189129375604,,,0.46178343949044587,308353.43935210496,247094.23933235576,4345329.278739626,461602.2260526312,0,,,,,,,,,,,,,,39960
667,524,8044515.908396946,4.883587786259542,3.116412213740458,224267,395824,1615879.4348655967,1061926.1550353232,59936870,0,1831887.5901241149,1058329.9004449802,62,213,164,5,62,0,0,0,79.31693870038988,124.12200587028187,,132862.1277848028,0.32633587786259544,654231.2098009815,132320.91361413727,3402168.409677886,159352.92183868625,0,,,,,,,,,,,,,,40020
668,577,11288701.719237436,5.369150779896014,3.8076256499133447,274507,460123,2276481.5387599864,1471280.5421609285,58645744,0,2522479.3413232844,1204010.3767143493,57,185,165,0,57,0,24,0,81.6481898354513,125.33108815637435,26560.99551921506,209620.57426176008,0.3535528596187175,660696.6340747795,213522.76071166203,4473516.757437898,501134.0001023116,0,,,,,,,,,,,,,,40080
669,640,15475882.2265625,6.53125,6.084375,337392,1843148,1470552.5406616875,1520419.558979035,65042162,0,1987005.9253538542,1527779.3147380562,31,125,220,0,31,0,0,0,115.1896260225911,171.4529726353953,,99896.53731312089,0.553125,364957.5041369204,401105.7615155815,5651414.250299404,277820.0569704367,0,,,,,,,,,,,,,,40140
670,1084,15172930.729704797,5.737084870848708,5.266605166051661,509939,2260040,816361.610836635,1277638.6358391966,59626950,0,1205943.6028800248,970055.979416898,43,208,355,4,43,0,0,0,104.1921075376071,149.7611110949159,,,0.5894833948339483,235361.31701288707,191235.77208630726,4331717.380365165,243356.61786213078,0,,,,,,,,,,,,,,40200
671,880,13115748.393181818,6.1886363636363635,6.5125,393387,4223895,1774358.4546124237,1109295.3828319225,59936488,0,2073598.8375999895,968877.070576931,30,224,287,4,30,0,0,0,99.74798581874205,151.9478760834867,,,0.4943181818181818,213473.1981193435,197466.78188822174,4597166.430173002,169452.6718904778,0,,,,,,,,,,,,,,40260
672,742,6997002.845013477,5.632075471698113,5.513477088948787,312696,2722279,748264.3464355523,951581.4038637074,59665742,0,834639.2127877265,520346.9335984656,51,295,182,6,51,0,0,0,89.8679415977403,137.0864922652655,,,0.45417789757412397,350941.3845875922,82174.3791084698,2802334.125691941,104474.112898949,0,,,,,,,,,,,,,,40320
673,666,6354517.75075075,4.771771771771772,3.5705705705705704,302954,663345,874794.152512434,723475.7255921565,59943599,0,1061182.407044014,814608.833710468,76,291,180,8,76,0,0,0,93.4565288896422,142.1111303025494,,,0.3918918918918919,118845.15912276407,109420.96867372151,2313206.5656355903,149566.5520555907,0,,,,,,,,,,,,,,40380
674,786,15744561.058524173,5.731552162849873,4.7226463104325695,317056,1442606,1855960.909328787,1502966.535145499,59905788,0,2228552.1392579987,1014632.8360492949,34,152,249,0,34,0,0,0,99.95077352829618,146.8775040296533,,,0.5089058524173028,612785.5405705182,110209.9651993147,6013985.706228677,1162148.98306064,0,,,,,,,,,,,,,,40440
675,951,14154868.427970557,5.398527865404837,4.839116719242902,455532,1649569,938758.427332156,1375963.0866758388,59936663,0,1273818.0260389168,1072516.5442100628,44,185,289,6,44,0,0,0,105.34993374209832,150.47682865254112,,,0.5920084121976866,175767.27485905364,144937.3208060664,4835412.790460981,151593.21353271708,0,,,,,,,,,,,,,,40500
676,498,8750124.289156627,6.5120481927710845,4.71285140562249,260248,651211,1211405.3102923483,732741.7652735395,59700000,0,1325380.2443193148,628744.5434575106,7,129,181,0,7,0,0,0,101.01655381814638,156.80529575563415,17419.94381364676,36309.28562219431,0.4799196787148594,772378.0947577461,439587.29805755895,2905516.3061792627,58244.872024918135,0,,,,,,,,,,,,,,40560
677,833,10966873.924369749,4.427370948379352,3.6638655462184873,352280,1017166,1541371.9468569278,1121997.7751577916,59936637,0,1792611.9867887907,946113.9269385452,60,254,184,2,60,0,0,0,85.76500643362904,118.13952245081656,,,0.5558223289315727,272539.9551675063,22719.545961276166,4437714.847194587,192474.27534648974,0,,,,,,,,,,,,,,40620
678,926,11238885.980561554,5.773218142548596,6.206263498920086,381478,4169254,736472.674330277,809350.2959630055,59642658,0,989009.8731321556,602170.6715079758,30,178,246,6,30,0,0,0,105.32285662351296,127.70065211244146,,,0.6447084233261339,367072.73157252866,140658.03053932925,2678581.108067058,154338.56291918753,0,,,,,,,,,,,,,,40680
679,700,15461285.551428571,5.637142857142857,4.784285714285715,303041,1171732,1567291.8535354512,1599429.166907179,59937681,0,1964481.117229542,1211310.5948668076,33,156,215,2,33,0,0,0,95.79450985584599,140.8809913150477,,,0.5357142857142857,282778.16314373416,298280.7695900388,6044749.612350822,102579.29140639846,0,,,,,,,,,,,,,,40740
680,516,7889530.757751938,5.042635658914729,3.691860465116279,250936,513378,1541938.1084465778,648511.1179532288,56400000,0,1651799.8735376562,520046.0078792755,30,225,145,4,30,0,0,0,91.01778018412985,142.19916243351685,,,0.42054263565891475,437395.61353065714,139279.32018891798,2891492.853506871,262103.49325922906,0,,,,,,,,,,,,,,40800
681,731,9443756.339261286,4.928864569083447,3.9439124487004102,297685,1007993,910229.8174963531,1027842.7058546465,59936637,0,1165488.6927985009,986110.7514819325,37,184,196,3,37,0,0,0,95.98833999609822,127.76511070012667,,373976.17284654576,0.5266757865937073,280631.00564970047,275489.3669328818,3396333.397633178,182566.21769309122,0,,,,,,,,,,,,,,40860
682,591,10140705.639593909,4.95093062605753,3.742808798646362,247193,568455,1393342.2201686816,1015041.1868561781,59022381,0,1607147.6656822357,643084.2051861786,49,179,151,6,49,0,0,0,90.6862379274577,128.59947219110947,,,0.45516074450084604,312684.990032836,265332.82202274847,4042136.9369891807,429837.99785999703,0,,,,,,,,,,,,,,40920
683,474,9861361.64978903,5.139240506329114,3.940928270042194,248350,533174,1768420.648096756,1198532.6860517003,59936919,0,2020827.1285657925,1169669.5142217884,13,140,155,0,13,0,0,0,103.67074716622953,161.67266203350738,9103.358597598668,36122.31910323384,0.45358649789029537,393470.32113544305,161867.9299225854,4313853.537364531,168920.4219596765,0,,,,,,,,,,,,,,40980
684,595,9347069.833613446,5.0890756302521005,4.132773109243698,294949,726298,1124444.2100649388,1168405.065718201,58836462,0,1361072.6022884895,798252.3320549494,52,185,189,1,52,0,0,0,102.82127944121294,158.17221628813917,,,0.45714285714285713,418751.4908508114,9418.04044465703,3488103.1015006877,136049.0765112234,0,,,,,,,,,,,,,,41040
685,469,10918785.424307037,5.771855010660981,4.031982942430703,251022,477508,2255486.5711278482,1120653.4060454566,59936802,0,2505618.151098413,1237970.3060530196,23,140,144,0,23,0,0,0,98.21950588841706,158.406177889523,,412783.81661166466,0.3283582089552239,790823.0479679873,91544.75298810442,4518316.984134522,188045.7258290107,0,,,,,,,,,,,,,,41100
686,507,8368711.177514793,6.420118343195266,4.804733727810651,289501,533267,1407027.6138461,1018871.3011869635,59801282,0,1574349.5252882438,528445.4863118753,23,121,181,0,23,0,0,0,102.57948581387514,162.26615817890277,,,0.3747534516765286,544351.1552848746,170767.66586688714,3304197.53342811,262416.2021584589,0,,,,,,,,,,,,,,41160
687,2003,15101790.382925611,5.0519221168247626,4.7608587119321015,745175,3694191,626699.8837840513,1360419.6946135992,59937002,0,1111153.979744247,1119867.1413117098,91,270,586,12,91,0,0,0,102.17657226923065,142.14961817325596,,,0.6964553170244633,161813.85350296996,160972.87055207408,4745072.808445665,120674.63626568581,0,,,,,,,,,,,,,,41220
688,2107,10717929.38538206,4.43094447081158,3.953488372093023,686637,2940125,957540.9783005725,955470.8622588706,78600000,0,1202428.4131409568,647914.7970115695,78,397,582,16,78,0,0,0,101.55958212938828,138.45422126129057,,,0.6487897484575226,198271.52543261249,59183.125771316954,3553515.992765564,88695.26692336009,0,,,,,,,,,,,,,,41280
689,746,9587749.33780161,4.550938337801608,3.388739946380697,302326,675502,1134340.4136501523,1182706.527512919,59936727,0,1499394.3496360686,1074777.7279818635,36,308,190,6,36,0,0,0,86.36806397313606,122.70034722054277,,,0.5093833780160858,280435.3068709481,308407.23758655,3438038.9669320416,272079.9123139103,0,,,,,,,,,,,,,,41340
690,754,5327387.24005305,4.343501326259947,2.7294429708222814,250163,470930,675594.0683102101,578592.8466144245,58823889,0,798012.3818727812,381811.2307645785,123,398,159,16,123,0,0,0,65.6162904121191,100.08787778683872,,,0.35809018567639256,313651.89992723934,89554.35510772222,1805059.3071693939,64366.94554779234,0,,,,,,,,,,,,,,41400
691,942,11507090.170912951,4.74203821656051,3.680467091295117,400773,943390,1464451.984519208,1068341.1476092811,59936771,0,1776201.4973860858,939465.6851290016,80,270,242,2,80,0,0,0,84.88477550128323,123.94021332070913,,,0.5371549893842887,341495.8945165962,126065.81232559579,4081283.7306383257,110541.16272172282,0,,,,,,,,,,,,,,41460
692,528,7387409.503787879,5.083333333333333,4.107954545454546,281745,541154,898845.7326528943,851769.958770943,58841890,0,1011933.4946918569,653078.8134699557,17,156,171,0,17,0,0,0,98.848600050093,151.48349093025305,,,0.4772727272727273,374015.75233260717,6712.241045400149,2670688.060677899,202099.93720542206,0,,,,,,,,,,,,,,41520
693,663,10217096.016591253,5.104072398190045,4.104072398190045,320189,768489,1168541.369534329,1217842.0199608854,62300000,0,1422828.0954048175,1130722.2375214072,16,149,192,0,16,0,0,0,98.73631329058868,142.70685559256546,,144825.1694340951,0.6003016591251885,804721.2788425984,145455.6417253289,3930679.1515922663,127712.72987643776,0,,,,,,,,,,,,,,41580
694,542,8210006.483394834,5.095940959409594,4.127306273062731,263310,874890,1829096.817100619,686058.0247387069,58400000,0,1894019.9414360612,479076.7409181664,31,159,163,0,31,0,0,0,104.35484081216512,150.56158955982252,,176845.0731271204,0.488929889298893,297181.01750370726,214732.72124244412,3398855.981857319,195009.02891944267,0,,,,,,,,,,,,,,41640
695,906,14717918.685430463,5.568432671081678,5.072847682119205,381857,1689530,1130570.273359903,1306594.4538797815,59937074,0,1532264.3549641876,1124509.2625631844,36,190,296,4,36,0,0,0,108.38234966966634,161.58003634635168,,,0.6412803532008831,544471.86082427,141489.40604745835,4179425.6060022367,360445.7789844351,0,,,,,,,,,,,,,,41700
696,783,9333048.020434227,4.952745849297574,4.657726692209451,349014,1483598,1041407.2840603887,1122688.778698837,59600000,0,1286647.248608036,599784.3039191915,25,206,251,0,25,0,0,0,104.68769748489808,151.99737034056565,,,0.5951468710089399,190948.57564801088,75336.81646180489,4505959.922794171,217348.94606272693,0,,,,,,,,,,,,,,41760
697,549,10969487.142076503,5.380692167577413,4.1256830601092895,293325,625248,2014592.7838659708,1397474.6300325473,59936771,0,2255287.313419461,941086.7983799056,40,191,168,4,40,0,0,0,96.08002412177741,145.82496225177832,,176782.94500214103,0.4335154826958106,401682.2511011222,281877.8468703495,4382191.928485991,329110.04530802567,0,,,,,,,,,,,,,,41820
698,605,6914158.636363637,5.532231404958678,4.2132231404958675,743539,648673,1270462.0837277477,989219.5997299616,62665223,0,1469444.965168551,506820.5203686567,46,180,175,0,46,0,0,0,98.05829042856777,147.47784103769587,,,0.512396694214876,343824.6540796269,197556.10643881914,3006291.6819203105,258215.81148632357,0,,,,,,,,,,,,,,41880
699,478,12146670.253138075,9.292887029288703,6.412133891213389,355586,564249,2821766.6260311413,1800270.557122982,60501371,0,3565213.1392397587,2017036.5181988967,45,150,153,0,45,0,0,0,109.46774844535794,170.25702603703388,,,0.40794979079497906,456547.0517149131,305807.86422556976,5393717.248271776,314949.26553615753,0,,,,,,,,,,,,,,41940
700,549,6600882.675774135,6.14207650273224,4.46448087431694,745272,756080,1370992.2474300296,923690.9706078392,58230293,0,1412457.52473559,466634.76569115935,17,152,170,0,17,0,0,0,106.17084983808543,163.56218156845028,17481.077875167346,45733.343279065986,0.47358834244080145,345791.7132882298,319827.17573975853,3193455.881667968,198298.68529750092,0,,,,,,,,,,,,,,42000
701,1001,15033605.927072927,7.591408591408592,9.164835164835164,548522,7700531,744511.2465628864,1477287.1285785753,88167720,0,1180351.0030170889,1192608.5348946147,35,153,291,2,35,0,0,0,107.41711634152527,146.66053578723137,,,0.6423576423576424,269062.7067848169,48552.32928255153,5348238.379471986,160458.71339643924,0,,,,,,,,,,,,,,42060
702,503,11744706.562624255,5.606361829025845,4.548707753479126,219028,1100177,2521647.770280629,829345.7975879262,59000000,0,2643038.0098188273,582119.9050866521,11,128,158,4,11,0,0,0,102.68931521222544,154.17462091249902,,,0.4115308151093439,754450.0110499467,156731.33148848047,4490657.323734243,213845.65040025007,0,,,,,,,,,,,,,,42120
703,1470,14304492.568707483,5.181632653061224,5.075510204081633,506636,3264064,740423.5776076027,1234006.8655310208,59936360,0,1153284.0751045635,1075227.7452184665,56,300,428,3,56,0,0,0,95.11409662864823,130.92283848331968,,340727.59084725333,0.6510204081632653,137099.9785435904,92445.70743789233,3830981.159482148,205098.8467103253,0,,,,,,,,,,,,,,42180
704,539,5427036.47309833,4.467532467532467,3.0593692022263452,227908,502692,1065810.7444536951,657543.7137498055,58600000,0,1124741.0343977748,360546.42490138503,48,237,123,6,48,0,0,0,88.00118061787198,131.0885076646436,,,0.4675324675324675,332204.5290131637,331625.44806768367,2453756.3094310453,140739.96958386348,0,,,,,,,,,,,,,,42240
705,766,12353238.578328982,17.130548302872064,29.513054830287206,326696,28976241,1683583.7750480121,1250148.6143564838,59936379,0,2014609.0620585245,1121332.9039879355,37,284,200,5,37,0,0,0,96.90446563273498,138.40391516234413,,,0.5404699738903395,280833.81091265724,309153.18687848194,4613282.968059775,203892.84129315222,0,,,,,,,,,,,,,,42300
706,533,8185346.885553471,4.780487804878049,3.5178236397748592,234455,585337,844823.9310086967,844616.2516011259,58800000,0,1053308.4752293506,599575.8117148206,40,206,137,11,40,0,0,0,97.32203315582214,141.9476529427587,,,0.5121951219512195,361490.31789124233,283102.4403563023,2923302.3656988624,139956.3158046721,0,,,,,,,,,,,,,,42360
707,374,10157647.673796792,5.5828877005347595,3.8529411764705883,177090,375947,1604945.4635982541,1516107.2951995179,59936486,0,2156287.7366405264,1788580.4092527803,27,156,87,0,27,0,0,0,89.45379940202541,139.11940844233476,52421.87436727187,504546.683132667,0.47593582887700536,773348.2256684492,31791.816703779776,4341596.733021391,319444.61490930605,0,,,,,,,,,,,,,,42420
708,1322,13107217.270045387,4.42965204236006,4.2670196671709535,324104,2902783,1237257.436717088,1026440.7420673192,59000490,0,1626876.348605323,835545.4454371318,26,201,305,2,26,0,0,0,83.91991333564833,102.19994543063184,,,0.7095310136157338,234825.79269488086,103185.02432540397,3380364.5678552766,112279.0468669074,0,,,,,,,,,,,,,,42480
709,571,13014737.686514886,5.502626970227671,5.490367775831874,223069,1806802,1424052.2225515472,1605223.1522677613,59936467,0,2164430.364513601,1865440.9439642075,29,139,126,4,29,0,0,0,91.6216783768366,124.67768109072118,,,0.5709281961471103,309763.2859593304,229851.72640044635,5269595.974942912,244528.76075648458,0,,,,,,,,,,,,,,42540
710,942,9572558.082802547,4.082802547770701,3.5605095541401273,287074,1306579,1067503.251892175,939660.1602567438,58839420,0,1343097.7553118458,746562.6769918918,25,205,201,3,25,0,0,0,83.64710178216157,108.25570867418885,,83197.50033751593,0.6900212314225053,312216.7863320024,115350.86895569724,3515716.9429553407,138939.3605173084,0,,,,,,,,,,,,,,42600
711,655,14133198.374045802,4.891603053435115,3.8274809160305345,217058,916683,1614978.3635315273,1473633.2724500285,59936346,0,2096160.3335183114,1402035.4431917851,45,185,140,6,45,0,0,0,91.68019074695222,118.50809227900656,,445338.76637569,0.5190839694656488,223054.3490030761,211975.68208576678,5418542.112146642,206151.05855635315,0,,,,,,,,,,,,,,42660
712,415,10902449.913253011,4.602409638554217,3.2048192771084336,161149,362324,1849077.7934591756,1499514.726248376,59200000,0,2524858.3095871587,1509168.2060460693,22,145,86,3,22,0,0,0,86.06616492099735,118.78426970372097,,319125.2574521824,0.4987951807228916,415123.0337987411,461603.3835065654,4730366.349882146,191928.3864754424,0,,,,,,,,,,,,,,42720
713,332,14710629.081325302,5.1897590361445785,3.533132530120482,130708,277593,2780848.0599544155,1982314.0923742692,81922485,0,3336909.868551319,2189715.9833152047,44,151,63,10,44,0,0,0,76.28449139844186,116.2199786360729,,1060758.90196283,0.4006024096385542,554121.5811881708,362073.481154111,6769623.46393839,435170.6345424432,0,,,,,,,,,,,,,,42780
714,470,11904914.612765957,5.238297872340426,3.7148936170212767,180337,612191,2061075.7169946942,1248743.7219295776,58900000,0,2630499.1119176587,1279792.0019585572,24,144,103,0,24,0,0,0,80.48037439339299,117.03882375784447,,33467.00835902906,0.4595744680851064,544823.1532044474,485724.49806724174,4556405.198731307,217300.0506897798,0,,,,,,,,,,,,,,42840
715,905,18088666.634254143,5.499447513812155,5.264088397790055,352559,1967863,1388628.0358927124,1696075.8873129855,119000000,0,2050615.9251361089,1657298.2331628776,50,187,264,4,50,0,0,0,105.38940367142,149.749051678737,,,0.6022099447513812,133538.5725516193,142419.63816258445,5971538.999609313,277431.9698642992,0,,,,,,,,,,,,,,42900
716,385,14357842.363636363,5.815584415584415,3.896103896103896,182953,427315,3037967.1372085935,1241654.096405228,59647791,0,3348635.857017106,984365.397585528,5,105,102,0,5,0,0,0,101.7920851142439,160.52821561173894,,38439.76287953445,0.45714285714285713,1065282.6851014472,481906.2370886897,5553619.759655456,262007.36041046315,0,,,,,,,,,,,,,,42960
717,360,13548462.997222222,5.258333333333334,4.0777777777777775,161594,342206,2279095.8739721575,2056191.6219466142,59936554,0,3309304.7879100195,2679985.970531416,19,161,75,0,19,0,0,0,81.79629934902361,129.15773054975168,,88565.08227837963,0.475,471036.37175925,22589.13504440388,5882334.214317172,290009.030900041,0,,,,,,,,,,,,,,43020
718,923,12123517.498374864,4.520043336944745,3.9729144095341278,263927,1805659,710846.6511507226,1306533.4527508414,59000000,0,1090591.7103526893,930383.5776539166,83,229,184,6,83,0,0,0,87.98398543370628,116.97940550694389,,,0.6348862405200434,292827.2039947656,87509.3832657717,4619364.724127846,329533.7377180027,0,,,,,,,,,,,,,,43080
719,359,21744908.18941504,5.9665738161559885,4.401114206128134,172470,391332,4150081.2777737314,2349781.439459258,59936349,0,5227729.5190859195,2831257.2700530654,11,88,93,2,11,0,0,0,96.51022560199277,145.64871865286713,19651.221396779376,40087.535149421696,0.4401114206128134,531315.6799479927,511782.22809324384,8624466.332284352,352989.99485118245,0,,,,,,,,,,,,,,43140
