timestamp,window,current_attack_label,current_flow_count,current_flow_duration_mean,current_fwd_packets_mean,current_bwd_packets_mean,current_fwd_bytes_sum,current_bwd_bytes_sum,current_flow_iat_mean,current_flow_iat_std,current_flow_iat_max,current_flow_iat_min,current_fwd_iat_mean,current_bwd_iat_mean,current_syn_count,current_ack_count,current_rst_count,current_fin_count,current_psh_fwd_count,current_psh_bwd_count,current_urg_fwd_count,current_urg_bwd_count,current_packet_length_mean,current_packet_length_std,current_packets_per_second,current_bytes_per_second,current_down_up_ratio,current_active_mean,current_active_std,current_idle_mean,current_idle_std,next_flow_count,next_flow_duration_mean,next_fwd_packets_mean,next_bwd_packets_mean,next_fwd_bytes_sum,next_bwd_bytes_sum,next_flow_iat_mean,next_flow_iat_std,next_flow_iat_max,next_flow_iat_min,next_fwd_iat_mean,next_bwd_iat_mean,next_syn_count,next_ack_count,next_rst_count,next_fin_count,next_psh_fwd_count,next_psh_bwd_count,next_urg_fwd_count,next_urg_bwd_count,next_packet_length_mean,next_packet_length_std,next_packets_per_second,next_bytes_per_second,next_down_up_ratio,next_active_mean,next_active_std,next_idle_mean,next_idle_std,next_attack_label,next_timestamp
2018-02-28 01:00:00,0,0,356.0,9018930.676966293,5.379213483146067,3.6713483146067416,162763.0,342800.0,1378545.9622955986,1217681.353553466,56320408.0,0.0,1830619.0803607977,1270965.780756676,10.0,123.0,84.0,0.0,10.0,0.0,0.0,0.0,85.0530479637955,137.60573013015676,0.0,26928.583183088424,0.3932584269662921,751181.1464956395,348666.33389538474,4017583.317335474,424130.2415513839,549.0,9899782.426229509,5.049180327868853,5.063752276867031,223261.0,1621633.0,1294712.870471869,1217702.1202842998,59936525.0,0.0,1629853.403073683,1278972.5476833675,80.0,227.0,106.0,4.0,80.0,0.0,0.0,0.0,85.99321682834172,118.70294944224936,0.0,0.0,0.4316939890710382,347686.14908639784,26996.93120663281,3903501.4445835953,358155.569900328,0.0,2018-02-28 01:01:00
2018-02-28 01:01:00,1,0,549.0,9899782.426229509,5.049180327868853,5.063752276867031,223261.0,1621633.0,1294712.870471869,1217702.1202842998,59936525.0,0.0,1629853.403073683,1278972.5476833675,80.0,227.0,106.0,4.0,80.0,0.0,0.0,0.0,85.99321682834172,118.70294944224936,0.0,0.0,0.4316939890710382,347686.14908639784,26996.93120663281,3903501.4445835953,358155.569900328,1438.0,17495980.80319889,5.212795549374131,4.748956884561892,564694.0,2387136.0,1278639.275300527,1529193.2680736794,59000000.0,0.0,1806740.4330565897,1227615.7061827765,57.0,269.0,413.0,6.0,57.0,0.0,0.0,0.0,101.97708461273568,146.5680126305082,0.0,0.0,0.6557719054242003,207504.00115486167,179206.48177833256,5795109.9970358405,150895.28216801735,0.0,2018-02-28 01:02:00
2018-02-28 01:02:00,2,0,1438.0,17495980.80319889,5.212795549374131,4.748956884561892,564694.0,2387136.0,1278639.275300527,1529193.2680736794,59000000.0,0.0,1806740.4330565897,1227615.7061827765,57.0,269.0,413.0,6.0,57.0,0.0,0.0,0.0,101.97708461273568,146.5680126305082,0.0,0.0,0.6557719054242003,207504.00115486167,179206.48177833256,5795109.9970358405,150895.28216801735,685.0,17850666.848175183,6.211678832116788,5.957664233576643,320035.0,1927856.0,1102665.104238527,1758216.0191161253,59936460.0,0.0,1608738.3443425973,1558013.3081775308,30.0,176.0,199.0,4.0,30.0,0.0,0.0,0.0,101.02803365940234,146.8450912403029,0.0,0.0,0.5824817518248175,401010.54523352574,172857.45318338604,6197070.650696001,355697.77734451066,0.0,2018-02-28 01:03:00
2018-02-28 01:03:00,3,0,685.0,17850666.848175183,6.211678832116788,5.957664233576643,320035.0,1927856.0,1102665.104238527,1758216.0191161253,59936460.0,0.0,1608738.3443425973,1558013.3081775308,30.0,176.0,199.0,4.0,30.0,0.0,0.0,0.0,101.02803365940234,146.8450912403029,0.0,0.0,0.5824817518248175,401010.54523352574,172857.45318338604,6197070.650696001,355697.77734451066,1413.0,13988517.36022647,4.438782731776362,3.930644019815994,384026.0,1876257.0,833904.9421874586,1447604.3371960332,59000000.0,0.0,1238922.1709536242,938323.6287364952,127.0,332.0,316.0,6.0,127.0,0.0,0.0,0.0,81.59543070067403,110.52286262547976,0.0,0.0,0.6334041047416844,199097.56081685665,55794.80958128214,5117893.28927837,120101.8278982645,0.0,2018-02-28 01:04:00
2018-02-28 01:04:00,4,0,1413.0,13988517.36022647,4.438782731776362,3.930644019815994,384026.0,1876257.0,833904.9421874586,1447604.3371960332,59000000.0,0.0,1238922.1709536242,938323.6287364952,127.0,332.0,316.0,6.0,127.0,0.0,0.0,0.0,81.59543070067403,110.52286262547976,0.0,0.0,0.6334041047416844,199097.56081685665,55794.80958128214,5117893.28927837,120101.8278982645,445.0,11572773.696629211,5.197752808988764,3.2651685393258427,186018.0,337749.0,2395226.817067276,1195582.5483045925,59936415.0,0.0,2674770.059426115,1203109.2880829105,61.0,212.0,99.0,8.0,61.0,0.0,0.0,0.0,73.07953837355798,114.8256011725856,0.0,120113.96567168144,0.3617977528089887,725383.2431870209,342864.2471752336,4673455.235233231,373707.107942615,0.0,2018-02-28 01:05:00
2018-02-28 01:05:00,5,0,445.0,11572773.696629211,5.197752808988764,3.2651685393258427,186018.0,337749.0,2395226.817067276,1195582.5483045925,59936415.0,0.0,2674770.059426115,1203109.2880829105,61.0,212.0,99.0,8.0,61.0,0.0,0.0,0.0,73.07953837355798,114.8256011725856,0.0,120113.96567168144,0.3617977528089887,725383.2431870209,342864.2471752336,4673455.235233231,373707.107942615,552.0,7362444.219202898,5.244565217391305,4.09963768115942,305467.0,617960.0,958691.799652442,926539.4614442156,58400000.0,0.0,1130531.1645631597,657146.4826938186,29.0,205.0,177.0,4.0,29.0,0.0,0.0,0.0,100.1355442240924,161.58156203765995,0.0,173769.84591747573,0.4746376811594203,279438.31643271475,227094.5671339274,2877779.344844015,243537.04073066064,0.0,2018-02-28 01:06:00
2018-02-28 01:06:00,6,0,552.0,7362444.219202898,5.244565217391305,4.09963768115942,305467.0,617960.0,958691.799652442,926539.4614442156,58400000.0,0.0,1130531.1645631597,657146.4826938186,29.0,205.0,177.0,4.0,29.0,0.0,0.0,0.0,100.1355442240924,161.58156203765995,0.0,173769.84591747573,0.4746376811594203,279438.31643271475,227094.5671339274,2877779.344844015,243537.04073066064,652.0,5468331.455521473,4.855828220858895,3.2576687116564416,273504.0,588197.0,1048777.9645595497,755942.278218823,59936383.0,0.0,1179581.6140792435,698530.0785256457,101.0,287.0,179.0,8.0,101.0,0.0,0.0,0.0,88.98105972386381,135.62813959876735,0.0,771053.1794877845,0.4003067484662577,489974.8499488242,247883.8862303324,2639039.2264826177,212643.2220870453,0.0,2018-02-28 01:07:00
2018-02-28 01:07:00,7,0,652.0,5468331.455521473,4.855828220858895,3.2576687116564416,273504.0,588197.0,1048777.9645595497,755942.278218823,59936383.0,0.0,1179581.6140792435,698530.0785256457,101.0,287.0,179.0,8.0,101.0,0.0,0.0,0.0,88.98105972386381,135.62813959876735,0.0,771053.1794877845,0.4003067484662577,489974.8499488242,247883.8862303324,2639039.2264826177,212643.2220870453,1151.0,16847767.181581233,6.119026933101651,5.816681146828844,1020195.0,3046102.0,1115260.4001491503,1346858.5920286858,59242081.0,0.0,1491947.3938041497,999554.5562251604,43.0,159.0,382.0,0.0,43.0,0.0,0.0,0.0,110.6764481836112,153.7457298733292,7347.572537742306,155630.54679051373,0.6394439617723718,151456.13750944205,99181.64919499168,5239106.290477793,217977.0467927564,0.0,2018-02-28 01:08:00
2018-02-28 01:08:00,8,0,1151.0,16847767.181581233,6.119026933101651,5.816681146828844,1020195.0,3046102.0,1115260.4001491503,1346858.5920286858,59242081.0,0.0,1491947.3938041497,999554.5562251604,43.0,159.0,382.0,0.0,43.0,0.0,0.0,0.0,110.6764481836112,153.7457298733292,7347.572537742306,155630.54679051373,0.6394439617723718,151456.13750944205,99181.64919499168,5239106.290477793,217977.0467927564,605.0,8545700.940495867,6.011570247933884,5.019834710743802,349366.0,909402.0,1187353.1768388578,883291.1673469748,59936402.0,0.0,1381721.3438197598,907100.1604991232,9.0,122.0,229.0,0.0,9.0,0.0,0.0,0.0,109.16549770977188,174.24457389969075,0.0,0.0,0.4760330578512396,365486.946005428,326647.3726884667,3067178.9777210616,258965.18069800592,0.0,2018-02-28 01:09:00
2018-02-28 01:09:00,9,0,605.0,8545700.940495867,6.011570247933884,5.019834710743802,349366.0,909402.0,1187353.1768388578,883291.1673469748,59936402.0,0.0,1381721.3438197598,907100.1604991232,9.0,122.0,229.0,0.0,9.0,0.0,0.0,0.0,109.16549770977188,174.24457389969075,0.0,0.0,0.4760330578512396,365486.946005428,326647.3726884667,3067178.9777210616,258965.18069800592,1337.0,14844871.763649965,6.43455497382199,7.385938668661182,828545.0,7477715.0,1150122.1708327332,1161286.6177829823,59109659.0,0.0,1569254.9007006425,854533.9428868094,39.0,256.0,406.0,5.0,39.0,0.0,0.0,0.0,116.71424884902932,148.68161398243396,0.0,0.0,0.6664173522812267,233360.4543040014,80901.44559900198,4220831.867204129,133225.64800741448,0.0,2018-02-28 01:10:00
2018-02-28 01:10:00,10,0,1337.0,14844871.763649965,6.43455497382199,7.385938668661182,828545.0,7477715.0,1150122.1708327332,1161286.6177829823,59109659.0,0.0,1569254.9007006425,854533.9428868094,39.0,256.0,406.0,5.0,39.0,0.0,0.0,0.0,116.71424884902932,148.68161398243396,0.0,0.0,0.6664173522812267,233360.4543040014,80901.44559900198,4220831.867204129,133225.64800741448,794.0,9764234.340050375,5.105793450881612,4.243073047858943,309196.0,1127766.0,1357974.125573605,1070689.9847017522,59936356.0,0.0,1619755.0440131149,918037.8827863229,94.0,272.0,230.0,18.0,94.0,0.0,0.0,0.0,85.96317691997014,135.36178545299168,0.0,216347.13157206523,0.4861460957178841,179339.09582280435,12508.81967796612,4464075.612721929,115941.60435792596,0.0,2018-02-28 01:11:00
2018-02-28 01:11:00,11,0,794.0,9764234.340050375,5.105793450881612,4.243073047858943,309196.0,1127766.0,1357974.125573605,1070689.9847017522,59936356.0,0.0,1619755.0440131149,918037.8827863229,94.0,272.0,230.0,18.0,94.0,0.0,0.0,0.0,85.96317691997014,135.36178545299168,0.0,216347.13157206523,0.4861460957178841,179339.09582280435,12508.81967796612,4464075.612721929,115941.60435792596,1353.0,13591732.462675536,5.09830007390983,4.986696230598669,545183.0,3141530.0,803646.7414173458,1353008.1285977669,85482437.0,0.0,1132279.1689660214,1052088.699583378,51.0,243.0,357.0,0.0,51.0,0.0,0.0,0.0,97.33729985949556,131.11366446170206,0.0,0.0,0.6977087952697709,300700.63587299164,187871.5511062987,4732534.470413705,227722.8769260842,0.0,2018-02-28 01:12:00
2018-02-28 01:12:00,12,0,1353.0,13591732.462675536,5.09830007390983,4.986696230598669,545183.0,3141530.0,803646.7414173458,1353008.1285977669,85482437.0,0.0,1132279.1689660214,1052088.699583378,51.0,243.0,357.0,0.0,51.0,0.0,0.0,0.0,97.33729985949556,131.11366446170206,0.0,0.0,0.6977087952697709,300700.63587299164,187871.5511062987,4732534.470413705,227722.8769260842,645.0,9435989.227906976,4.863565891472868,4.068217054263566,251540.0,944385.0,2135966.5732364664,826299.2052427232,59936424.0,0.0,2293555.4033569195,853235.016796592,49.0,185.0,173.0,3.0,49.0,0.0,0.0,0.0,87.7132346687214,127.21538046299052,0.0,0.0,0.5472868217054263,338770.0963659798,64829.574812971885,4008191.8086024434,83303.53776437735,0.0,2018-02-28 01:13:00
2018-02-28 01:13:00,13,0,645.0,9435989.227906976,4.863565891472868,4.068217054263566,251540.0,944385.0,2135966.5732364664,826299.2052427232,59936424.0,0.0,2293555.4033569195,853235.016796592,49.0,185.0,173.0,3.0,49.0,0.0,0.0,0.0,87.7132346687214,127.21538046299052,0.0,0.0,0.5472868217054263,338770.0963659798,64829.574812971885,4008191.8086024434,83303.53776437735,983.0,9773747.975584945,4.682604272634792,3.7416073245167856,441346.0,1144895.0,774241.4767023022,1138688.2815108823,113345206.0,0.0,1046652.8575227726,861531.3678805333,54.0,282.0,266.0,1.0,54.0,0.0,0.0,0.0,93.27717834033498,134.3087559802944,0.0,534415.7091468766,0.6093591047812817,409937.37268741766,167442.5415166639,3639468.3002280015,277907.70062620135,0.0,2018-02-28 01:14:00
2018-02-28 01:14:00,14,0,983.0,9773747.975584945,4.682604272634792,3.7416073245167856,441346.0,1144895.0,774241.4767023022,1138688.2815108823,113345206.0,0.0,1046652.8575227726,861531.3678805333,54.0,282.0,266.0,1.0,54.0,0.0,0.0,0.0,93.27717834033498,134.3087559802944,0.0,534415.7091468766,0.6093591047812817,409937.37268741766,167442.5415166639,3639468.3002280015,277907.70062620135,999.0,8603468.876876878,4.40940940940941,3.702702702702703,329843.0,1209494.0,744720.3578659522,832217.4380720792,59936344.0,0.0,993422.7988777972,752936.5587090965,79.0,277.0,275.0,6.0,79.0,0.0,0.0,0.0,90.73139458547688,128.80112024034594,0.0,0.0,0.5835835835835835,118790.48273817654,89645.34497751547,2642408.8804802643,66861.83477706497,0.0,2018-02-28 01:15:00
2018-02-28 01:15:00,15,0,999.0,8603468.876876878,4.40940940940941,3.702702702702703,329843.0,1209494.0,744720.3578659522,832217.4380720792,59936344.0,0.0,993422.7988777972,752936.5587090965,79.0,277.0,275.0,6.0,79.0,0.0,0.0,0.0,90.73139458547688,128.80112024034594,0.0,0.0,0.5835835835835835,118790.48273817654,89645.34497751547,2642408.8804802643,66861.83477706497,1104.0,16063687.750905797,5.213768115942029,4.440217391304348,451138.0,1627329.0,1395459.1150353614,1367879.4126487586,59000000.0,0.0,1800363.116776404,1094845.0602137824,56.0,215.0,344.0,2.0,56.0,0.0,0.0,0.0,99.5547669756798,146.32818565669174,0.0,0.0,0.6485507246376812,450539.6534822506,100782.10593169634,4994569.412551004,205334.80104240763,0.0,2018-02-28 01:16:00
2018-02-28 01:16:00,16,0,1104.0,16063687.750905797,5.213768115942029,4.440217391304348,451138.0,1627329.0,1395459.1150353614,1367879.4126487586,59000000.0,0.0,1800363.116776404,1094845.0602137824,56.0,215.0,344.0,2.0,56.0,0.0,0.0,0.0,99.5547669756798,146.32818565669174,0.0,0.0,0.6485507246376812,450539.6534822506,100782.10593169634,4994569.412551004,205334.80104240763,925.0,8561440.844324324,4.161081081081081,3.6324324324324326,283001.0,998126.0,608365.4606589661,906785.6154140952,59936409.0,0.0,851832.2141730024,794709.6535924468,40.0,194.0,210.0,4.0,40.0,0.0,0.0,0.0,81.87340559582303,111.10448776625783,0.0,0.0,0.6389189189189189,114839.71744235628,111170.56464286936,3115634.214900938,160172.10585622303,0.0,2018-02-28 01:17:00
2018-02-28 01:17:00,17,0,925.0,8561440.844324324,4.161081081081081,3.6324324324324326,283001.0,998126.0,608365.4606589661,906785.6154140952,59936409.0,0.0,851832.2141730024,794709.6535924468,40.0,194.0,210.0,4.0,40.0,0.0,0.0,0.0,81.87340559582303,111.10448776625783,0.0,0.0,0.6389189189189189,114839.71744235628,111170.56464286936,3115634.214900938,160172.10585622303,1174.0,13886053.504258944,4.965928449744464,4.3645655877342415,487941.0,1636027.0,868157.2400173474,1244491.3992344865,61400000.0,0.0,1310107.2521440338,1042033.8163640896,35.0,255.0,321.0,4.0,35.0,0.0,0.0,0.0,85.72931159808527,119.23479579830484,0.0,0.0,0.645655877342419,387207.1472145866,126355.39412286103,3614429.33016535,151450.27876657207,0.0,2018-02-28 01:18:00
2018-02-28 01:18:00,18,0,1174.0,13886053.504258944,4.965928449744464,4.3645655877342415,487941.0,1636027.0,868157.2400173474,1244491.3992344865,61400000.0,0.0,1310107.2521440338,1042033.8163640896,35.0,255.0,321.0,4.0,35.0,0.0,0.0,0.0,85.72931159808527,119.23479579830484,0.0,0.0,0.645655877342419,387207.1472145866,126355.39412286103,3614429.33016535,151450.27876657207,623.0,9202577.686998395,4.778491171749598,3.5858747993579456,257655.0,548207.0,1924965.3963724533,1011866.8475193166,59936502.0,0.0,2111927.869627353,785217.5106726431,55.0,230.0,169.0,5.0,55.0,0.0,0.0,0.0,78.7906793940703,119.36219178632057,0.0,613499.1649884618,0.4333868378812199,172961.76710988765,35424.503051964406,3833511.586249331,182088.6093398228,0.0,2018-02-28 01:19:00
2018-02-28 01:19:00,19,0,623.0,9202577.686998395,4.778491171749598,3.5858747993579456,257655.0,548207.0,1924965.3963724533,1011866.8475193166,59936502.0,0.0,2111927.869627353,785217.5106726431,55.0,230.0,169.0,5.0,55.0,0.0,0.0,0.0,78.7906793940703,119.36219178632057,0.0,613499.1649884618,0.4333868378812199,172961.76710988765,35424.503051964406,3833511.586249331,182088.6093398228,957.0,11915752.094043886,5.409613375130617,4.458725182863114,1032221.0,1271054.0,774834.5067848864,1050765.4907667283,59000000.0,0.0,1099877.5264708432,839011.3618901375,74.0,261.0,220.0,5.0,74.0,0.0,0.0,0.0,89.27520339779268,125.01278093253111,0.0,0.0,0.619644723092999,297593.0919776922,198070.8627091965,3597608.797086784,320235.22857556754,0.0,2018-02-28 01:20:00
2018-02-28 01:20:00,20,0,957.0,11915752.094043886,5.409613375130617,4.458725182863114,1032221.0,1271054.0,774834.5067848864,1050765.4907667283,59000000.0,0.0,1099877.5264708432,839011.3618901375,74.0,261.0,220.0,5.0,74.0,0.0,0.0,0.0,89.27520339779268,125.01278093253111,0.0,0.0,0.619644723092999,297593.0919776922,198070.8627091965,3597608.797086784,320235.22857556754,941.0,16477876.520722635,5.988310308182784,5.239107332624867,462570.0,1353419.0,1184450.4086004302,1597323.381177775,68679446.0,0.0,1669550.520636347,1325940.8289938858,51.0,157.0,287.0,4.0,51.0,0.0,0.0,0.0,96.68452063329948,132.3894471358251,0.0,0.0,0.6014877789585548,285108.82781012595,48810.46259982373,5697077.960473352,244729.9500117324,0.0,2018-02-28 01:21:00
2018-02-28 01:21:00,21,0,941.0,16477876.520722635,5.988310308182784,5.239107332624867,462570.0,1353419.0,1184450.4086004302,1597323.381177775,68679446.0,0.0,1669550.520636347,1325940.8289938858,51.0,157.0,287.0,4.0,51.0,0.0,0.0,0.0,96.68452063329948,132.3894471358251,0.0,0.0,0.6014877789585548,285108.82781012595,48810.46259982373,5697077.960473352,244729.9500117324,723.0,11583719.883817429,5.676348547717843,5.240663900414938,393099.0,2056422.0,1329214.4358040246,1093009.3195118697,59000000.0,0.0,1579636.3400766866,644020.7218036547,37.0,212.0,208.0,2.0,37.0,0.0,0.0,0.0,111.4375433974516,144.76211871446722,0.0,0.0,0.5408022130013831,282593.94421535113,97986.56840835603,4127321.8763301554,100535.26812087584,0.0,2018-02-28 01:22:00
2018-02-28 01:22:00,22,0,723.0,11583719.883817429,5.676348547717843,5.240663900414938,393099.0,2056422.0,1329214.4358040246,1093009.3195118697,59000000.0,0.0,1579636.3400766866,644020.7218036547,37.0,212.0,208.0,2.0,37.0,0.0,0.0,0.0,111.4375433974516,144.76211871446722,0.0,0.0,0.5408022130013831,282593.94421535113,97986.56840835603,4127321.8763301554,100535.26812087584,824.0,11629969.616504854,5.099514563106796,4.281553398058253,371270.0,1026266.0,981670.6136683288,1308707.579840823,59936620.0,0.0,1267005.448110429,1100341.6278973792,101.0,296.0,219.0,6.0,101.0,0.0,0.0,0.0,86.9125953907034,127.905597012421,0.0,0.0,0.5206310679611651,400318.3451011507,75245.35744818217,4508753.5232268,173241.92680018494,0.0,2018-02-28 01:23:00
2018-02-28 01:23:00,23,0,824.0,11629969.616504854,5.099514563106796,4.281553398058253,371270.0,1026266.0,981670.6136683288,1308707.579840823,59936620.0,0.0,1267005.448110429,1100341.6278973792,101.0,296.0,219.0,6.0,101.0,0.0,0.0,0.0,86.9125953907034,127.905597012421,0.0,0.0,0.5206310679611651,400318.3451011507,75245.35744818217,4508753.5232268,173241.92680018494,771.0,10695658.402075227,5.040207522697795,4.274967574578469,358914.0,1283680.0,1349496.6400675063,980193.729074414,82242010.0,0.0,1639908.6363100226,688764.7844250825,68.0,224.0,212.0,2.0,68.0,0.0,0.0,0.0,87.98395250831724,126.0336791309864,0.0,0.0,0.5188067444876784,646563.2147232392,34497.32009957197,3519608.3436059807,403992.401312831,0.0,2018-02-28 01:24:00
2018-02-28 01:24:00,24,0,771.0,10695658.402075227,5.040207522697795,4.274967574578469,358914.0,1283680.0,1349496.6400675063,980193.729074414,82242010.0,0.0,1639908.6363100226,688764.7844250825,68.0,224.0,212.0,2.0,68.0,0.0,0.0,0.0,87.98395250831724,126.0336791309864,0.0,0.0,0.5188067444876784,646563.2147232392,34497.32009957197,3519608.3436059807,403992.401312831,1115.0,14627188.097757848,5.185650224215246,5.758744394618834,568997.0,3189292.0,1151242.0740799524,1422545.7317241982,59936400.0,0.0,1570875.555156024,1020755.4183346845,46.0,199.0,285.0,5.0,46.0,0.0,0.0,0.0,99.84961061779508,130.62681201514152,0.0,166972.65373946112,0.6968609865470852,279104.42188070767,202480.7096948666,5114937.600898192,146819.6255602664,0.0,2018-02-28 01:25:00
2018-02-28 01:25:00,25,0,1115.0,14627188.097757848,5.185650224215246,5.758744394618834,568997.0,3189292.0,1151242.0740799524,1422545.7317241982,59936400.0,0.0,1570875.555156024,1020755.4183346845,46.0,199.0,285.0,5.0,46.0,0.0,0.0,0.0,99.84961061779508,130.62681201514152,0.0,166972.65373946112,0.6968609865470852,279104.42188070767,202480.7096948666,5114937.600898192,146819.6255602664,746.0,13665284.934316354,6.201072386058981,6.064343163538874,431014.0,1882517.0,969604.3909353792,1210056.1367899852,72100000.0,0.0,1318837.2268237474,895590.6310596543,59.0,209.0,230.0,6.0,59.0,0.0,0.0,0.0,104.22339414192668,159.4411455857138,0.0,256387.52410265856,0.5898123324396782,390616.6217674067,237000.31268800283,4521256.208032897,305479.0006286929,0.0,2018-02-28 01:26:00
2018-02-28 01:26:00,26,0,746.0,13665284.934316354,6.201072386058981,6.064343163538874,431014.0,1882517.0,969604.3909353792,1210056.1367899852,72100000.0,0.0,1318837.2268237474,895590.6310596543,59.0,209.0,230.0,6.0,59.0,0.0,0.0,0.0,104.22339414192668,159.4411455857138,0.0,256387.52410265856,0.5898123324396782,390616.6217674067,237000.31268800283,4521256.208032897,305479.0006286929,860.0,17311186.547674417,5.910465116279069,5.826744186046511,477129.0,2377857.0,1713509.3608861477,1370657.7313458335,59936459.0,0.0,2108954.414583024,1047642.2354872682,33.0,186.0,214.0,6.0,33.0,0.0,0.0,0.0,100.34551379951048,133.660806111025,0.0,104820.4226451143,0.6453488372093024,496019.7544805596,315583.2426789231,5303274.813207006,401374.77613858215,0.0,2018-02-28 01:27:00
2018-02-28 01:27:00,27,0,860.0,17311186.547674417,5.910465116279069,5.826744186046511,477129.0,2377857.0,1713509.3608861477,1370657.7313458335,59936459.0,0.0,2108954.414583024,1047642.2354872682,33.0,186.0,214.0,6.0,33.0,0.0,0.0,0.0,100.34551379951048,133.660806111025,0.0,104820.4226451143,0.6453488372093024,496019.7544805596,315583.2426789231,5303274.813207006,401374.77613858215,766.0,9915620.46475196,4.7558746736292425,4.043080939947781,350869.0,1015655.0,906099.4889818132,1181992.857790476,69325125.0,0.0,1294579.2999871972,878451.4638486233,88.0,256.0,197.0,13.0,88.0,0.0,0.0,0.0,87.1999085177171,130.90270266177075,0.0,247455.84062003344,0.5065274151436031,655305.2526913908,70997.52176176978,3854817.923660802,202776.4255374889,0.0,2018-02-28 01:28:00
2018-02-28 01:28:00,28,0,766.0,9915620.46475196,4.7558746736292425,4.043080939947781,350869.0,1015655.0,906099.4889818132,1181992.857790476,69325125.0,0.0,1294579.2999871972,878451.4638486233,88.0,256.0,197.0,13.0,88.0,0.0,0.0,0.0,87.1999085177171,130.90270266177075,0.0,247455.84062003344,0.5065274151436031,655305.2526913908,70997.52176176978,3854817.923660802,202776.4255374889,1369.0,13963554.241782324,5.45799853907962,4.870708546384222,638860.0,2072036.0,703477.0472206328,1398886.222037987,59936345.0,0.0,1128698.2873257336,1095166.4689289508,100.0,320.0,369.0,2.0,100.0,0.0,0.0,0.0,89.03273790881191,127.69195412320629,0.0,193749.5118057805,0.5997078159240321,400554.33858687925,166573.27202047795,4700314.6510906285,280498.1171651446,0.0,2018-02-28 01:29:00
2018-02-28 01:29:00,29,0,1369.0,13963554.241782324,5.45799853907962,4.870708546384222,638860.0,2072036.0,703477.0472206328,1398886.222037987,59936345.0,0.0,1128698.2873257336,1095166.4689289508,100.0,320.0,369.0,2.0,100.0,0.0,0.0,0.0,89.03273790881191,127.69195412320629,0.0,193749.5118057805,0.5997078159240321,400554.33858687925,166573.27202047795,4700314.6510906285,280498.1171651446,1958.0,15789502.245148111,5.469867211440246,5.449438202247191,1313663.0,4742772.0,1094039.9714116906,1345810.4255083425,88847323.0,0.0,1529073.2664672951,941385.0418300593,83.0,353.0,565.0,12.0,83.0,0.0,0.0,0.0,105.76384883381878,148.06561645641202,0.0,0.0,0.6716036772216547,134661.9126305738,91333.59635239908,5001972.94818177,296936.6730227728,0.0,2018-02-28 01:30:00
2018-02-28 01:30:00,30,0,1958.0,15789502.245148111,5.469867211440246,5.449438202247191,1313663.0,4742772.0,1094039.9714116906,1345810.4255083425,88847323.0,0.0,1529073.2664672951,941385.0418300593,83.0,353.0,565.0,12.0,83.0,0.0,0.0,0.0,105.76384883381878,148.06561645641202,0.0,0.0,0.6716036772216547,134661.9126305738,91333.59635239908,5001972.94818177,296936.6730227728,941.0,13796008.643995749,5.405951115834219,4.804463336875664,525001.0,1141146.0,912493.4851248466,1399108.5776964205,59936503.0,0.0,1311790.6282902549,1113039.6716651646,72.0,272.0,222.0,11.0,72.0,0.0,0.0,0.0,81.95412091730235,115.46368128008066,0.0,0.0,0.6068012752391073,928158.0207794274,485940.97758228553,4695731.621088575,397687.8215316378,0.0,2018-02-28 01:31:00
2018-02-28 01:31:00,31,0,941.0,13796008.643995749,5.405951115834219,4.804463336875664,525001.0,1141146.0,912493.4851248466,1399108.5776964205,59936503.0,0.0,1311790.6282902549,1113039.6716651646,72.0,272.0,222.0,11.0,72.0,0.0,0.0,0.0,81.95412091730235,115.46368128008066,0.0,0.0,0.6068012752391073,928158.0207794274,485940.97758228553,4695731.621088575,397687.8215316378,914.0,10502478.352297593,4.62582056892779,3.608315098468272,427949.0,822262.0,1005291.7910997235,1267916.6744790885,58700000.0,0.0,1277386.3618801874,607366.931503888,110.0,366.0,215.0,19.0,110.0,0.0,0.0,0.0,75.2471960655046,110.3727253347104,0.0,1111423.5376559652,0.4989059080962801,490822.2707205838,146319.11130018218,3531497.602474658,269136.41215006204,0.0,2018-02-28 01:32:00
2018-02-28 01:32:00,32,0,914.0,10502478.352297593,4.62582056892779,3.608315098468272,427949.0,822262.0,1005291.7910997235,1267916.6744790885,58700000.0,0.0,1277386.3618801874,607366.931503888,110.0,366.0,215.0,19.0,110.0,0.0,0.0,0.0,75.2471960655046,110.3727253347104,0.0,1111423.5376559652,0.4989059080962801,490822.2707205838,146319.11130018218,3531497.602474658,269136.41215006204,1946.0,14580178.32065776,5.0647482014388485,4.786228160328879,782730.0,3264612.0,1055330.7401923214,1434534.3788866033,59936418.0,0.0,1516710.1411206005,1057932.3530368768,144.0,475.0,519.0,20.0,144.0,0.0,0.0,0.0,90.17559078699009,129.05024623813546,0.0,0.0,0.6479958890030832,148799.42391456675,85243.1393204428,5140408.463581937,180115.11208121627,0.0,2018-02-28 01:33:00
2018-02-28 01:33:00,33,0,1946.0,14580178.32065776,5.0647482014388485,4.786228160328879,782730.0,3264612.0,1055330.7401923214,1434534.3788866033,59936418.0,0.0,1516710.1411206005,1057932.3530368768,144.0,475.0,519.0,20.0,144.0,0.0,0.0,0.0,90.17559078699009,129.05024623813546,0.0,0.0,0.6479958890030832,148799.42391456675,85243.1393204428,5140408.463581937,180115.11208121627,886.0,10845315.797968397,4.81941309255079,4.227990970654628,450904.0,1170210.0,880938.5420556262,1298626.0316061631,58936531.0,0.0,1177437.8001353976,694826.058578626,41.0,248.0,229.0,5.0,41.0,0.0,0.0,0.0,85.55886280405565,118.76358415439516,0.0,0.0,0.5914221218961625,654347.5178520947,60579.09585127926,4900754.590493239,129493.22144994824,0.0,2018-02-28 01:34:00
2018-02-28 01:34:00,34,0,886.0,10845315.797968397,4.81941309255079,4.227990970654628,450904.0,1170210.0,880938.5420556262,1298626.0316061631,58936531.0,0.0,1177437.8001353976,694826.058578626,41.0,248.0,229.0,5.0,41.0,0.0,0.0,0.0,85.55886280405565,118.76358415439516,0.0,0.0,0.5914221218961625,654347.5178520947,60579.09585127926,4900754.590493239,129493.22144994824,769.0,10690962.730819246,5.0338101430429125,3.8972691807542255,377162.0,689729.0,1286695.029273821,1395135.6337624465,59936344.0,0.0,1675399.687743532,1033475.433971301,82.0,299.0,194.0,4.0,82.0,0.0,0.0,0.0,83.78405728809389,125.25724603305903,0.0,0.0,0.4785435630689206,337738.1717381794,240029.15871514045,3922996.01881968,295254.8935834148,0.0,2018-02-28 01:35:00
2018-02-28 01:35:00,35,0,769.0,10690962.730819246,5.0338101430429125,3.8972691807542255,377162.0,689729.0,1286695.029273821,1395135.6337624465,59936344.0,0.0,1675399.687743532,1033475.433971301,82.0,299.0,194.0,4.0,82.0,0.0,0.0,0.0,83.78405728809389,125.25724603305903,0.0,0.0,0.4785435630689206,337738.1717381794,240029.15871514045,3922996.01881968,295254.8935834148,1103.0,11530148.463281956,4.86219401631913,4.504079782411605,346431.0,2519269.0,1102577.3067594608,948985.4296983704,59394558.0,0.0,1347542.404932172,653611.8973225121,48.0,252.0,298.0,7.0,48.0,0.0,0.0,0.0,92.36296497032438,124.70476612213616,0.0,0.0,0.6038077969174978,180015.12539985115,145994.52685964855,3213248.7804472023,88839.1694437907,0.0,2018-02-28 01:36:00
2018-02-28 01:36:00,36,0,1103.0,11530148.463281956,4.86219401631913,4.504079782411605,346431.0,2519269.0,1102577.3067594608,948985.4296983704,59394558.0,0.0,1347542.404932172,653611.8973225121,48.0,252.0,298.0,7.0,48.0,0.0,0.0,0.0,92.36296497032438,124.70476612213616,0.0,0.0,0.6038077969174978,180015.12539985115,145994.52685964855,3213248.7804472023,88839.1694437907,1948.0,14839103.44661191,5.893737166324435,6.266427104722792,1004242.0,7512324.0,698002.796043633,1287164.809819643,59936764.0,0.0,1135776.6380512174,1001051.2384950336,120.0,394.0,575.0,8.0,120.0,0.0,0.0,0.0,115.31396253225914,151.9042921696644,0.0,0.0,0.6468172484599589,109049.46637475451,80314.32862594374,4699442.993780038,201832.27360942803,0.0,2018-02-28 01:37:00
2018-02-28 01:37:00,37,0,1948.0,14839103.44661191,5.893737166324435,6.266427104722792,1004242.0,7512324.0,698002.796043633,1287164.809819643,59936764.0,0.0,1135776.6380512174,1001051.2384950336,120.0,394.0,575.0,8.0,120.0,0.0,0.0,0.0,115.31396253225914,151.9042921696644,0.0,0.0,0.6468172484599589,109049.46637475451,80314.32862594374,4699442.993780038,201832.27360942803,1033.0,15490792.302032914,5.885769603097773,6.015488867376573,403840.0,3544759.0,1319500.5504462118,1340844.791782872,59708474.0,0.0,1713241.5387695848,950341.566329641,70.0,252.0,303.0,1.0,70.0,0.0,0.0,0.0,101.93581043562962,149.32762070603115,0.0,0.0,0.5934172313649564,156885.78365449913,127331.6955101623,5497019.412207407,192206.94626678093,0.0,2018-02-28 01:38:00
2018-02-28 01:38:00,38,0,1033.0,15490792.302032914,5.885769603097773,6.015488867376573,403840.0,3544759.0,1319500.5504462118,1340844.791782872,59708474.0,0.0,1713241.5387695848,950341.566329641,70.0,252.0,303.0,1.0,70.0,0.0,0.0,0.0,101.93581043562962,149.32762070603115,0.0,0.0,0.5934172313649564,156885.78365449913,127331.6955101623,5497019.412207407,192206.94626678093,1056.0,12377629.420454543,5.351325757575758,4.271780303030303,454592.0,1437460.0,1297312.4713207956,1532965.7080036572,59937377.0,0.0,1693742.4297468392,939708.9486106676,91.0,368.0,300.0,9.0,91.0,0.0,0.0,0.0,93.25259243492395,141.08809896372168,0.0,0.0,0.5274621212121212,181925.7326359926,165783.35619759714,5168509.889172693,143229.67841273092,0.0,2018-02-28 01:39:00
2018-02-28 01:39:00,39,0,1056.0,12377629.420454543,5.351325757575758,4.271780303030303,454592.0,1437460.0,1297312.4713207956,1532965.7080036572,59937377.0,0.0,1693742.4297468392,939708.9486106676,91.0,368.0,300.0,9.0,91.0,0.0,0.0,0.0,93.25259243492395,141.08809896372168,0.0,0.0,0.5274621212121212,181925.7326359926,165783.35619759714,5168509.889172693,143229.67841273092,1588.0,9775834.501259446,5.293450881612091,4.260705289672544,2219664.0,2114780.0,640751.0990209425,1051928.3526980516,74800000.0,0.0,965978.7798843366,745643.9460086044,187.0,533.0,364.0,20.0,187.0,0.0,0.0,0.0,83.67402920916548,113.71282238057582,0.0,0.0,0.570528967254408,100681.07877257232,80920.70977532366,3420928.41879204,138870.15712590245,0.0,2018-02-28 01:40:00
2018-02-28 01:40:00,40,0,1588.0,9775834.501259446,5.293450881612091,4.260705289672544,2219664.0,2114780.0,640751.0990209425,1051928.3526980516,74800000.0,0.0,965978.7798843366,745643.9460086044,187.0,533.0,364.0,20.0,187.0,0.0,0.0,0.0,83.67402920916548,113.71282238057582,0.0,0.0,0.570528967254408,100681.07877257232,80920.70977532366,3420928.41879204,138870.15712590245,1463.0,12987781.912508544,6.531784005468216,5.3253588516746415,623046.0,2309808.0,1134663.475831907,1252074.3291754485,59936367.0,0.0,1456471.1942001912,974737.728052159,93.0,294.0,406.0,2.0,93.0,0.0,0.0,0.0,91.23965815341168,128.96002395094135,0.0,0.0,0.644565960355434,241840.116211742,71841.94231729669,4642210.9632278215,224753.76521815863,0.0,2018-02-28 01:41:00
2018-02-28 01:41:00,41,0,1463.0,12987781.912508544,6.531784005468216,5.3253588516746415,623046.0,2309808.0,1134663.475831907,1252074.3291754485,59936367.0,0.0,1456471.1942001912,974737.728052159,93.0,294.0,406.0,2.0,93.0,0.0,0.0,0.0,91.23965815341168,128.96002395094135,0.0,0.0,0.644565960355434,241840.116211742,71841.94231729669,4642210.9632278215,224753.76521815863,1028.0,5609736.118677042,7.014591439688716,6.910505836575876,2912780.0,4419334.0,650963.9431704589,561362.6960690176,66424441.0,0.0,778572.6756232961,384975.85186814313,60.0,269.0,215.0,5.0,60.0,0.0,0.0,0.0,88.06728677630244,114.320451367818,0.0,0.0,0.6575875486381323,190852.00067210387,121199.69343412635,2088330.0658438609,126600.67483737142,0.0,2018-02-28 01:42:00
2018-02-28 01:42:00,42,0,1028.0,5609736.118677042,7.014591439688716,6.910505836575876,2912780.0,4419334.0,650963.9431704589,561362.6960690176,66424441.0,0.0,778572.6756232961,384975.85186814313,60.0,269.0,215.0,5.0,60.0,0.0,0.0,0.0,88.06728677630244,114.320451367818,0.0,0.0,0.6575875486381323,190852.00067210387,121199.69343412635,2088330.0658438609,126600.67483737142,1152.0,12388152.966145834,5.573784722222222,4.254340277777778,419583.0,1394076.0,821856.9638559017,1384829.7577538432,62208841.0,0.0,1192672.2351208692,1067390.8739462092,147.0,431.0,257.0,8.0,147.0,0.0,0.0,0.0,81.40061525719115,112.23276906648046,0.0,0.0,0.5338541666666666,193212.9617467801,183334.89835218355,4561204.764296708,178311.61743799425,0.0,2018-02-28 01:43:00
2018-02-28 01:43:00,43,0,1152.0,12388152.966145834,5.573784722222222,4.254340277777778,419583.0,1394076.0,821856.9638559017,1384829.7577538432,62208841.0,0.0,1192672.2351208692,1067390.8739462092,147.0,431.0,257.0,8.0,147.0,0.0,0.0,0.0,81.40061525719115,112.23276906648046,0.0,0.0,0.5338541666666666,193212.9617467801,183334.89835218355,4561204.764296708,178311.61743799425,1023.0,9179111.100684265,3.787878787878788,3.3440860215053765,321482.0,1353359.0,1494561.9011963003,743799.7755112268,59600000.0,0.0,1612931.1753202258,520912.356445794,61.0,257.0,195.0,8.0,61.0,0.0,4.0,0.0,80.4944364391561,105.00159715639776,0.0,270252.3024822205,0.6520039100684262,166444.85007701264,24119.71707668693,3540863.6835892666,161740.67865250754,0.0,2018-02-28 01:44:00
2018-02-28 01:44:00,44,0,1023.0,9179111.100684265,3.787878787878788,3.3440860215053765,321482.0,1353359.0,1494561.9011963003,743799.7755112268,59600000.0,0.0,1612931.1753202258,520912.356445794,61.0,257.0,195.0,8.0,61.0,0.0,4.0,0.0,80.4944364391561,105.00159715639776,0.0,270252.3024822205,0.6520039100684262,166444.85007701264,24119.71707668693,3540863.6835892666,161740.67865250754,831.0,12871568.734055355,6.045728038507822,5.249097472924188,394511.0,2179642.0,1022326.6211956769,1333816.4016672922,59936365.0,0.0,1232458.7134882135,1099163.7934121375,25.0,227.0,253.0,2.0,25.0,0.0,8.0,0.0,101.71787679758688,138.29256318642828,0.0,0.0,0.6028880866425993,495766.0168005334,398006.7529581961,4132742.8611534536,230863.0693932842,0.0,2018-02-28 01:45:00
2018-02-28 01:45:00,45,0,831.0,12871568.734055355,6.045728038507822,5.249097472924188,394511.0,2179642.0,1022326.6211956769,1333816.4016672922,59936365.0,0.0,1232458.7134882135,1099163.7934121375,25.0,227.0,253.0,2.0,25.0,0.0,8.0,0.0,101.71787679758688,138.29256318642828,0.0,0.0,0.6028880866425993,495766.0168005334,398006.7529581961,4132742.8611534536,230863.0693932842,1011.0,9122262.06330366,4.205736894164194,3.264094955489614,323676.0,905001.0,1071699.9869847868,933677.0668327046,59900000.0,0.0,1228946.200125899,870188.5434171037,102.0,352.0,282.0,8.0,102.0,0.0,24.0,0.0,75.27424707339406,114.4678877311899,0.0,0.0,0.5044510385756676,205551.698279682,21432.22246031753,2812699.2675477965,232364.82943770147,0.0,2018-02-28 01:46:00
2018-02-28 01:46:00,46,0,1011.0,9122262.06330366,4.205736894164194,3.264094955489614,323676.0,905001.0,1071699.9869847868,933677.0668327046,59900000.0,0.0,1228946.200125899,870188.5434171037,102.0,352.0,282.0,8.0,102.0,0.0,24.0,0.0,75.27424707339406,114.4678877311899,0.0,0.0,0.5044510385756676,205551.698279682,21432.22246031753,2812699.2675477965,232364.82943770147,933.0,10616498.941050377,4.442658092175777,2.957127545551983,243513.0,668872.0,1635792.6599393806,1207250.560826713,62194369.0,0.0,1798413.860787858,1165220.7549917044,100.0,324.0,245.0,6.0,100.0,0.0,24.0,0.0,66.34364004586527,99.37396211398487,0.0,0.0,0.4887459807073955,602124.5064325328,78786.05534312654,4280647.44448225,228056.5779268786,0.0,2018-02-28 01:47:00
2018-02-28 01:47:00,47,0,933.0,10616498.941050377,4.442658092175777,2.957127545551983,243513.0,668872.0,1635792.6599393806,1207250.560826713,62194369.0,0.0,1798413.860787858,1165220.7549917044,100.0,324.0,245.0,6.0,100.0,0.0,24.0,0.0,66.34364004586527,99.37396211398487,0.0,0.0,0.4887459807073955,602124.5064325328,78786.05534312654,4280647.44448225,228056.5779268786,4485.0,3921002.010479376,2.045930880713489,1.840802675585284,422467.0,1413261.0,294237.8828755126,438392.4743933047,79100000.0,0.0,391529.9316346321,360993.3652448942,110.0,312.0,350.0,9.0,110.0,0.0,57.0,0.0,24.635377132263542,33.59135079619153,0.0,0.0,0.8925306577480491,160569.57544066836,35964.212405230006,1346856.910821871,83951.8053613072,0.0,2018-02-28 01:48:00
2018-02-28 01:48:00,48,0,4485.0,3921002.010479376,2.045930880713489,1.840802675585284,422467.0,1413261.0,294237.8828755126,438392.4743933047,79100000.0,0.0,391529.9316346321,360993.3652448942,110.0,312.0,350.0,9.0,110.0,0.0,57.0,0.0,24.635377132263542,33.59135079619153,0.0,0.0,0.8925306577480491,160569.57544066836,35964.212405230006,1346856.910821871,83951.8053613072,791.0,11700051.513274336,8.27307206068268,5.737041719342605,2775229.0,1029150.0,1224257.907336776,1523343.725116996,117375062.0,0.0,1415180.1762735895,1441662.090396839,75.0,225.0,241.0,4.0,75.0,0.0,24.0,0.0,78.78488165308686,119.43603219920696,0.0,0.0,0.5183312262958281,555691.0957400119,307484.39672766713,4487815.146987281,498253.1113416739,0.0,2018-02-28 01:49:00
2018-02-28 01:49:00,49,0,791.0,11700051.513274336,8.27307206068268,5.737041719342605,2775229.0,1029150.0,1224257.907336776,1523343.725116996,117375062.0,0.0,1415180.1762735895,1441662.090396839,75.0,225.0,241.0,4.0,75.0,0.0,24.0,0.0,78.78488165308686,119.43603219920696,0.0,0.0,0.5183312262958281,555691.0957400119,307484.39672766713,4487815.146987281,498253.1113416739,1314.0,10880945.636986302,4.982496194824962,4.248858447488584,968181.0,2051607.0,1232765.7394508128,1032938.2013483804,59000000.0,0.0,1500495.0867468065,924954.867082446,132.0,394.0,352.0,3.0,132.0,0.0,24.0,0.0,96.41783497431614,130.83036246506506,0.0,0.0,0.5898021308980214,316316.7152218943,129027.1317727265,3606615.599496446,351215.25626924285,0.0,2018-02-28 01:50:00
2018-02-28 01:50:00,50,0,1314.0,10880945.636986302,4.982496194824962,4.248858447488584,968181.0,2051607.0,1232765.7394508128,1032938.2013483804,59000000.0,0.0,1500495.0867468065,924954.867082446,132.0,394.0,352.0,3.0,132.0,0.0,24.0,0.0,96.41783497431614,130.83036246506506,0.0,0.0,0.5898021308980214,316316.7152218943,129027.1317727265,3606615.599496446,351215.25626924285,989.0,15344075.786653183,14.040444893832154,12.154701718907988,7488421.0,6828404.0,988299.0078201024,1548202.8647456437,109762935.0,0.0,1463707.5688861485,1153863.9881817326,60.0,223.0,261.0,5.0,60.0,0.0,0.0,0.0,107.15804296843628,132.5803406392089,0.0,0.0,0.6248736097067745,314942.2095351852,150853.0765573773,4743413.325380795,128724.69195539108,0.0,2018-02-28 01:51:00
2018-02-28 01:51:00,51,0,989.0,15344075.786653183,14.040444893832154,12.154701718907988,7488421.0,6828404.0,988299.0078201024,1548202.8647456437,109762935.0,0.0,1463707.5688861485,1153863.9881817326,60.0,223.0,261.0,5.0,60.0,0.0,0.0,0.0,107.15804296843628,132.5803406392089,0.0,0.0,0.6248736097067745,314942.2095351852,150853.0765573773,4743413.325380795,128724.69195539108,799.0,16724339.305381726,5.107634543178974,4.516896120150188,303194.0,1361574.0,1440705.052707645,1661796.7577248905,59951678.0,0.0,1791309.9836428124,1173486.6784524666,73.0,177.0,171.0,4.0,73.0,0.0,0.0,0.0,82.9458301298522,110.3386156997075,0.0,0.0,0.7071339173967459,653112.6447442567,49235.45292253376,5489657.310566348,320069.00623838115,0.0,2018-02-28 01:52:00
2018-02-28 01:52:00,52,0,799.0,16724339.305381726,5.107634543178974,4.516896120150188,303194.0,1361574.0,1440705.052707645,1661796.7577248905,59951678.0,0.0,1791309.9836428124,1173486.6784524666,73.0,177.0,171.0,4.0,73.0,0.0,0.0,0.0,82.9458301298522,110.3386156997075,0.0,0.0,0.7071339173967459,653112.6447442567,49235.45292253376,5489657.310566348,320069.00623838115,1176.0,14437545.13690476,5.437925170068027,4.800170068027211,906731.0,2408455.0,1191879.0143487772,1379698.2197919618,62596339.0,0.0,1538125.0430089997,1176842.3230358951,116.0,349.0,258.0,16.0,116.0,0.0,8.0,0.0,79.20872155350969,107.63677537316003,0.0,0.0,0.6215986394557823,327873.98733327974,107157.322531263,5011885.393080604,191565.2170620699,0.0,2018-02-28 01:53:00
2018-02-28 01:53:00,53,0,1176.0,14437545.13690476,5.437925170068027,4.800170068027211,906731.0,2408455.0,1191879.0143487772,1379698.2197919618,62596339.0,0.0,1538125.0430089997,1176842.3230358951,116.0,349.0,258.0,16.0,116.0,0.0,8.0,0.0,79.20872155350969,107.63677537316003,0.0,0.0,0.6215986394557823,327873.98733327974,107157.322531263,5011885.393080604,191565.2170620699,966.0,15610644.846790891,5.63871635610766,11.197722567287784,317273.0,11064788.0,1108940.2730631542,1320696.857445964,58951792.0,0.0,1461878.118642497,1091155.0440720925,59.0,260.0,233.0,2.0,59.0,0.0,24.0,0.0,73.81468026585507,101.70926495419782,0.0,0.0,0.5921325051759835,509413.8223711726,143939.02727321978,4298931.296385633,325398.95168401307,0.0,2018-02-28 01:54:00
2018-02-28 01:54:00,54,0,966.0,15610644.846790891,5.63871635610766,11.197722567287784,317273.0,11064788.0,1108940.2730631542,1320696.857445964,58951792.0,0.0,1461878.118642497,1091155.0440720925,59.0,260.0,233.0,2.0,59.0,0.0,24.0,0.0,73.81468026585507,101.70926495419782,0.0,0.0,0.5921325051759835,509413.8223711726,143939.02727321978,4298931.296385633,325398.95168401307,677.0,11558879.58493353,4.251107828655835,3.106351550960118,188416.0,473578.0,1632312.2465112829,1274657.3312806822,74045761.0,0.0,1891526.6604417,1334415.8144783017,99.0,228.0,152.0,6.0,99.0,0.0,24.0,0.0,62.476042668086265,90.17483581831712,0.0,0.0,0.4771048744460857,178678.41628955145,16185.352394099024,4066059.810369059,419322.6704531154,0.0,2018-02-28 01:55:00
2018-02-28 01:55:00,55,0,677.0,11558879.58493353,4.251107828655835,3.106351550960118,188416.0,473578.0,1632312.2465112829,1274657.3312806822,74045761.0,0.0,1891526.6604417,1334415.8144783017,99.0,228.0,152.0,6.0,99.0,0.0,24.0,0.0,62.476042668086265,90.17483581831712,0.0,0.0,0.4771048744460857,178678.41628955145,16185.352394099024,4066059.810369059,419322.6704531154,1548.0,15203506.797157625,5.041343669250646,4.482558139534884,492056.0,2581558.0,1060380.088951517,1273385.027170623,59008454.0,0.0,1390380.452421241,1016642.1612774944,105.0,357.0,379.0,4.0,105.0,0.0,24.0,0.0,89.11197367504398,120.60082854898462,0.0,0.0,0.6602067183462532,416016.9215728396,215490.99429758164,4384273.082244763,233070.9120455064,0.0,2018-02-28 01:56:00
2018-02-28 01:56:00,56,0,1548.0,15203506.797157625,5.041343669250646,4.482558139534884,492056.0,2581558.0,1060380.088951517,1273385.027170623,59008454.0,0.0,1390380.452421241,1016642.1612774944,105.0,357.0,379.0,4.0,105.0,0.0,24.0,0.0,89.11197367504398,120.60082854898462,0.0,0.0,0.6602067183462532,416016.9215728396,215490.99429758164,4384273.082244763,233070.9120455064,4137.0,8483602.682861978,4.291515591007977,3.845781967609379,5550677.0,4815568.0,411878.40578210255,748846.9133421589,59939433.0,0.0,606654.7249021024,650827.811737625,133.0,436.0,538.0,24.0,133.0,0.0,22.0,0.0,49.36851707780404,66.20332024959689,0.0,0.0,0.8769639835629683,120717.95052099084,21951.451823854382,2492291.26859848,110383.8853719077,0.0,2018-02-28 01:57:00
2018-02-28 01:57:00,57,0,4137.0,8483602.682861978,4.291515591007977,3.845781967609379,5550677.0,4815568.0,411878.40578210255,748846.9133421589,59939433.0,0.0,606654.7249021024,650827.811737625,133.0,436.0,538.0,24.0,133.0,0.0,22.0,0.0,49.36851707780404,66.20332024959689,0.0,0.0,0.8769639835629683,120717.95052099084,21951.451823854382,2492291.26859848,110383.8853719077,615.0,18006336.492682926,4.904065040650407,3.513821138211382,205785.0,523733.0,2386703.8657870702,1424103.0936120604,59000000.0,0.0,2685785.8316139136,1153369.408477953,30.0,237.0,80.0,7.0,30.0,0.0,0.0,0.0,55.49514397940472,75.46463209438213,0.0,229753.6813698405,0.6373983739837399,574688.961634857,532227.5354097837,5977306.245221847,357242.5052163828,0.0,2018-02-28 01:58:00
2018-02-28 01:58:00,58,0,615.0,18006336.492682926,4.904065040650407,3.513821138211382,205785.0,523733.0,2386703.8657870702,1424103.0936120604,59000000.0,0.0,2685785.8316139136,1153369.408477953,30.0,237.0,80.0,7.0,30.0,0.0,0.0,0.0,55.49514397940472,75.46463209438213,0.0,229753.6813698405,0.6373983739837399,574688.961634857,532227.5354097837,5977306.245221847,357242.5052163828,914.0,14209857.552516412,43.427789934354486,24.01859956236324,42119448.0,1721284.0,970673.4507182096,1206312.8408959478,59936315.0,0.0,1247971.6046532588,1091591.0096471445,107.0,317.0,183.0,14.0,107.0,0.0,0.0,0.0,67.46881165590919,86.918975615457,0.0,0.0,0.6728665207877462,211246.83265085865,70046.78337096187,3739348.853574821,430130.2071904127,0.0,2018-02-28 01:59:00
2018-02-28 01:59:00,59,0,914.0,14209857.552516412,43.427789934354486,24.01859956236324,42119448.0,1721284.0,970673.4507182096,1206312.8408959478,59936315.0,0.0,1247971.6046532588,1091591.0096471445,107.0,317.0,183.0,14.0,107.0,0.0,0.0,0.0,67.46881165590919,86.918975615457,0.0,0.0,0.6728665207877462,211246.83265085865,70046.78337096187,3739348.853574821,430130.2071904127,614.0,9825224.656351792,4.047231270358306,2.938110749185668,160890.0,641258.0,1059844.745635541,746810.3331593565,58700000.0,0.0,1126693.2308505569,761209.0407474287,127.0,312.0,48.0,26.0,127.0,0.0,0.0,0.0,48.26397733600456,53.70072210069903,0.0,0.0,0.5928338762214984,576951.5235979301,444359.8095320745,2361768.193870052,712150.0215837578,0.0,2018-02-28 02:00:00
2018-02-28 02:00:00,60,0,614.0,9825224.656351792,4.047231270358306,2.938110749185668,160890.0,641258.0,1059844.745635541,746810.3331593565,58700000.0,0.0,1126693.2308505569,761209.0407474287,127.0,312.0,48.0,26.0,127.0,0.0,0.0,0.0,48.26397733600456,53.70072210069903,0.0,0.0,0.5928338762214984,576951.5235979301,444359.8095320745,2361768.193870052,712150.0215837578,1297.0,14710304.230531996,5.276021588280647,4.883577486507325,595248.0,2430279.0,1437155.5095095271,1422141.6498217615,60100000.0,0.0,1808431.782199493,1154801.5121082058,79.0,260.0,250.0,6.0,79.0,0.0,0.0,0.0,78.12237489098727,95.6402957393909,0.0,0.0,0.7185813415574402,329938.754980955,135588.16640747432,5094968.352091068,331886.46781994693,0.0,2018-02-28 02:01:00
2018-02-28 02:01:00,61,0,1297.0,14710304.230531996,5.276021588280647,4.883577486507325,595248.0,2430279.0,1437155.5095095271,1422141.6498217615,60100000.0,0.0,1808431.782199493,1154801.5121082058,79.0,260.0,250.0,6.0,79.0,0.0,0.0,0.0,78.12237489098727,95.6402957393909,0.0,0.0,0.7185813415574402,329938.754980955,135588.16640747432,5094968.352091068,331886.46781994693,1602.0,16542238.360799002,4.782771535580524,4.66729088639201,546468.0,2381039.0,946392.1222961418,1534396.0622983724,59000000.0,0.0,1415870.1068478222,1191120.7287702167,62.0,246.0,352.0,16.0,62.0,0.0,0.0,0.0,88.86290860929245,113.7980711122,0.0,0.0,0.7640449438202247,209171.75440045216,116700.1069503912,5043223.0595836025,501319.2333444167,0.0,2018-02-28 02:02:00
2018-02-28 02:02:00,62,0,1602.0,16542238.360799002,4.782771535580524,4.66729088639201,546468.0,2381039.0,946392.1222961418,1534396.0622983724,59000000.0,0.0,1415870.1068478222,1191120.7287702167,62.0,246.0,352.0,16.0,62.0,0.0,0.0,0.0,88.86290860929245,113.7980711122,0.0,0.0,0.7640449438202247,209171.75440045216,116700.1069503912,5043223.0595836025,501319.2333444167,647.0,10252272.989180837,6.347758887171561,6.658423493044822,275903.0,3073289.0,1495289.4007793393,1150883.513180076,59937857.0,0.0,2176035.7706005755,1184531.5090969305,38.0,153.0,130.0,3.0,38.0,0.0,12.0,0.0,87.77559050459459,102.54526730803217,0.0,0.0,0.6970633693972179,1245041.56856937,387300.11611564347,3333331.5742737176,660928.8719444661,0.0,2018-02-28 02:03:00
2018-02-28 02:03:00,63,0,647.0,10252272.989180837,6.347758887171561,6.658423493044822,275903.0,3073289.0,1495289.4007793393,1150883.513180076,59937857.0,0.0,2176035.7706005755,1184531.5090969305,38.0,153.0,130.0,3.0,38.0,0.0,12.0,0.0,87.77559050459459,102.54526730803217,0.0,0.0,0.6970633693972179,1245041.56856937,387300.11611564347,3333331.5742737176,660928.8719444661,946.0,15855865.182875264,5.807610993657505,6.694503171247358,278305.0,5203644.0,1868196.075745368,1218984.644959847,110214824.0,0.0,2320264.8266440714,962363.9093606902,79.0,237.0,211.0,6.0,79.0,0.0,12.0,0.0,91.02108748749788,109.04677717979337,0.0,612640.2696765539,0.572938689217759,140567.01601013914,54468.21187311911,4595559.173557555,394474.817378849,0.0,2018-02-28 02:04:00
2018-02-28 02:04:00,64,0,946.0,15855865.182875264,5.807610993657505,6.694503171247358,278305.0,5203644.0,1868196.075745368,1218984.644959847,110214824.0,0.0,2320264.8266440714,962363.9093606902,79.0,237.0,211.0,6.0,79.0,0.0,12.0,0.0,91.02108748749788,109.04677717979337,0.0,612640.2696765539,0.572938689217759,140567.01601013914,54468.21187311911,4595559.173557555,394474.817378849,545.0,10396658.16146789,5.253211009174312,3.26605504587156,201115.0,243091.0,1531950.1311505495,1332122.763080064,62287825.0,0.0,1579584.6905680604,1409824.0863186892,43.0,138.0,111.0,2.0,43.0,0.0,24.0,0.0,57.30356111369578,80.43501125039266,41484.64602506413,80377.46836209384,0.4605504587155963,1771566.939064422,578754.0348271182,3493892.124183076,680422.75361174,0.0,2018-02-28 02:05:00
2018-02-28 02:05:00,65,0,545.0,10396658.16146789,5.253211009174312,3.26605504587156,201115.0,243091.0,1531950.1311505495,1332122.763080064,62287825.0,0.0,1579584.6905680604,1409824.0863186892,43.0,138.0,111.0,2.0,43.0,0.0,24.0,0.0,57.30356111369578,80.43501125039266,41484.64602506413,80377.46836209384,0.4605504587155963,1771566.939064422,578754.0348271182,3493892.124183076,680422.75361174,2861.0,3668152.495980426,1.988815099615519,1.9405802167074448,232260.0,1389038.0,338103.58889418625,317369.5239105035,59000000.0,0.0,405026.27190489246,267696.8240576214,68.0,230.0,210.0,0.0,68.0,0.0,14.0,0.0,22.44704068552031,32.0559351352339,0.0,0.0,0.9087731562390772,68116.36258905558,14866.74421134332,1138601.9053344517,76972.86183938623,0.0,2018-02-28 02:06:00
2018-02-28 02:06:00,66,0,2861.0,3668152.495980426,1.988815099615519,1.9405802167074448,232260.0,1389038.0,338103.58889418625,317369.5239105035,59000000.0,0.0,405026.27190489246,267696.8240576214,68.0,230.0,210.0,0.0,68.0,0.0,14.0,0.0,22.44704068552031,32.0559351352339,0.0,0.0,0.9087731562390772,68116.36258905558,14866.74421134332,1138601.9053344517,76972.86183938623,1395.0,15599727.898207886,5.326164874551972,4.567025089605735,564497.0,2282812.0,1346416.016978683,1370093.8783300242,62854826.0,0.0,1713245.0011991423,1095947.282457713,122.0,315.0,361.0,5.0,122.0,0.0,8.0,0.0,96.88203031021324,138.46376830429097,0.0,0.0,0.6100358422939068,477937.4889029321,305365.3460454033,4797681.714359451,278685.703683316,0.0,2018-02-28 02:07:00
2018-02-28 02:07:00,67,0,1395.0,15599727.898207886,5.326164874551972,4.567025089605735,564497.0,2282812.0,1346416.016978683,1370093.8783300242,62854826.0,0.0,1713245.0011991423,1095947.282457713,122.0,315.0,361.0,5.0,122.0,0.0,8.0,0.0,96.88203031021324,138.46376830429097,0.0,0.0,0.6100358422939068,477937.4889029321,305365.3460454033,4797681.714359451,278685.703683316,1295.0,12028316.589189189,4.064864864864865,3.6911196911196913,802654.0,1474656.0,908235.0534169571,1093503.31598627,59800000.0,0.0,1257446.29423655,812243.9777409621,43.0,199.0,266.0,9.0,43.0,0.0,0.0,0.0,66.4256285842583,89.08606812906595,0.0,0.0,0.7498069498069498,158563.2434246779,42331.46703999074,3761144.1796632223,292864.1910187546,0.0,2018-02-28 02:08:00
2018-02-28 02:08:00,68,0,1295.0,12028316.589189189,4.064864864864865,3.6911196911196913,802654.0,1474656.0,908235.0534169571,1093503.31598627,59800000.0,0.0,1257446.29423655,812243.9777409621,43.0,199.0,266.0,9.0,43.0,0.0,0.0,0.0,66.4256285842583,89.08606812906595,0.0,0.0,0.7498069498069498,158563.2434246779,42331.46703999074,3761144.1796632223,292864.1910187546,2243.0,2544508.705751226,2.070441373160945,1.6370931787784218,390987.0,199699.0,475852.6556937508,229844.7598487805,64857235.0,0.0,504171.1112106819,246417.1994690572,56.0,225.0,59.0,8.0,56.0,0.0,6.0,0.0,10.451356637770129,15.217656908122024,0.0,0.0,0.9117253678109676,254763.66197867927,38233.63979024764,796440.5966224495,97867.59031205166,0.0,2018-02-28 02:09:00
2018-02-28 02:09:00,69,0,2243.0,2544508.705751226,2.070441373160945,1.6370931787784218,390987.0,199699.0,475852.6556937508,229844.7598487805,64857235.0,0.0,504171.1112106819,246417.1994690572,56.0,225.0,59.0,8.0,56.0,0.0,6.0,0.0,10.451356637770129,15.217656908122024,0.0,0.0,0.9117253678109676,254763.66197867927,38233.63979024764,796440.5966224495,97867.59031205166,2985.0,4214891.156113903,2.952428810720268,3.4743718592964825,371562.0,7626877.0,414894.76795589295,392691.87094728905,59167054.0,0.0,497476.7022152359,333075.89548602246,133.0,298.0,247.0,12.0,133.0,0.0,38.0,0.0,23.158990366971423,33.50561468128251,0.0,0.0,0.8435510887772194,222724.8725506504,18082.04063497268,1340802.331939455,67185.49212709849,0.0,2018-02-28 02:10:00
2018-02-28 02:10:00,70,0,2985.0,4214891.156113903,2.952428810720268,3.4743718592964825,371562.0,7626877.0,414894.76795589295,392691.87094728905,59167054.0,0.0,497476.7022152359,333075.89548602246,133.0,298.0,247.0,12.0,133.0,0.0,38.0,0.0,23.158990366971423,33.50561468128251,0.0,0.0,0.8435510887772194,222724.8725506504,18082.04063497268,1340802.331939455,67185.49212709849,531.0,10967100.02636535,4.570621468926554,3.809792843691149,176230.0,504708.0,1084819.8860971453,1134167.7496570018,59937666.0,0.0,1432216.5108455222,1069199.771450302,67.0,135.0,102.0,6.0,67.0,0.0,0.0,0.0,77.508912470397,102.65929301591392,0.0,0.0,0.5781544256120528,302171.8280076797,215194.6281680505,3589133.607124922,300457.70718174253,0.0,2018-02-28 02:11:00
2018-02-28 02:11:00,71,0,531.0,10967100.02636535,4.570621468926554,3.809792843691149,176230.0,504708.0,1084819.8860971453,1134167.7496570018,59937666.0,0.0,1432216.5108455222,1069199.771450302,67.0,135.0,102.0,6.0,67.0,0.0,0.0,0.0,77.508912470397,102.65929301591392,0.0,0.0,0.5781544256120528,302171.8280076797,215194.6281680505,3589133.607124922,300457.70718174253,2056.0,15663169.798638131,5.152723735408561,5.35943579766537,1602510.0,6466695.0,956684.6817179192,1237933.7006878443,59009464.0,0.0,1445403.0508561,933548.1692785427,74.0,264.0,487.0,7.0,74.0,0.0,0.0,0.0,90.0281942612179,110.77393658681864,0.0,0.0,0.7324902723735408,259334.5686692581,84609.45335977642,4434360.028033106,94081.9897621354,0.0,2018-02-28 02:12:00
2018-02-28 02:12:00,72,0,2056.0,15663169.798638131,5.152723735408561,5.35943579766537,1602510.0,6466695.0,956684.6817179192,1237933.7006878443,59009464.0,0.0,1445403.0508561,933548.1692785427,74.0,264.0,487.0,7.0,74.0,0.0,0.0,0.0,90.0281942612179,110.77393658681864,0.0,0.0,0.7324902723735408,259334.5686692581,84609.45335977642,4434360.028033106,94081.9897621354,1353.0,14331019.95195861,4.658536585365853,4.242424242424242,423911.0,1908004.0,884972.1423771745,1061173.179261781,59941816.0,0.0,1306019.8010019078,973127.723310341,87.0,253.0,304.0,10.0,87.0,0.0,0.0,0.0,81.34088812301191,110.83668229734148,0.0,206032.99660894583,0.6740576496674058,128831.14519371634,91012.72717596724,3698519.838789584,160139.12683384115,0.0,2018-02-28 02:13:00
2018-02-28 02:13:00,73,0,1353.0,14331019.95195861,4.658536585365853,4.242424242424242,423911.0,1908004.0,884972.1423771745,1061173.179261781,59941816.0,0.0,1306019.8010019078,973127.723310341,87.0,253.0,304.0,10.0,87.0,0.0,0.0,0.0,81.34088812301191,110.83668229734148,0.0,206032.99660894583,0.6740576496674058,128831.14519371634,91012.72717596724,3698519.838789584,160139.12683384115,1586.0,13613082.800126104,5.00126103404792,4.687894073139975,567182.0,3036521.0,724698.5886513321,1175784.456368115,59800000.0,0.0,1087157.6953087638,848205.4320074001,79.0,382.0,409.0,5.0,79.0,0.0,0.0,0.0,98.6035018673892,136.52632287185455,0.0,0.0,0.6954602774274905,273828.5058604932,211045.79237940445,4066953.815578756,148422.93749159345,0.0,2018-02-28 02:14:00
2018-02-28 02:14:00,74,0,1586.0,13613082.800126104,5.00126103404792,4.687894073139975,567182.0,3036521.0,724698.5886513321,1175784.456368115,59800000.0,0.0,1087157.6953087638,848205.4320074001,79.0,382.0,409.0,5.0,79.0,0.0,0.0,0.0,98.6035018673892,136.52632287185455,0.0,0.0,0.6954602774274905,273828.5058604932,211045.79237940445,4066953.815578756,148422.93749159345,1678.0,11629189.2193087,4.169249106078665,3.6436233611442193,490872.0,1966532.0,1087664.969390254,943150.6096138712,74328759.0,0.0,1397046.366726185,804680.1875928004,145.0,517.0,353.0,18.0,145.0,0.0,0.0,0.0,82.34143944221388,113.01194005060732,0.0,0.0,0.6227651966626937,75500.45743486368,34944.15042471711,3615343.4643301913,144325.8779713574,0.0,2018-02-28 02:15:00
2018-02-28 02:15:00,75,0,1678.0,11629189.2193087,4.169249106078665,3.6436233611442193,490872.0,1966532.0,1087664.969390254,943150.6096138712,74328759.0,0.0,1397046.366726185,804680.1875928004,145.0,517.0,353.0,18.0,145.0,0.0,0.0,0.0,82.34143944221388,113.01194005060732,0.0,0.0,0.6227651966626937,75500.45743486368,34944.15042471711,3615343.4643301913,144325.8779713574,900.0,12270876.347777778,4.966666666666667,3.9966666666666666,331629.0,1373835.0,873086.6072535886,1127772.8929448535,58917346.0,0.0,1256200.0398241624,881903.1784734584,58.0,267.0,188.0,9.0,58.0,0.0,0.0,0.0,78.05636406894878,106.87017500300244,0.0,0.0,0.5644444444444444,779375.6118165007,216817.37110280912,3559143.0945947813,141677.74786453773,0.0,2018-02-28 02:16:00
2018-02-28 02:16:00,76,0,900.0,12270876.347777778,4.966666666666667,3.9966666666666666,331629.0,1373835.0,873086.6072535886,1127772.8929448535,58917346.0,0.0,1256200.0398241624,881903.1784734584,58.0,267.0,188.0,9.0,58.0,0.0,0.0,0.0,78.05636406894878,106.87017500300244,0.0,0.0,0.5644444444444444,779375.6118165007,216817.37110280912,3559143.0945947813,141677.74786453773,700.0,12943556.66,6.2371428571428575,4.7057142857142855,897726.0,476833.0,1208055.9310339603,1186944.7566477072,62311639.0,0.0,1604259.528711962,1172419.8203056902,87.0,251.0,157.0,2.0,87.0,0.0,4.0,0.0,62.36907826418928,93.401520525315,0.0,503471.8424163157,0.5271428571428571,191793.80006941225,67110.9570619979,3603594.589766945,195475.3075965813,0.0,2018-02-28 02:17:00
2018-02-28 02:17:00,77,0,700.0,12943556.66,6.2371428571428575,4.7057142857142855,897726.0,476833.0,1208055.9310339603,1186944.7566477072,62311639.0,0.0,1604259.528711962,1172419.8203056902,87.0,251.0,157.0,2.0,87.0,0.0,4.0,0.0,62.36907826418928,93.401520525315,0.0,503471.8424163157,0.5271428571428571,191793.80006941225,67110.9570619979,3603594.589766945,195475.3075965813,882.0,14186647.799319727,4.709750566893424,3.54875283446712,288686.0,839248.0,1814425.393392399,1349173.2538759098,58915327.0,0.0,2204236.874805854,1174315.5882437374,78.0,219.0,228.0,0.0,78.0,0.0,8.0,0.0,74.18305593183005,102.59848170738968,0.0,0.0,0.6485260770975056,711874.7346677427,347676.44181435875,4553483.710287864,355503.3406462129,0.0,2018-02-28 02:18:00
2018-02-28 02:18:00,78,0,882.0,14186647.799319727,4.709750566893424,3.54875283446712,288686.0,839248.0,1814425.393392399,1349173.2538759098,58915327.0,0.0,2204236.874805854,1174315.5882437374,78.0,219.0,228.0,0.0,78.0,0.0,8.0,0.0,74.18305593183005,102.59848170738968,0.0,0.0,0.6485260770975056,711874.7346677427,347676.44181435875,4553483.710287864,355503.3406462129,740.0,11181454.304054054,4.332432432432433,4.066216216216216,267102.0,842998.0,1068812.0001258657,1248756.7553682942,106527483.0,0.0,1512567.4780645915,971626.8291756592,50.0,211.0,170.0,4.0,50.0,0.0,0.0,0.0,71.70139202151945,96.22878787165014,0.0,0.0,0.6148648648648649,124915.31566342647,25013.48640454974,3604957.211138154,291707.49451418145,0.0,2018-02-28 02:19:00
2018-02-28 02:19:00,79,0,740.0,11181454.304054054,4.332432432432433,4.066216216216216,267102.0,842998.0,1068812.0001258657,1248756.7553682942,106527483.0,0.0,1512567.4780645915,971626.8291756592,50.0,211.0,170.0,4.0,50.0,0.0,0.0,0.0,71.70139202151945,96.22878787165014,0.0,0.0,0.6148648648648649,124915.31566342647,25013.48640454974,3604957.211138154,291707.49451418145,667.0,10288500.823088456,4.952023988005997,4.83808095952024,270142.0,1731309.0,1077310.016568912,945160.90445591,58908859.0,0.0,1412083.576195974,568471.447300162,21.0,132.0,166.0,4.0,21.0,0.0,0.0,0.0,82.94628698885937,109.32653786221512,0.0,0.0,0.6131934032983508,534752.5031574877,547690.8398486255,3144350.4104311485,333537.4205021563,0.0,2018-02-28 02:20:00
2018-02-28 02:20:00,80,0,667.0,10288500.823088456,4.952023988005997,4.83808095952024,270142.0,1731309.0,1077310.016568912,945160.90445591,58908859.0,0.0,1412083.576195974,568471.447300162,21.0,132.0,166.0,4.0,21.0,0.0,0.0,0.0,82.94628698885937,109.32653786221512,0.0,0.0,0.6131934032983508,534752.5031574877,547690.8398486255,3144350.4104311485,333537.4205021563,1154.0,14590931.166377816,5.2417677642980935,4.948006932409013,594251.0,2039209.0,1492909.8787021916,1337066.423229724,59936374.0,0.0,1883021.8896082407,981431.8444305012,71.0,193.0,273.0,3.0,71.0,0.0,24.0,0.0,84.83657818853163,107.18034844314911,0.0,0.0,0.6005199306759099,306758.8771809004,52127.84050402077,4792151.995364336,290846.00474737975,0.0,2018-02-28 02:21:00
2018-02-28 02:21:00,81,0,1154.0,14590931.166377816,5.2417677642980935,4.948006932409013,594251.0,2039209.0,1492909.8787021916,1337066.423229724,59936374.0,0.0,1883021.8896082407,981431.8444305012,71.0,193.0,273.0,3.0,71.0,0.0,24.0,0.0,84.83657818853163,107.18034844314911,0.0,0.0,0.6005199306759099,306758.8771809004,52127.84050402077,4792151.995364336,290846.00474737975,1272.0,19899529.103773583,5.654874213836478,4.831761006289308,534683.0,1669796.0,1273469.6587050448,1523986.9688127555,75263996.0,0.0,1843318.9249470816,1443476.058625713,72.0,207.0,418.0,6.0,72.0,0.0,24.0,0.0,83.90808229024583,126.0771801508904,0.0,0.0,0.6014150943396226,266949.9310383196,126984.6039206413,4515466.507470413,241559.1427291814,0.0,2018-02-28 02:22:00
2018-02-28 02:22:00,82,0,1272.0,19899529.103773583,5.654874213836478,4.831761006289308,534683.0,1669796.0,1273469.6587050448,1523986.9688127555,75263996.0,0.0,1843318.9249470816,1443476.058625713,72.0,207.0,418.0,6.0,72.0,0.0,24.0,0.0,83.90808229024583,126.0771801508904,0.0,0.0,0.6014150943396226,266949.9310383196,126984.6039206413,4515466.507470413,241559.1427291814,4237.0,4529071.943592165,2.185508614585792,2.0936983714892614,395640.0,2110736.0,398016.17922388617,470854.0446746108,107416484.0,0.0,484417.5333657751,442857.8730574557,73.0,331.0,312.0,2.0,73.0,0.0,33.0,0.0,19.449270969112085,28.61604454679351,0.0,0.0,0.9244748642907716,132396.22381569797,52475.89513993143,1399572.914721658,123503.05993457498,0.0,2018-02-28 02:23:00
2018-02-28 02:23:00,83,0,4237.0,4529071.943592165,2.185508614585792,2.0936983714892614,395640.0,2110736.0,398016.17922388617,470854.0446746108,107416484.0,0.0,484417.5333657751,442857.8730574557,73.0,331.0,312.0,2.0,73.0,0.0,33.0,0.0,19.449270969112085,28.61604454679351,0.0,0.0,0.9244748642907716,132396.22381569797,52475.89513993143,1399572.914721658,123503.05993457498,1429.0,13862482.56263121,4.388383484954514,3.703988803358993,445054.0,1587660.0,1252241.4466919512,1219566.5480334884,75300000.0,0.0,1584593.9353941432,900414.8495254698,93.0,374.0,307.0,6.0,93.0,0.0,24.0,0.0,72.8449824883466,97.11328473388087,0.0,530037.064952163,0.6668999300209937,284969.2302537835,123235.54453955,4086667.848823787,346353.2377748388,0.0,2018-02-28 02:24:00
2018-02-28 02:24:00,84,0,1429.0,13862482.56263121,4.388383484954514,3.703988803358993,445054.0,1587660.0,1252241.4466919512,1219566.5480334884,75300000.0,0.0,1584593.9353941432,900414.8495254698,93.0,374.0,307.0,6.0,93.0,0.0,24.0,0.0,72.8449824883466,97.11328473388087,0.0,530037.064952163,0.6668999300209937,284969.2302537835,123235.54453955,4086667.848823787,346353.2377748388,984.0,9819735.06605691,4.342479674796748,3.3780487804878048,293008.0,619586.0,1285240.4100814878,910550.5522857006,75264039.0,0.0,1467403.3690238143,1100832.47535394,93.0,300.0,205.0,8.0,93.0,0.0,24.0,0.0,59.81514083387835,84.19300578685844,0.0,0.0,0.5528455284552846,509733.2817189119,160558.05162624607,2852094.30777473,325020.6781198383,0.0,2018-02-28 02:25:00
2018-02-28 02:25:00,85,0,984.0,9819735.06605691,4.342479674796748,3.3780487804878048,293008.0,619586.0,1285240.4100814878,910550.5522857006,75264039.0,0.0,1467403.3690238143,1100832.47535394,93.0,300.0,205.0,8.0,93.0,0.0,24.0,0.0,59.81514083387835,84.19300578685844,0.0,0.0,0.5528455284552846,509733.2817189119,160558.05162624607,2852094.30777473,325020.6781198383,620.0,11238524.03548387,4.688709677419355,3.567741935483871,278214.0,468595.0,1822584.357963699,944042.8769334548,75264018.0,0.0,2081837.9976783248,738537.3970482132,52.0,196.0,138.0,2.0,52.0,0.0,8.0,0.0,71.64740392256242,106.5964500476179,0.0,0.0,0.5451612903225806,410819.0123241256,304093.32779836125,3295708.4734345274,432309.0968784077,0.0,2018-02-28 02:26:00
2018-02-28 02:26:00,86,0,620.0,11238524.03548387,4.688709677419355,3.567741935483871,278214.0,468595.0,1822584.357963699,944042.8769334548,75264018.0,0.0,2081837.9976783248,738537.3970482132,52.0,196.0,138.0,2.0,52.0,0.0,8.0,0.0,71.64740392256242,106.5964500476179,0.0,0.0,0.5451612903225806,410819.0123241256,304093.32779836125,3295708.4734345274,432309.0968784077,1006.0,11998426.333001988,4.369781312127237,3.6262425447316105,341818.0,850722.0,1543974.4029607254,1268885.2925311355,75300000.0,0.0,1857741.8989560537,1140244.3751021356,94.0,241.0,229.0,6.0,94.0,0.0,24.0,0.0,71.5892393194815,95.44723141026054,0.0,0.0,0.643141153081511,465591.60483839177,219284.6356672677,4155799.079395206,563059.2706962855,0.0,2018-02-28 02:27:00
2018-02-28 02:27:00,87,0,1006.0,11998426.333001988,4.369781312127237,3.6262425447316105,341818.0,850722.0,1543974.4029607254,1268885.2925311355,75300000.0,0.0,1857741.8989560537,1140244.3751021356,94.0,241.0,229.0,6.0,94.0,0.0,24.0,0.0,71.5892393194815,95.44723141026054,0.0,0.0,0.643141153081511,465591.60483839177,219284.6356672677,4155799.079395206,563059.2706962855,1743.0,12748383.919678714,4.613310384394722,4.363166953528399,522803.0,3150697.0,854040.789903049,1312093.163196521,106293938.0,0.0,1322555.712865473,1124405.5808656,66.0,283.0,498.0,0.0,66.0,0.0,24.0,0.0,85.63047484577487,118.01635053329754,0.0,0.0,0.6873207114170969,250337.30509203387,100255.01795346376,4046518.8443272086,268478.1805865183,0.0,2018-02-28 02:28:00
2018-02-28 02:28:00,88,0,1743.0,12748383.919678714,4.613310384394722,4.363166953528399,522803.0,3150697.0,854040.789903049,1312093.163196521,106293938.0,0.0,1322555.712865473,1124405.5808656,66.0,283.0,498.0,0.0,66.0,0.0,24.0,0.0,85.63047484577487,118.01635053329754,0.0,0.0,0.6873207114170969,250337.30509203387,100255.01795346376,4046518.8443272086,268478.1805865183,1278.0,17150877.486697964,5.232394366197183,5.124413145539906,448005.0,2827295.0,1790224.592505387,1567558.9629360265,104106389.0,0.0,2295944.546937247,1262393.473716613,54.0,208.0,332.0,9.0,54.0,0.0,0.0,0.0,91.36477692809756,120.42182721573536,0.0,0.0,0.7175273865414711,543309.2831691836,165847.45001370017,5511684.648875998,480439.4881483337,0.0,2018-02-28 02:29:00
2018-02-28 02:29:00,89,0,1278.0,17150877.486697964,5.232394366197183,5.124413145539906,448005.0,2827295.0,1790224.592505387,1567558.9629360265,104106389.0,0.0,2295944.546937247,1262393.473716613,54.0,208.0,332.0,9.0,54.0,0.0,0.0,0.0,91.36477692809756,120.42182721573536,0.0,0.0,0.7175273865414711,543309.2831691836,165847.45001370017,5511684.648875998,480439.4881483337,1992.0,10385581.008534135,4.381526104417671,4.115963855421687,714314.0,2998744.0,804044.4971653862,1053971.393489631,75264021.0,0.0,1154233.6753995686,621882.4443658094,68.0,471.0,596.0,13.0,68.0,0.0,0.0,0.0,96.5899518599287,138.03289804264728,0.0,0.0,0.6621485943775101,106124.20318260753,49385.84978896433,3412900.0732252034,763477.071073294,0.0,2018-02-28 02:30:00
2018-02-28 02:30:00,90,0,1992.0,10385581.008534135,4.381526104417671,4.115963855421687,714314.0,2998744.0,804044.4971653862,1053971.393489631,75264021.0,0.0,1154233.6753995686,621882.4443658094,68.0,471.0,596.0,13.0,68.0,0.0,0.0,0.0,96.5899518599287,138.03289804264728,0.0,0.0,0.6621485943775101,106124.20318260753,49385.84978896433,3412900.0732252034,763477.071073294,972.0,13376521.754115226,5.040123456790123,4.203703703703703,336373.0,1136549.0,1353996.3272596188,1500476.140358151,107031032.0,0.0,1932416.6317033672,1118542.7841983808,73.0,278.0,235.0,6.0,73.0,0.0,0.0,0.0,74.61638158755936,101.1923859234684,0.0,335109.2614404381,0.6131687242798354,416910.4637510981,337957.28968272393,4554652.285089969,966651.8210186864,0.0,2018-02-28 02:31:00
2018-02-28 02:31:00,91,0,972.0,13376521.754115226,5.040123456790123,4.203703703703703,336373.0,1136549.0,1353996.3272596188,1500476.140358151,107031032.0,0.0,1932416.6317033672,1118542.7841983808,73.0,278.0,235.0,6.0,73.0,0.0,0.0,0.0,74.61638158755936,101.1923859234684,0.0,335109.2614404381,0.6131687242798354,416910.4637510981,337957.28968272393,4554652.285089969,966651.8210186864,802.0,10910365.719451372,5.012468827930174,5.261845386533666,286329.0,3533832.0,2312304.813884172,1425745.274544014,109000000.0,0.0,2821037.364021172,1003994.2367094924,91.0,223.0,191.0,7.0,91.0,0.0,24.0,0.0,63.21729438868554,90.06088960707356,0.0,0.0,0.5037406483790524,301902.9786808727,167111.5773639872,5036354.599901087,344365.2899958494,0.0,2018-02-28 02:32:00
2018-02-28 02:32:00,92,0,802.0,10910365.719451372,5.012468827930174,5.261845386533666,286329.0,3533832.0,2312304.813884172,1425745.274544014,109000000.0,0.0,2821037.364021172,1003994.2367094924,91.0,223.0,191.0,7.0,91.0,0.0,24.0,0.0,63.21729438868554,90.06088960707356,0.0,0.0,0.5037406483790524,301902.9786808727,167111.5773639872,5036354.599901087,344365.2899958494,3120.0,4471144.976282051,2.3849358974358976,2.203525641025641,378538.0,1534189.0,449253.7991530377,491348.34186278895,75263986.0,0.0,551187.9456938956,403905.3678144979,96.0,212.0,278.0,10.0,96.0,0.0,46.0,0.0,27.03073009159856,36.65337622999724,0.0,0.0,0.8730769230769231,219930.4317234989,32440.420348900967,1631913.6421990583,156292.47231034824,0.0,2018-02-28 02:33:00
2018-02-28 02:33:00,93,0,3120.0,4471144.976282051,2.3849358974358976,2.203525641025641,378538.0,1534189.0,449253.7991530377,491348.34186278895,75263986.0,0.0,551187.9456938956,403905.3678144979,96.0,212.0,278.0,10.0,96.0,0.0,46.0,0.0,27.03073009159856,36.65337622999724,0.0,0.0,0.8730769230769231,219930.4317234989,32440.420348900967,1631913.6421990583,156292.47231034824,1455.0,13915051.000687284,5.142268041237114,4.509965635738832,502230.0,2465685.0,997038.615055152,1301609.5574487755,75300000.0,0.0,1315581.3068230278,1012046.6174393648,114.0,280.0,433.0,16.0,114.0,0.0,24.0,0.0,83.30769005376075,118.56818668322325,0.0,0.0,0.5958762886597938,294790.5336096113,176810.8803597462,4324246.742145783,316866.5201160232,0.0,2018-02-28 02:34:00
2018-02-28 02:34:00,94,0,1455.0,13915051.000687284,5.142268041237114,4.509965635738832,502230.0,2465685.0,997038.615055152,1301609.5574487755,75300000.0,0.0,1315581.3068230278,1012046.6174393648,114.0,280.0,433.0,16.0,114.0,0.0,24.0,0.0,83.30769005376075,118.56818668322325,0.0,0.0,0.5958762886597938,294790.5336096113,176810.8803597462,4324246.742145783,316866.5201160232,2996.0,5621497.902202937,2.421562082777036,2.2683578104138853,381346.0,1662624.0,570968.4154287559,498772.8322775191,75264021.0,0.0,701408.1912667182,407647.0889045536,80.0,220.0,263.0,10.0,80.0,0.0,14.0,0.0,26.27426440088228,37.66614246616415,0.0,0.0,0.8878504672897196,135085.71872329598,70362.98241513775,1785126.386567003,90502.36670014198,0.0,2018-02-28 02:35:00
2018-02-28 02:35:00,95,0,2996.0,5621497.902202937,2.421562082777036,2.2683578104138853,381346.0,1662624.0,570968.4154287559,498772.8322775191,75264021.0,0.0,701408.1912667182,407647.0889045536,80.0,220.0,263.0,10.0,80.0,0.0,14.0,0.0,26.27426440088228,37.66614246616415,0.0,0.0,0.8878504672897196,135085.71872329598,70362.98241513775,1785126.386567003,90502.36670014198,603.0,8747725.892205639,4.5207296849087895,3.4129353233830844,194345.0,609176.0,1028592.6213071332,949802.298111025,58800000.0,0.0,1250704.0342356174,625125.5259613235,56.0,213.0,140.0,4.0,56.0,0.0,8.0,0.0,68.22379704804544,99.99478624964097,0.0,709671.7497287582,0.4543946932006633,506191.7938231738,148906.3490556368,2992516.78133268,861841.8987534028,0.0,2018-02-28 02:36:00
2018-02-28 02:36:00,96,0,603.0,8747725.892205639,4.5207296849087895,3.4129353233830844,194345.0,609176.0,1028592.6213071332,949802.298111025,58800000.0,0.0,1250704.0342356174,625125.5259613235,56.0,213.0,140.0,4.0,56.0,0.0,8.0,0.0,68.22379704804544,99.99478624964097,0.0,709671.7497287582,0.4543946932006633,506191.7938231738,148906.3490556368,2992516.78133268,861841.8987534028,5111.0,2596866.949324985,1.7861475249461944,1.7127763647035803,368451.0,1590582.0,230299.93541611807,270820.10417525005,62282536.0,0.0,321195.9441867491,241928.57200582867,145.0,294.0,227.0,12.0,145.0,0.0,38.0,0.0,16.415735074679574,21.619568485999373,0.0,0.0,0.9215417726472316,156039.92531077753,21611.30159860138,918971.8390466748,39949.77684471822,0.0,2018-02-28 02:37:00
2018-02-28 02:37:00,97,0,5111.0,2596866.949324985,1.7861475249461944,1.7127763647035803,368451.0,1590582.0,230299.93541611807,270820.10417525005,62282536.0,0.0,321195.9441867491,241928.57200582867,145.0,294.0,227.0,12.0,145.0,0.0,38.0,0.0,16.415735074679574,21.619568485999373,0.0,0.0,0.9215417726472316,156039.92531077753,21611.30159860138,918971.8390466748,39949.77684471822,835.0,12164683.760479042,4.259880239520959,3.4934131736526948,281937.0,973316.0,1434316.4630009052,1317169.75612544,58848587.0,0.0,1690038.3272493817,966004.5981091852,77.0,204.0,197.0,5.0,77.0,0.0,22.0,0.0,68.17671466231066,87.21148526042418,0.0,367434.1943661869,0.6047904191616766,464362.9413229135,132931.05740416967,4503641.835225114,308857.63673548854,0.0,2018-02-28 02:38:00
2018-02-28 02:38:00,98,0,835.0,12164683.760479042,4.259880239520959,3.4934131736526948,281937.0,973316.0,1434316.4630009052,1317169.75612544,58848587.0,0.0,1690038.3272493817,966004.5981091852,77.0,204.0,197.0,5.0,77.0,0.0,22.0,0.0,68.17671466231066,87.21148526042418,0.0,367434.1943661869,0.6047904191616766,464362.9413229135,132931.05740416967,4503641.835225114,308857.63673548854,421.0,12602147.947743468,7.532066508313539,6.318289786223278,263021.0,651203.0,1560612.8491272193,1721152.9042197526,81601254.0,0.0,1896898.082308632,1353507.4754581284,47.0,96.0,93.0,2.0,47.0,0.0,0.0,0.0,89.23170320927768,129.44206540110355,58318.62647734946,507104.0641840516,0.5083135391923991,264152.8287207066,65416.34076084298,4976401.876075505,301851.47605066816,0.0,2018-02-28 02:39:00
2018-02-28 02:39:00,99,0,421.0,12602147.947743468,7.532066508313539,6.318289786223278,263021.0,651203.0,1560612.8491272193,1721152.9042197526,81601254.0,0.0,1896898.082308632,1353507.4754581284,47.0,96.0,93.0,2.0,47.0,0.0,0.0,0.0,89.23170320927768,129.44206540110355,58318.62647734946,507104.0641840516,0.5083135391923991,264152.8287207066,65416.34076084298,4976401.876075505,301851.47605066816,1647.0,16724253.398907105,6.371584699453552,6.6630236794171225,1129333.0,7452196.0,1029680.1519878416,1334134.6275563678,91644955.0,0.0,1475321.1026694933,982322.5173139428,143.0,320.0,427.0,16.0,143.0,0.0,0.0,0.0,96.85999329554924,124.1151200760281,0.0,0.0,0.6332726168791742,186125.41491085576,185145.12826340093,4976547.490885454,254554.6695861337,0.0,2018-02-28 02:40:00
2018-02-28 02:40:00,100,0,1647.0,16724253.398907105,6.371584699453552,6.6630236794171225,1129333.0,7452196.0,1029680.1519878416,1334134.6275563678,91644955.0,0.0,1475321.1026694933,982322.5173139428,143.0,320.0,427.0,16.0,143.0,0.0,0.0,0.0,96.85999329554924,124.1151200760281,0.0,0.0,0.6332726168791742,186125.41491085576,185145.12826340093,4976547.490885454,254554.6695861337,663.0,11566084.180995476,5.343891402714932,4.9034690799396685,289768.0,1287062.0,1539512.774772173,934598.9989856924,59936764.0,0.0,1861322.9762625485,775520.6897205246,38.0,153.0,183.0,6.0,38.0,0.0,0.0,0.0,80.10826886079336,111.09462494957934,0.0,0.0,0.5279034690799397,593855.7227665278,128950.1156191199,3355209.323329788,209999.45449450568,0.0,2018-02-28 02:41:00
2018-02-28 02:41:00,101,0,663.0,11566084.180995476,5.343891402714932,4.9034690799396685,289768.0,1287062.0,1539512.774772173,934598.9989856924,59936764.0,0.0,1861322.9762625485,775520.6897205246,38.0,153.0,183.0,6.0,38.0,0.0,0.0,0.0,80.10826886079336,111.09462494957934,0.0,0.0,0.5279034690799397,593855.7227665278,128950.1156191199,3355209.323329788,209999.45449450568,1003.0,10960747.927218344,4.164506480558325,3.419740777666999,256033.0,1010929.0,715956.2671780894,909546.2535930588,60000000.0,0.0,1067060.2557311656,681131.0898586789,60.0,202.0,213.0,3.0,60.0,0.0,0.0,0.0,71.40650169145951,91.23097322596044,0.0,0.0,0.6829511465603191,355247.16667980974,214437.86200141103,3198036.757209428,139952.60738402265,0.0,2018-02-28 02:42:00
2018-02-28 02:42:00,102,0,1003.0,10960747.927218344,4.164506480558325,3.419740777666999,256033.0,1010929.0,715956.2671780894,909546.2535930588,60000000.0,0.0,1067060.2557311656,681131.0898586789,60.0,202.0,213.0,3.0,60.0,0.0,0.0,0.0,71.40650169145951,91.23097322596044,0.0,0.0,0.6829511465603191,355247.16667980974,214437.86200141103,3198036.757209428,139952.60738402265,896.0,14502690.6015625,4.958705357142857,4.534598214285714,309097.0,1715645.0,1736610.892006584,1383436.8190408233,73500000.0,0.0,2052923.4221781385,1198164.94039575,97.0,223.0,169.0,6.0,97.0,0.0,0.0,0.0,81.11954384559051,108.2691269536414,0.0,0.0,0.5625,179936.27611469844,163516.48718560167,5396762.457404412,294005.5633319802,0.0,2018-02-28 02:43:00
2018-02-28 02:43:00,103,0,896.0,14502690.6015625,4.958705357142857,4.534598214285714,309097.0,1715645.0,1736610.892006584,1383436.8190408233,73500000.0,0.0,2052923.4221781385,1198164.94039575,97.0,223.0,169.0,6.0,97.0,0.0,0.0,0.0,81.11954384559051,108.2691269536414,0.0,0.0,0.5625,179936.27611469844,163516.48718560167,5396762.457404412,294005.5633319802,1263.0,17180735.870150436,4.860649247822645,4.350752177355503,361820.0,1975975.0,1166953.732584994,1561167.860524715,60011274.0,0.0,1712922.7210984037,1041674.0110230214,39.0,180.0,315.0,4.0,39.0,0.0,0.0,0.0,85.48442589470055,112.95810295072248,0.0,0.0,0.6642913697545526,249305.5807722875,240576.09650369303,5522356.790836174,189905.5098972391,0.0,2018-02-28 02:44:00
2018-02-28 02:44:00,104,0,1263.0,17180735.870150436,4.860649247822645,4.350752177355503,361820.0,1975975.0,1166953.732584994,1561167.860524715,60011274.0,0.0,1712922.7210984037,1041674.0110230214,39.0,180.0,315.0,4.0,39.0,0.0,0.0,0.0,85.48442589470055,112.95810295072248,0.0,0.0,0.6642913697545526,249305.5807722875,240576.09650369303,5522356.790836174,189905.5098972391,1055.0,14627902.425592417,4.766824644549763,4.299526066350711,358252.0,1190423.0,765768.4517376755,1346614.305930413,59936584.0,0.0,1243601.03774257,1174139.636984761,80.0,233.0,276.0,8.0,80.0,0.0,0.0,0.0,81.32546473243612,111.74784602820132,0.0,0.0,0.6180094786729858,273575.58518593165,92248.2142973619,4369489.764540887,148174.52041102198,0.0,2018-02-28 02:45:00
2018-02-28 02:45:00,105,0,1055.0,14627902.425592417,4.766824644549763,4.299526066350711,358252.0,1190423.0,765768.4517376755,1346614.305930413,59936584.0,0.0,1243601.03774257,1174139.636984761,80.0,233.0,276.0,8.0,80.0,0.0,0.0,0.0,81.32546473243612,111.74784602820132,0.0,0.0,0.6180094786729858,273575.58518593165,92248.2142973619,4369489.764540887,148174.52041102198,876.0,11306642.885844748,4.213470319634703,3.358447488584475,239795.0,821014.0,1674990.3269354668,921481.0471892436,58629701.0,0.0,2004249.4282438627,720242.7303027578,88.0,263.0,133.0,9.0,88.0,0.0,0.0,0.0,65.14935197348368,81.95489183703607,0.0,0.0,0.5376712328767124,172764.3927129908,96741.38240431676,4033280.6641659406,216879.35217704624,0.0,2018-02-28 02:46:00
2018-02-28 02:46:00,106,0,876.0,11306642.885844748,4.213470319634703,3.358447488584475,239795.0,821014.0,1674990.3269354668,921481.0471892436,58629701.0,0.0,2004249.4282438627,720242.7303027578,88.0,263.0,133.0,9.0,88.0,0.0,0.0,0.0,65.14935197348368,81.95489183703607,0.0,0.0,0.5376712328767124,172764.3927129908,96741.38240431676,4033280.6641659406,216879.35217704624,829.0,14778262.927623644,5.143546441495778,4.002412545235223,277243.0,863067.0,1163211.6469391054,1381731.6689952323,104000000.0,0.0,1586002.5740887804,1111885.2579250878,112.0,280.0,131.0,10.0,112.0,0.0,0.0,0.0,67.04327641964909,92.6363091398398,0.0,0.0,0.5199034981905911,689298.2421741291,416349.0413073833,5148810.210627183,217057.28460240824,0.0,2018-02-28 02:47:00
2018-02-28 02:47:00,107,0,829.0,14778262.927623644,5.143546441495778,4.002412545235223,277243.0,863067.0,1163211.6469391054,1381731.6689952323,104000000.0,0.0,1586002.5740887804,1111885.2579250878,112.0,280.0,131.0,10.0,112.0,0.0,0.0,0.0,67.04327641964909,92.6363091398398,0.0,0.0,0.5199034981905911,689298.2421741291,416349.0413073833,5148810.210627183,217057.28460240824,1639.0,15065035.321537524,4.563148261134838,4.447223917022575,366029.0,3494305.0,845375.9938143084,1283852.6613428618,58928730.0,0.0,1321740.134893848,975512.7860840886,88.0,285.0,336.0,8.0,88.0,0.0,0.0,0.0,82.61536398481671,99.47577836485584,0.0,206098.1150936588,0.7150701647345943,184807.0193497061,27316.637991895223,3750379.239200049,110240.77251453072,0.0,2018-02-28 02:48:00
2018-02-28 02:48:00,108,0,1639.0,15065035.321537524,4.563148261134838,4.447223917022575,366029.0,3494305.0,845375.9938143084,1283852.6613428618,58928730.0,0.0,1321740.134893848,975512.7860840886,88.0,285.0,336.0,8.0,88.0,0.0,0.0,0.0,82.61536398481671,99.47577836485584,0.0,206098.1150936588,0.7150701647345943,184807.0193497061,27316.637991895223,3750379.239200049,110240.77251453072,459.0,13644146.575163398,4.180827886710239,2.431372549019608,105285.0,143088.0,2557786.43726456,1233261.2683518906,60105221.0,0.0,2968036.1125665605,1209546.8000089151,76.0,211.0,45.0,11.0,76.0,0.0,0.0,0.0,47.40114558748736,57.97388245496841,0.0,0.0,0.4335511982570806,448949.06746055983,345075.4803958001,4770002.922728132,416587.5684165758,0.0,2018-02-28 02:49:00
2018-02-28 02:49:00,109,0,459.0,13644146.575163398,4.180827886710239,2.431372549019608,105285.0,143088.0,2557786.43726456,1233261.2683518906,60105221.0,0.0,2968036.1125665605,1209546.8000089151,76.0,211.0,45.0,11.0,76.0,0.0,0.0,0.0,47.40114558748736,57.97388245496841,0.0,0.0,0.4335511982570806,448949.06746055983,345075.4803958001,4770002.922728132,416587.5684165758,455.0,11791145.815384615,4.481318681318681,3.2945054945054943,146761.0,264065.0,1061879.3919267943,1134761.3664434203,58800000.0,0.0,1427160.2611081847,847498.6311876414,20.0,184.0,51.0,2.0,20.0,0.0,0.0,0.0,50.46759845289495,74.06144405436285,0.0,1162617.6990335851,0.6,606803.616000648,159834.17308970194,3764992.9711464536,309854.52150562755,0.0,2018-02-28 02:50:00
2018-02-28 02:50:00,110,0,455.0,11791145.815384615,4.481318681318681,3.2945054945054943,146761.0,264065.0,1061879.3919267943,1134761.3664434203,58800000.0,0.0,1427160.2611081847,847498.6311876414,20.0,184.0,51.0,2.0,20.0,0.0,0.0,0.0,50.46759845289495,74.06144405436285,0.0,1162617.6990335851,0.6,606803.616000648,159834.17308970194,3764992.9711464536,309854.52150562755,700.0,16277881.075714286,5.922857142857143,5.632857142857143,215445.0,2403332.0,1466092.962611743,1645567.7437165345,60700000.0,0.0,2004357.922584595,1411844.869442141,81.0,171.0,130.0,9.0,81.0,0.0,0.0,0.0,76.89846850463815,88.32494753259871,0.0,435168.30966305576,0.53,539365.4229029273,35184.81831663565,5807038.087564923,376431.7024769914,0.0,2018-02-28 02:51:00
2018-02-28 02:51:00,111,0,700.0,16277881.075714286,5.922857142857143,5.632857142857143,215445.0,2403332.0,1466092.962611743,1645567.7437165345,60700000.0,0.0,2004357.922584595,1411844.869442141,81.0,171.0,130.0,9.0,81.0,0.0,0.0,0.0,76.89846850463815,88.32494753259871,0.0,435168.30966305576,0.53,539365.4229029273,35184.81831663565,5807038.087564923,376431.7024769914,1197.0,17104759.357560568,5.050125313283208,4.643274853801169,401044.0,1859587.0,1303876.3931848374,1360541.141252488,59100000.0,0.0,1819264.788506828,1004954.0152731136,67.0,191.0,262.0,2.0,67.0,0.0,0.0,0.0,86.5191925463441,112.93388269735622,0.0,0.0,0.670843776106934,207870.3205892747,178509.322709759,5156002.177929564,304425.52442294464,0.0,2018-02-28 02:52:00
2018-02-28 02:52:00,112,0,1197.0,17104759.357560568,5.050125313283208,4.643274853801169,401044.0,1859587.0,1303876.3931848374,1360541.141252488,59100000.0,0.0,1819264.788506828,1004954.0152731136,67.0,191.0,262.0,2.0,67.0,0.0,0.0,0.0,86.5191925463441,112.93388269735622,0.0,0.0,0.670843776106934,207870.3205892747,178509.322709759,5156002.177929564,304425.52442294464,774.0,18907995.83204134,5.492248062015504,4.987080103359173,313448.0,1347474.0,1131678.858102777,1765733.8378116677,61345850.0,0.0,1733809.3352474489,1536030.7628579824,44.0,140.0,178.0,2.0,44.0,0.0,0.0,0.0,90.52387680780647,122.35464452565012,0.0,0.0,0.6886304909560723,300148.5612389631,301620.99987599766,5785717.7841913095,349682.11753850227,0.0,2018-02-28 02:53:00
2018-02-28 02:53:00,113,0,774.0,18907995.83204134,5.492248062015504,4.987080103359173,313448.0,1347474.0,1131678.858102777,1765733.8378116677,61345850.0,0.0,1733809.3352474489,1536030.7628579824,44.0,140.0,178.0,2.0,44.0,0.0,0.0,0.0,90.52387680780647,122.35464452565012,0.0,0.0,0.6886304909560723,300148.5612389631,301620.99987599766,5785717.7841913095,349682.11753850227,604.0,11339291.703642383,4.400662251655629,3.710264900662252,245390.0,534997.0,1438134.0112270657,1148939.7429728643,58846463.0,0.0,1711973.2224205346,682495.933120816,78.0,247.0,84.0,4.0,78.0,0.0,0.0,0.0,61.14211563774652,78.98231444397682,0.0,272087.1806568956,0.5612582781456954,587535.1269726292,245062.9010489678,3883576.134306642,399099.41140427394,0.0,2018-02-28 02:54:00
2018-02-28 02:54:00,114,0,604.0,11339291.703642383,4.400662251655629,3.710264900662252,245390.0,534997.0,1438134.0112270657,1148939.7429728643,58846463.0,0.0,1711973.2224205346,682495.933120816,78.0,247.0,84.0,4.0,78.0,0.0,0.0,0.0,61.14211563774652,78.98231444397682,0.0,272087.1806568956,0.5612582781456954,587535.1269726292,245062.9010489678,3883576.134306642,399099.41140427394,663.0,14176038.621417798,4.926093514328809,4.092006033182503,228706.0,868858.0,1663010.7717502704,1202803.9689195747,64900000.0,0.0,2099702.6201315457,1208325.1996119614,96.0,268.0,95.0,16.0,96.0,0.0,0.0,0.0,63.05600413453168,83.03516038711116,0.0,0.0,0.497737556561086,376712.98955018894,327337.15858717903,4099257.128947745,230000.611643074,0.0,2018-02-28 02:55:00
2018-02-28 02:55:00,115,0,663.0,14176038.621417798,4.926093514328809,4.092006033182503,228706.0,868858.0,1663010.7717502704,1202803.9689195747,64900000.0,0.0,2099702.6201315457,1208325.1996119614,96.0,268.0,95.0,16.0,96.0,0.0,0.0,0.0,63.05600413453168,83.03516038711116,0.0,0.0,0.497737556561086,376712.98955018894,327337.15858717903,4099257.128947745,230000.611643074,640.0,15227704.91875,5.196875,4.8703125,245473.0,1187878.0,1113971.662746746,1379934.9478795032,94006388.0,0.0,1609202.1584664078,1111039.9921884057,56.0,147.0,104.0,4.0,56.0,0.0,0.0,0.0,81.83214162507187,103.68311265874205,0.0,0.0,0.634375,743619.1084469308,187873.2814026564,4836045.22231018,638695.9010224056,0.0,2018-02-28 02:56:00
2018-02-28 02:56:00,116,0,640.0,15227704.91875,5.196875,4.8703125,245473.0,1187878.0,1113971.662746746,1379934.9478795032,94006388.0,0.0,1609202.1584664078,1111039.9921884057,56.0,147.0,104.0,4.0,56.0,0.0,0.0,0.0,81.83214162507187,103.68311265874205,0.0,0.0,0.634375,743619.1084469308,187873.2814026564,4836045.22231018,638695.9010224056,1067.0,16993250.46579194,6.373945641986879,5.376757263355201,1306186.0,1769214.0,1509862.4286386066,1551405.328531512,59936604.0,0.0,1997836.7640372568,1179334.948138537,67.0,179.0,238.0,10.0,67.0,0.0,0.0,0.0,86.2579721643506,114.19775817634864,0.0,0.0,0.6457357075913777,272672.7972502346,129760.91021286303,5411499.250977804,170811.71197985753,0.0,2018-02-28 02:57:00
2018-02-28 02:57:00,117,0,1067.0,16993250.46579194,6.373945641986879,5.376757263355201,1306186.0,1769214.0,1509862.4286386066,1551405.328531512,59936604.0,0.0,1997836.7640372568,1179334.948138537,67.0,179.0,238.0,10.0,67.0,0.0,0.0,0.0,86.2579721643506,114.19775817634864,0.0,0.0,0.6457357075913777,272672.7972502346,129760.91021286303,5411499.250977804,170811.71197985753,613.0,14553045.882544862,5.357259380097879,4.301794453507341,691513.0,583340.0,1374709.6848011613,1432556.612549166,59400000.0,0.0,1850648.0484583213,888460.5427622871,51.0,148.0,92.0,13.0,51.0,0.0,0.0,0.0,73.90392323265269,95.58923505996296,0.0,0.0,0.6460032626427407,533406.6679560373,23019.60729780963,4552624.433464333,392449.45680146245,0.0,2018-02-28 02:58:00
2018-02-28 02:58:00,118,0,613.0,14553045.882544862,5.357259380097879,4.301794453507341,691513.0,583340.0,1374709.6848011613,1432556.612549166,59400000.0,0.0,1850648.0484583213,888460.5427622871,51.0,148.0,92.0,13.0,51.0,0.0,0.0,0.0,73.90392323265269,95.58923505996296,0.0,0.0,0.6460032626427407,533406.6679560373,23019.60729780963,4552624.433464333,392449.45680146245,695.0,15597518.471942443,5.615827338129496,5.1985611510791365,289906.0,1712617.0,929758.2287959802,1464880.8653571394,60132155.0,0.0,1460140.64210225,1378260.7102848033,61.0,176.0,148.0,8.0,61.0,0.0,0.0,0.0,91.3706281560338,119.82745292125368,0.0,0.0,0.6345323741007194,314905.9148554408,245467.9486564202,4871319.265338762,271441.4130102123,0.0,2018-02-28 02:59:00
2018-02-28 02:59:00,119,0,695.0,15597518.471942443,5.615827338129496,5.1985611510791365,289906.0,1712617.0,929758.2287959802,1464880.8653571394,60132155.0,0.0,1460140.64210225,1378260.7102848033,61.0,176.0,148.0,8.0,61.0,0.0,0.0,0.0,91.3706281560338,119.82745292125368,0.0,0.0,0.6345323741007194,314905.9148554408,245467.9486564202,4871319.265338762,271441.4130102123,782.0,19855104.460358057,6.20460358056266,6.255754475703325,353719.0,2709318.0,2209351.365249008,1816910.826799433,59800000.0,0.0,2730930.0109246136,1225194.188872602,71.0,154.0,196.0,2.0,71.0,0.0,0.0,0.0,95.65043326879184,127.55169427370896,0.0,0.0,0.6099744245524297,543571.868825791,280857.89934341,7115582.553606347,1261724.0739806574,0.0,2018-02-28 03:00:00
2018-02-28 03:00:00,120,0,782.0,19855104.460358057,6.20460358056266,6.255754475703325,353719.0,2709318.0,2209351.365249008,1816910.826799433,59800000.0,0.0,2730930.0109246136,1225194.188872602,71.0,154.0,196.0,2.0,71.0,0.0,0.0,0.0,95.65043326879184,127.55169427370896,0.0,0.0,0.6099744245524297,543571.868825791,280857.89934341,7115582.553606347,1261724.0739806574,333.0,10263262.861861862,4.75975975975976,3.714714714714715,132338.0,209476.0,2046329.9530550607,918811.268002889,59936384.0,0.0,2405398.220572034,1259605.380169944,42.0,102.0,25.0,10.0,42.0,0.0,0.0,0.0,71.36771763429189,97.70487730586908,0.0,329701.6648531504,0.4774774774774775,556869.415618748,64742.41887872747,3373595.611665445,169324.9120559694,0.0,2018-02-28 03:01:00
2018-02-28 03:01:00,121,0,333.0,10263262.861861862,4.75975975975976,3.714714714714715,132338.0,209476.0,2046329.9530550607,918811.268002889,59936384.0,0.0,2405398.220572034,1259605.380169944,42.0,102.0,25.0,10.0,42.0,0.0,0.0,0.0,71.36771763429189,97.70487730586908,0.0,329701.6648531504,0.4774774774774775,556869.415618748,64742.41887872747,3373595.611665445,169324.9120559694,714.0,18028474.04901961,5.697478991596639,4.978991596638656,290533.0,1310227.0,1242117.7950572728,1386030.5837272308,59900000.0,0.0,1722058.367544648,1188272.9618885054,43.0,140.0,189.0,1.0,43.0,0.0,0.0,0.0,91.03026537207184,126.64615852947534,0.0,0.0,0.6148459383753502,517024.46304653975,187351.99337282297,4675698.2403906,222732.1975420455,0.0,2018-02-28 03:02:00
2018-02-28 03:02:00,122,0,714.0,18028474.04901961,5.697478991596639,4.978991596638656,290533.0,1310227.0,1242117.7950572728,1386030.5837272308,59900000.0,0.0,1722058.367544648,1188272.9618885054,43.0,140.0,189.0,1.0,43.0,0.0,0.0,0.0,91.03026537207184,126.64615852947534,0.0,0.0,0.6148459383753502,517024.46304653975,187351.99337282297,4675698.2403906,222732.1975420455,603.0,15549555.626865672,4.681592039800995,3.900497512437811,162608.0,649164.0,2615989.6564316065,1167141.76672615,59936359.0,0.0,2959154.2762068748,939042.3836382624,55.0,120.0,93.0,2.0,55.0,0.0,0.0,0.0,72.60162537035174,93.63271426122836,0.0,115611.69932729464,0.648424543946932,374546.2289102143,36219.971105539465,5476588.265328642,306066.8219863196,0.0,2018-02-28 03:03:00
2018-02-28 03:03:00,123,0,603.0,15549555.626865672,4.681592039800995,3.900497512437811,162608.0,649164.0,2615989.6564316065,1167141.76672615,59936359.0,0.0,2959154.2762068748,939042.3836382624,55.0,120.0,93.0,2.0,55.0,0.0,0.0,0.0,72.60162537035174,93.63271426122836,0.0,115611.69932729464,0.648424543946932,374546.2289102143,36219.971105539465,5476588.265328642,306066.8219863196,399.0,17109725.944862157,5.461152882205514,5.0551378446115285,195287.0,894880.0,1853345.9030058864,1434589.447327354,60009848.0,0.0,2347393.7011801503,1152179.5859704183,19.0,102.0,73.0,2.0,19.0,0.0,0.0,0.0,80.56899185783834,107.1327602581664,0.0,1158638.4871508626,0.5588972431077694,551539.5167423578,304055.0547946459,4600719.035093752,589576.3941884427,0.0,2018-02-28 03:04:00
2018-02-28 03:04:00,124,0,399.0,17109725.944862157,5.461152882205514,5.0551378446115285,195287.0,894880.0,1853345.9030058864,1434589.447327354,60009848.0,0.0,2347393.7011801503,1152179.5859704183,19.0,102.0,73.0,2.0,19.0,0.0,0.0,0.0,80.56899185783834,107.1327602581664,0.0,1158638.4871508626,0.5588972431077694,551539.5167423578,304055.0547946459,4600719.035093752,589576.3941884427,1674.0,15386640.01851852,4.556152927120669,4.07168458781362,400479.0,2323799.0,819503.7270878099,1199458.902397083,60000000.0,0.0,1287029.780008905,995875.5151910328,83.0,239.0,380.0,10.0,83.0,0.0,0.0,0.0,79.34846892472933,100.09607582625962,0.0,0.0,0.7096774193548387,163354.45843335314,168016.74115931333,3774413.979917625,119311.9936863364,0.0,2018-02-28 03:05:00
2018-02-28 03:05:00,125,0,1674.0,15386640.01851852,4.556152927120669,4.07168458781362,400479.0,2323799.0,819503.7270878099,1199458.902397083,60000000.0,0.0,1287029.780008905,995875.5151910328,83.0,239.0,380.0,10.0,83.0,0.0,0.0,0.0,79.34846892472933,100.09607582625962,0.0,0.0,0.7096774193548387,163354.45843335314,168016.74115931333,3774413.979917625,119311.9936863364,989.0,15524912.042467138,6.061678463094035,6.945399393326593,388256.0,5590515.0,1630688.7737455734,1055253.6757433948,89900000.0,0.0,2053976.39018414,883024.9488488438,62.0,240.0,202.0,4.0,62.0,0.0,0.0,0.0,92.1902685362278,113.03172380524612,0.0,0.0,0.6258847320525783,283934.195311472,137975.51047280012,3780710.675892872,155365.14541435314,0.0,2018-02-28 03:06:00
2018-02-28 03:06:00,126,0,989.0,15524912.042467138,6.061678463094035,6.945399393326593,388256.0,5590515.0,1630688.7737455734,1055253.6757433948,89900000.0,0.0,2053976.39018414,883024.9488488438,62.0,240.0,202.0,4.0,62.0,0.0,0.0,0.0,92.1902685362278,113.03172380524612,0.0,0.0,0.6258847320525783,283934.195311472,137975.51047280012,3780710.675892872,155365.14541435314,1070.0,15749697.637383178,5.05607476635514,4.828971962616823,319085.0,2113416.0,893214.0828886064,1239741.412746733,65300000.0,0.0,1360887.9405780942,1123156.0254771027,74.0,314.0,239.0,7.0,74.0,0.0,0.0,0.0,76.44394059293401,103.4054072351644,0.0,0.0,0.6345794392523364,223228.2267574592,198594.24762055915,4277160.678734828,215410.45288101805,0.0,2018-02-28 03:07:00
2018-02-28 03:07:00,127,0,1070.0,15749697.637383178,5.05607476635514,4.828971962616823,319085.0,2113416.0,893214.0828886064,1239741.412746733,65300000.0,0.0,1360887.9405780942,1123156.0254771027,74.0,314.0,239.0,7.0,74.0,0.0,0.0,0.0,76.44394059293401,103.4054072351644,0.0,0.0,0.6345794392523364,223228.2267574592,198594.24762055915,4277160.678734828,215410.45288101805,560.0,11424967.425,4.316071428571429,2.8910714285714287,186958.0,275972.0,1878056.557174049,775574.502159344,59800000.0,0.0,2175058.039715436,611302.2129281405,81.0,249.0,66.0,8.0,81.0,0.0,0.0,0.0,52.43722624735661,74.29932133795197,0.0,0.0,0.4571428571428571,235937.92907200163,153309.86628923446,3369358.769180696,99372.88792128752,0.0,2018-02-28 03:08:00
2018-02-28 03:08:00,128,0,560.0,11424967.425,4.316071428571429,2.8910714285714287,186958.0,275972.0,1878056.557174049,775574.502159344,59800000.0,0.0,2175058.039715436,611302.2129281405,81.0,249.0,66.0,8.0,81.0,0.0,0.0,0.0,52.43722624735661,74.29932133795197,0.0,0.0,0.4571428571428571,235937.92907200163,153309.86628923446,3369358.769180696,99372.88792128752,654.0,8095348.360856269,189.7981651376147,84.25993883792049,144530588.0,1338075.0,1633994.1779211017,890497.804675194,64900000.0,0.0,1883041.470937872,695440.5632540875,37.0,152.0,175.0,0.0,37.0,0.0,0.0,0.0,54.62612988316268,65.49274007395383,46488.35789396652,502412.67565879045,0.6590214067278287,422366.3829265668,258160.9244769975,3064201.7963834084,156927.12401325052,0.0,2018-02-28 03:09:00
2018-02-28 03:09:00,129,0,654.0,8095348.360856269,189.7981651376147,84.25993883792049,144530588.0,1338075.0,1633994.1779211017,890497.804675194,64900000.0,0.0,1883041.470937872,695440.5632540875,37.0,152.0,175.0,0.0,37.0,0.0,0.0,0.0,54.62612988316268,65.49274007395383,46488.35789396652,502412.67565879045,0.6590214067278287,422366.3829265668,258160.9244769975,3064201.7963834084,156927.12401325052,434.0,12487035.970046084,4.820276497695852,3.9907834101382487,183413.0,702093.0,1210377.7665636807,998517.4080636944,58917172.0,0.0,1561234.127703954,667965.6614602798,70.0,163.0,70.0,4.0,70.0,0.0,0.0,0.0,70.86541657879539,94.91350457600484,0.0,102354.8969108726,0.4907834101382488,357136.7521115725,296942.9129641594,3210370.380406347,470715.99711939,0.0,2018-02-28 03:10:00
2018-02-28 03:10:00,130,0,434.0,12487035.970046084,4.820276497695852,3.9907834101382487,183413.0,702093.0,1210377.7665636807,998517.4080636944,58917172.0,0.0,1561234.127703954,667965.6614602798,70.0,163.0,70.0,4.0,70.0,0.0,0.0,0.0,70.86541657879539,94.91350457600484,0.0,102354.8969108726,0.4907834101382488,357136.7521115725,296942.9129641594,3210370.380406347,470715.99711939,1151.0,13970159.555169418,5.054735013032146,5.572545612510861,720944.0,3971353.0,1042906.1622535866,1173038.3447339097,60110271.0,0.0,1468852.9588070444,961345.3904604329,33.0,97.0,207.0,0.0,33.0,0.0,0.0,0.0,89.19811374261434,100.25773739300668,0.0,0.0,0.8053866203301477,328107.5966248554,114810.46607484989,4674731.072631933,220130.10832763245,0.0,2018-02-28 03:11:00
2018-02-28 03:11:00,131,0,1151.0,13970159.555169418,5.054735013032146,5.572545612510861,720944.0,3971353.0,1042906.1622535866,1173038.3447339097,60110271.0,0.0,1468852.9588070444,961345.3904604329,33.0,97.0,207.0,0.0,33.0,0.0,0.0,0.0,89.19811374261434,100.25773739300668,0.0,0.0,0.8053866203301477,328107.5966248554,114810.46607484989,4674731.072631933,220130.10832763245,1370.0,17865950.27518248,5.047445255474453,4.964233576642336,515105.0,2481000.0,1144740.7500141696,1562078.6036442956,59501003.0,0.0,1698802.2309026422,1075398.6950455687,57.0,142.0,328.0,2.0,57.0,0.0,0.0,0.0,92.12207285770585,123.88903088087504,0.0,0.0,0.7306569343065693,170668.58623836085,113257.41458828334,5940363.210178004,113646.57053734174,0.0,2018-02-28 03:12:00
2018-02-28 03:12:00,132,0,1370.0,17865950.27518248,5.047445255474453,4.964233576642336,515105.0,2481000.0,1144740.7500141696,1562078.6036442956,59501003.0,0.0,1698802.2309026422,1075398.6950455687,57.0,142.0,328.0,2.0,57.0,0.0,0.0,0.0,92.12207285770585,123.88903088087504,0.0,0.0,0.7306569343065693,170668.58623836085,113257.41458828334,5940363.210178004,113646.57053734174,422.0,8971752.111374408,4.267772511848341,2.699052132701422,116913.0,213154.0,1317249.1023846436,1520897.3189448223,59900000.0,0.0,1680169.0824300658,645487.3389880434,58.0,177.0,44.0,3.0,58.0,0.0,0.0,0.0,59.46974072614123,72.5033241384519,0.0,0.0,0.438388625592417,401703.8684567601,339917.44232812856,3658236.9529841407,247856.23833546948,0.0,2018-02-28 03:13:00
2018-02-28 03:13:00,133,0,422.0,8971752.111374408,4.267772511848341,2.699052132701422,116913.0,213154.0,1317249.1023846436,1520897.3189448223,59900000.0,0.0,1680169.0824300658,645487.3389880434,58.0,177.0,44.0,3.0,58.0,0.0,0.0,0.0,59.46974072614123,72.5033241384519,0.0,0.0,0.438388625592417,401703.8684567601,339917.44232812856,3658236.9529841407,247856.23833546948,859.0,16007716.848661236,5.69383003492433,6.339930151338766,425069.0,4002406.0,2034770.083748196,1413701.454615746,104326062.0,0.0,2547596.933783845,1216569.5956745346,68.0,244.0,148.0,5.0,68.0,0.0,0.0,0.0,78.27682184443341,95.8432211626298,0.0,0.0,0.6449359720605355,507735.1852980857,69689.3159951367,5015699.481488505,280068.7823228614,0.0,2018-02-28 03:14:00
2018-02-28 03:14:00,134,0,859.0,16007716.848661236,5.69383003492433,6.339930151338766,425069.0,4002406.0,2034770.083748196,1413701.454615746,104326062.0,0.0,2547596.933783845,1216569.5956745346,68.0,244.0,148.0,5.0,68.0,0.0,0.0,0.0,78.27682184443341,95.8432211626298,0.0,0.0,0.6449359720605355,507735.1852980857,69689.3159951367,5015699.481488505,280068.7823228614,1042.0,10402519.09980806,4.256238003838772,3.325335892514395,238514.0,1245211.0,765075.0270260609,949372.5992212208,59834510.0,0.0,1057769.286291845,738714.9865855622,127.0,289.0,172.0,18.0,127.0,0.0,0.0,0.0,70.96986818120394,90.43502273249403,0.0,0.0,0.5930902111324377,422318.9528636688,83602.58462173918,3370043.532227001,115278.63198215948,0.0,2018-02-28 03:15:00
2018-02-28 03:15:00,135,0,1042.0,10402519.09980806,4.256238003838772,3.325335892514395,238514.0,1245211.0,765075.0270260609,949372.5992212208,59834510.0,0.0,1057769.286291845,738714.9865855622,127.0,289.0,172.0,18.0,127.0,0.0,0.0,0.0,70.96986818120394,90.43502273249403,0.0,0.0,0.5930902111324377,422318.9528636688,83602.58462173918,3370043.532227001,115278.63198215948,788.0,16697771.11928934,4.927664974619289,4.549492385786802,338654.0,951211.0,889785.3302899027,1431840.7458541158,60024327.0,0.0,1451339.1852802783,1214823.7062565908,40.0,119.0,179.0,6.0,40.0,0.0,0.0,0.0,82.91309310549214,111.99357208750205,0.0,0.0,0.6510152284263959,309587.14049371134,96632.34183426776,4884102.316335064,282079.79684060224,0.0,2018-02-28 03:16:00
2018-02-28 03:16:00,136,0,788.0,16697771.11928934,4.927664974619289,4.549492385786802,338654.0,951211.0,889785.3302899027,1431840.7458541158,60024327.0,0.0,1451339.1852802783,1214823.7062565908,40.0,119.0,179.0,6.0,40.0,0.0,0.0,0.0,82.91309310549214,111.99357208750205,0.0,0.0,0.6510152284263959,309587.14049371134,96632.34183426776,4884102.316335064,282079.79684060224,606.0,15172538.793729372,5.925742574257426,4.612211221122112,280526.0,764925.0,2267313.353160017,1102279.775067922,58913789.0,0.0,2676321.560315625,743916.8812708338,43.0,151.0,187.0,2.0,43.0,0.0,0.0,0.0,89.461942444417,138.294112067067,0.0,0.0,0.4702970297029702,666783.0920689102,354219.93330925587,5267226.216486613,245785.02820130327,0.0,2018-02-28 03:17:00
2018-02-28 03:17:00,137,0,606.0,15172538.793729372,5.925742574257426,4.612211221122112,280526.0,764925.0,2267313.353160017,1102279.775067922,58913789.0,0.0,2676321.560315625,743916.8812708338,43.0,151.0,187.0,2.0,43.0,0.0,0.0,0.0,89.461942444417,138.294112067067,0.0,0.0,0.4702970297029702,666783.0920689102,354219.93330925587,5267226.216486613,245785.02820130327,1196.0,16597073.29013378,5.583612040133779,5.632107023411371,532736.0,2814367.0,1060518.4132194638,1759536.0863320294,86834043.0,0.0,1677679.2091446372,1370046.198221012,81.0,228.0,372.0,4.0,81.0,0.0,0.0,0.0,91.16598478146044,130.26886657278797,0.0,0.0,0.6580267558528428,403286.3955285156,64806.82261197297,5855562.072979582,638584.0463288936,0.0,2018-02-28 03:18:00
2018-02-28 03:18:00,138,0,1196.0,16597073.29013378,5.583612040133779,5.632107023411371,532736.0,2814367.0,1060518.4132194638,1759536.0863320294,86834043.0,0.0,1677679.2091446372,1370046.198221012,81.0,228.0,372.0,4.0,81.0,0.0,0.0,0.0,91.16598478146044,130.26886657278797,0.0,0.0,0.6580267558528428,403286.3955285156,64806.82261197297,5855562.072979582,638584.0463288936,1483.0,15381127.447066756,5.44571813890762,5.48347943358058,454944.0,4650069.0,784285.2183207222,1394029.2229765065,59000000.0,0.0,1262319.948609647,946489.8792196932,98.0,280.0,370.0,11.0,98.0,0.0,0.0,0.0,91.81850433376762,117.16551068714864,0.0,0.0,0.6783546864463924,275458.49772343726,138293.44280981543,5093710.525355391,264368.4833608384,0.0,2018-02-28 03:19:00
2018-02-28 03:19:00,139,0,1483.0,15381127.447066756,5.44571813890762,5.48347943358058,454944.0,4650069.0,784285.2183207222,1394029.2229765065,59000000.0,0.0,1262319.948609647,946489.8792196932,98.0,280.0,370.0,11.0,98.0,0.0,0.0,0.0,91.81850433376762,117.16551068714864,0.0,0.0,0.6783546864463924,275458.49772343726,138293.44280981543,5093710.525355391,264368.4833608384,762.0,21255038.9671916,6.989501312335958,14.79265091863517,476546.0,10828511.0,2098504.007156016,2128234.909594774,60049902.0,0.0,2814895.6162152262,1407673.5427630767,60.0,175.0,203.0,2.0,60.0,0.0,0.0,0.0,96.8500636334118,134.92920963757808,22535.47419489356,241407.7195562724,0.636482939632546,340177.88812832406,99132.77325165836,7639011.2633167,169420.35394641603,0.0,2018-02-28 03:20:00
2018-02-28 03:20:00,140,0,762.0,21255038.9671916,6.989501312335958,14.79265091863517,476546.0,10828511.0,2098504.007156016,2128234.909594774,60049902.0,0.0,2814895.6162152262,1407673.5427630767,60.0,175.0,203.0,2.0,60.0,0.0,0.0,0.0,96.8500636334118,134.92920963757808,22535.47419489356,241407.7195562724,0.636482939632546,340177.88812832406,99132.77325165836,7639011.2633167,169420.35394641603,629.0,8533705.3227345,4.0651828298887125,2.728139904610493,153206.0,410060.0,890698.1723073061,893429.1908550368,60300000.0,0.0,1253533.28052704,773283.3370962604,90.0,241.0,61.0,10.0,90.0,0.0,0.0,0.0,65.98810273542416,69.32816926883164,0.0,0.0,0.5421303656597775,212912.9472659377,159622.6341695766,2646084.843988073,279844.94795359607,0.0,2018-02-28 03:21:00
2018-02-28 03:21:00,141,0,629.0,8533705.3227345,4.0651828298887125,2.728139904610493,153206.0,410060.0,890698.1723073061,893429.1908550368,60300000.0,0.0,1253533.28052704,773283.3370962604,90.0,241.0,61.0,10.0,90.0,0.0,0.0,0.0,65.98810273542416,69.32816926883164,0.0,0.0,0.5421303656597775,212912.9472659377,159622.6341695766,2646084.843988073,279844.94795359607,1100.0,18738503.91454545,5.010909090909091,4.378181818181818,413490.0,1535045.0,1327775.2423175464,1766533.5027264196,70672523.0,0.0,1877765.717812416,1286044.0033827538,149.0,313.0,196.0,17.0,149.0,0.0,0.0,0.0,78.04426222153346,97.99979895040092,0.0,0.0,0.61,307575.9387118782,221051.4492931016,5930278.539766713,331899.1480521041,0.0,2018-02-28 03:22:00
2018-02-28 03:22:00,142,0,1100.0,18738503.91454545,5.010909090909091,4.378181818181818,413490.0,1535045.0,1327775.2423175464,1766533.5027264196,70672523.0,0.0,1877765.717812416,1286044.0033827538,149.0,313.0,196.0,17.0,149.0,0.0,0.0,0.0,78.04426222153346,97.99979895040092,0.0,0.0,0.61,307575.9387118782,221051.4492931016,5930278.539766713,331899.1480521041,822.0,18660390.25547445,5.367396593673966,5.181265206812652,309938.0,1980210.0,1544842.010387643,1516152.854673342,90517329.0,0.0,1960899.6636611607,1442968.284663773,75.0,159.0,157.0,6.0,75.0,0.0,0.0,0.0,86.43254865405986,107.7410771832731,0.0,0.0,0.6435523114355232,188499.66580395948,130302.04199722242,5676436.277413535,244844.03053476856,0.0,2018-02-28 03:23:00
2018-02-28 03:23:00,143,0,822.0,18660390.25547445,5.367396593673966,5.181265206812652,309938.0,1980210.0,1544842.010387643,1516152.854673342,90517329.0,0.0,1960899.6636611607,1442968.284663773,75.0,159.0,157.0,6.0,75.0,0.0,0.0,0.0,86.43254865405986,107.7410771832731,0.0,0.0,0.6435523114355232,188499.66580395948,130302.04199722242,5676436.277413535,244844.03053476856,574.0,19384525.42857143,5.735191637630662,5.445993031358885,289479.0,1330183.0,1625931.221929538,1971495.6227771016,59900000.0,0.0,2229703.171524426,1536322.5024358537,44.0,144.0,96.0,2.0,44.0,0.0,0.0,0.0,76.30529078087457,96.66349604956132,54794.39659768555,617925.7175991696,0.6306620209059234,525024.0878054736,64935.17545593934,5820486.652116625,408778.7936680389,0.0,2018-02-28 03:24:00
2018-02-28 03:24:00,144,0,574.0,19384525.42857143,5.735191637630662,5.445993031358885,289479.0,1330183.0,1625931.221929538,1971495.6227771016,59900000.0,0.0,2229703.171524426,1536322.5024358537,44.0,144.0,96.0,2.0,44.0,0.0,0.0,0.0,76.30529078087457,96.66349604956132,54794.39659768555,617925.7175991696,0.6306620209059234,525024.0878054736,64935.17545593934,5820486.652116625,408778.7936680389,1393.0,17052081.358937547,4.925340990667624,4.735104091888012,489822.0,2587747.0,1011730.06801432,1441067.2360390052,59000000.0,0.0,1518260.98846222,1087065.296130482,138.0,343.0,314.0,14.0,138.0,0.0,0.0,0.0,85.87523382561099,112.82391208941183,0.0,0.0,0.6590093323761665,127329.17801386362,104573.18234031725,4869106.161046198,215115.3871714284,0.0,2018-02-28 03:25:00
2018-02-28 03:25:00,145,0,1393.0,17052081.358937547,4.925340990667624,4.735104091888012,489822.0,2587747.0,1011730.06801432,1441067.2360390052,59000000.0,0.0,1518260.98846222,1087065.296130482,138.0,343.0,314.0,14.0,138.0,0.0,0.0,0.0,85.87523382561099,112.82391208941183,0.0,0.0,0.6590093323761665,127329.17801386362,104573.18234031725,4869106.161046198,215115.3871714284,614.0,14465915.716612378,5.343648208469055,4.736156351791531,252301.0,1373681.0,1558309.441562243,967292.5915559252,59936022.0,0.0,1943687.150852372,946509.874474672,71.0,184.0,60.0,6.0,71.0,0.0,0.0,0.0,65.46537580366498,80.1972573554697,0.0,0.0,0.5765472312703583,337954.5242523204,307409.58446186164,3651818.5502997343,509024.3333148565,0.0,2018-02-28 03:26:00
2018-02-28 03:26:00,146,0,614.0,14465915.716612378,5.343648208469055,4.736156351791531,252301.0,1373681.0,1558309.441562243,967292.5915559252,59936022.0,0.0,1943687.150852372,946509.874474672,71.0,184.0,60.0,6.0,71.0,0.0,0.0,0.0,65.46537580366498,80.1972573554697,0.0,0.0,0.5765472312703583,337954.5242523204,307409.58446186164,3651818.5502997343,509024.3333148565,1110.0,19000729.602702703,5.8297297297297295,6.298198198198199,375366.0,4248582.0,1038763.6546165338,1776832.6128538917,59946932.0,0.0,1722729.0461760887,1592991.356268203,63.0,230.0,233.0,7.0,63.0,0.0,0.0,0.0,85.5522823735891,106.40671565077368,0.0,0.0,0.6954954954954955,515323.4757010489,63556.36854253287,5894514.083672071,248301.1967804868,0.0,2018-02-28 03:27:00
2018-02-28 03:27:00,147,0,1110.0,19000729.602702703,5.8297297297297295,6.298198198198199,375366.0,4248582.0,1038763.6546165338,1776832.6128538917,59946932.0,0.0,1722729.0461760887,1592991.356268203,63.0,230.0,233.0,7.0,63.0,0.0,0.0,0.0,85.5522823735891,106.40671565077368,0.0,0.0,0.6954954954954955,515323.4757010489,63556.36854253287,5894514.083672071,248301.1967804868,948.0,15585892.579113925,5.069620253164557,5.046413502109704,304187.0,2707897.0,1571703.747969255,1443036.9436141774,60000000.0,0.0,2082953.029085995,972648.9928643015,107.0,237.0,171.0,7.0,107.0,0.0,0.0,0.0,82.37857849140244,109.69703023114484,0.0,0.0,0.5938818565400844,243522.2121691756,194010.78060255304,5204159.833081721,984101.4194724844,0.0,2018-02-28 03:28:00
2018-02-28 03:28:00,148,0,948.0,15585892.579113925,5.069620253164557,5.046413502109704,304187.0,2707897.0,1571703.747969255,1443036.9436141774,60000000.0,0.0,2082953.029085995,972648.9928643015,107.0,237.0,171.0,7.0,107.0,0.0,0.0,0.0,82.37857849140244,109.69703023114484,0.0,0.0,0.5938818565400844,243522.2121691756,194010.78060255304,5204159.833081721,984101.4194724844,769.0,15866149.715214564,4.694408322496749,3.879063719115735,209764.0,872086.0,1501199.557397533,1558239.5821641362,85509708.0,0.0,2000409.7206320844,1554397.2935478091,65.0,240.0,116.0,4.0,65.0,0.0,0.0,0.0,67.54358352850754,88.20697726686346,0.0,0.0,0.540962288686606,207514.13700224573,112944.90585534378,4372735.08265547,336922.55621968705,0.0,2018-02-28 03:29:00
2018-02-28 03:29:00,149,0,769.0,15866149.715214564,4.694408322496749,3.879063719115735,209764.0,872086.0,1501199.557397533,1558239.5821641362,85509708.0,0.0,2000409.7206320844,1554397.2935478091,65.0,240.0,116.0,4.0,65.0,0.0,0.0,0.0,67.54358352850754,88.20697726686346,0.0,0.0,0.540962288686606,207514.13700224573,112944.90585534378,4372735.08265547,336922.55621968705,705.0,15229891.761702128,5.036879432624113,3.868085106382978,215025.0,968633.0,996605.27469773,1516236.0328566027,59900000.0,0.0,1496003.0145201902,883812.9049997397,98.0,224.0,131.0,13.0,98.0,0.0,0.0,0.0,70.97479672053461,95.32418963963336,0.0,0.0,0.4921985815602837,312138.66578549024,242424.8669894465,4952633.685951551,391200.3943341533,0.0,2018-02-28 03:30:00
2018-02-28 03:30:00,150,0,705.0,15229891.761702128,5.036879432624113,3.868085106382978,215025.0,968633.0,996605.27469773,1516236.0328566027,59900000.0,0.0,1496003.0145201902,883812.9049997397,98.0,224.0,131.0,13.0,98.0,0.0,0.0,0.0,70.97479672053461,95.32418963963336,0.0,0.0,0.4921985815602837,312138.66578549024,242424.8669894465,4952633.685951551,391200.3943341533,642.0,14156593.302180683,4.1526479750778815,3.730529595015576,139113.0,1035443.0,2442106.283275431,1183645.8949372205,58922614.0,0.0,2904211.768018362,828457.0637415719,43.0,164.0,106.0,1.0,43.0,0.0,0.0,0.0,72.32529638884954,86.76634516213161,0.0,242365.2065545573,0.6074766355140186,308154.4841806429,19048.667887788302,4549978.235307009,164807.66441730305,0.0,2018-02-28 03:31:00
2018-02-28 03:31:00,151,0,642.0,14156593.302180683,4.1526479750778815,3.730529595015576,139113.0,1035443.0,2442106.283275431,1183645.8949372205,58922614.0,0.0,2904211.768018362,828457.0637415719,43.0,164.0,106.0,1.0,43.0,0.0,0.0,0.0,72.32529638884954,86.76634516213161,0.0,242365.2065545573,0.6074766355140186,308154.4841806429,19048.667887788302,4549978.235307009,164807.66441730305,579.0,8106025.5768566495,3.618307426597582,2.78238341968912,153558.0,290909.0,786563.0153972083,651679.3948350247,59937280.0,0.0,1062014.1531481086,813052.2904522751,31.0,98.0,63.0,1.0,31.0,0.0,0.0,0.0,62.687951469332816,70.49515811437566,0.0,232569.84929348604,0.7046632124352331,393326.8043941987,468985.2831093388,1909904.8835701165,131886.21757955727,0.0,2018-02-28 03:32:00
2018-02-28 03:32:00,152,0,579.0,8106025.5768566495,3.618307426597582,2.78238341968912,153558.0,290909.0,786563.0153972083,651679.3948350247,59937280.0,0.0,1062014.1531481086,813052.2904522751,31.0,98.0,63.0,1.0,31.0,0.0,0.0,0.0,62.687951469332816,70.49515811437566,0.0,232569.84929348604,0.7046632124352331,393326.8043941987,468985.2831093388,1909904.8835701165,131886.21757955727,980.0,18222204.92142857,6.438775510204081,7.104081632653061,427255.0,5203189.0,1071390.1147293944,1354371.4875065545,59300000.0,0.0,1669886.226752393,1165353.6961332145,68.0,195.0,241.0,4.0,68.0,0.0,0.0,0.0,106.91642773673898,127.48293774822665,0.0,0.0,0.6581632653061225,227796.8399366308,226538.99977597687,4531982.82039556,146272.41567261124,0.0,2018-02-28 03:33:00
2018-02-28 03:33:00,153,0,980.0,18222204.92142857,6.438775510204081,7.104081632653061,427255.0,5203189.0,1071390.1147293944,1354371.4875065545,59300000.0,0.0,1669886.226752393,1165353.6961332145,68.0,195.0,241.0,4.0,68.0,0.0,0.0,0.0,106.91642773673898,127.48293774822665,0.0,0.0,0.6581632653061225,227796.8399366308,226538.99977597687,4531982.82039556,146272.41567261124,824.0,19138065.06674757,4.799757281553398,4.842233009708738,242765.0,1915554.0,1949971.297391855,1604433.631777151,80400000.0,0.0,2549979.000216185,1376254.9279659595,41.0,125.0,166.0,2.0,41.0,0.0,0.0,0.0,83.29892717001651,99.8958857709074,0.0,624529.958477734,0.7475728155339806,408555.5008630372,212892.4208901132,5814013.69797136,383110.23376144655,0.0,2018-02-28 03:34:00
2018-02-28 03:34:00,154,0,824.0,19138065.06674757,4.799757281553398,4.842233009708738,242765.0,1915554.0,1949971.297391855,1604433.631777151,80400000.0,0.0,2549979.000216185,1376254.9279659595,41.0,125.0,166.0,2.0,41.0,0.0,0.0,0.0,83.29892717001651,99.8958857709074,0.0,624529.958477734,0.7475728155339806,408555.5008630372,212892.4208901132,5814013.69797136,383110.23376144655,320.0,12602358.51875,4.43125,2.884375,96981.0,125151.0,1606089.3525292338,1440762.5338914806,59918696.0,0.0,2069666.6757234936,1374870.4255099767,17.0,143.0,48.0,2.0,17.0,0.0,0.0,0.0,54.214502513030936,75.68124702659875,0.0,73807.89907884589,0.4375,347970.16451368615,236827.0183207288,3886663.079853612,406131.5449661952,0.0,2018-02-28 03:35:00
2018-02-28 03:35:00,155,0,320.0,12602358.51875,4.43125,2.884375,96981.0,125151.0,1606089.3525292338,1440762.5338914806,59918696.0,0.0,2069666.6757234936,1374870.4255099767,17.0,143.0,48.0,2.0,17.0,0.0,0.0,0.0,54.214502513030936,75.68124702659875,0.0,73807.89907884589,0.4375,347970.16451368615,236827.0183207288,3886663.079853612,406131.5449661952,291.0,12148794.154639175,4.986254295532646,3.082474226804124,127992.0,122482.0,1844798.5840269856,1105504.6618095809,59937172.0,0.0,2252237.2174532493,958577.2828132996,57.0,159.0,24.0,5.0,57.0,0.0,0.0,0.0,50.06058614508144,73.93149802108454,0.0,0.0,0.3951890034364261,1828351.296040356,360286.64093016664,3806033.650037332,176869.34744061052,0.0,2018-02-28 03:36:00
2018-02-28 03:36:00,156,0,291.0,12148794.154639175,4.986254295532646,3.082474226804124,127992.0,122482.0,1844798.5840269856,1105504.6618095809,59937172.0,0.0,2252237.2174532493,958577.2828132996,57.0,159.0,24.0,5.0,57.0,0.0,0.0,0.0,50.06058614508144,73.93149802108454,0.0,0.0,0.3951890034364261,1828351.296040356,360286.64093016664,3806033.650037332,176869.34744061052,1329.0,13692090.761474794,4.9405568096313015,4.672686230248307,446646.0,2518281.0,1106295.7536190378,1093438.7342785534,59000000.0,0.0,1481413.958385148,804242.9041520432,94.0,206.0,279.0,13.0,94.0,0.0,0.0,0.0,77.9420624517237,101.67064873630444,0.0,338284.6972984696,0.6689240030097818,121790.88863632876,88430.9175729125,4304776.576524971,131294.51705870283,0.0,2018-02-28 03:37:00
2018-02-28 03:37:00,157,0,1329.0,13692090.761474794,4.9405568096313015,4.672686230248307,446646.0,2518281.0,1106295.7536190378,1093438.7342785534,59000000.0,0.0,1481413.958385148,804242.9041520432,94.0,206.0,279.0,13.0,94.0,0.0,0.0,0.0,77.9420624517237,101.67064873630444,0.0,338284.6972984696,0.6689240030097818,121790.88863632876,88430.9175729125,4304776.576524971,131294.51705870283,1210.0,10247075.885950413,3.930578512396694,3.7851239669421486,328100.0,1961449.0,789595.7482867648,1280738.248013805,92012034.0,0.0,1242984.9113093594,875245.792089884,54.0,138.0,258.0,2.0,54.0,0.0,0.0,0.0,86.81088374283604,107.73974912236652,0.0,0.0,0.7330578512396694,196328.68923895617,166173.65315784953,4249012.516932306,199365.65069786043,0.0,2018-02-28 03:38:00
2018-02-28 03:38:00,158,0,1210.0,10247075.885950413,3.930578512396694,3.7851239669421486,328100.0,1961449.0,789595.7482867648,1280738.248013805,92012034.0,0.0,1242984.9113093594,875245.792089884,54.0,138.0,258.0,2.0,54.0,0.0,0.0,0.0,86.81088374283604,107.73974912236652,0.0,0.0,0.7330578512396694,196328.68923895617,166173.65315784953,4249012.516932306,199365.65069786043,442.0,13650372.963800903,5.839366515837104,4.131221719457014,222554.0,277397.0,1776831.9806521984,1132867.3023486142,58936434.0,0.0,2067476.8862033293,627005.6466947284,45.0,135.0,67.0,0.0,45.0,0.0,0.0,0.0,68.8952453488138,91.95405797577918,0.0,906838.5819244176,0.581447963800905,385962.3873508845,311931.69229800755,4292115.902094931,407618.9679777357,0.0,2018-02-28 03:39:00
2018-02-28 03:39:00,159,0,442.0,13650372.963800903,5.839366515837104,4.131221719457014,222554.0,277397.0,1776831.9806521984,1132867.3023486142,58936434.0,0.0,2067476.8862033293,627005.6466947284,45.0,135.0,67.0,0.0,45.0,0.0,0.0,0.0,68.8952453488138,91.95405797577918,0.0,906838.5819244176,0.581447963800905,385962.3873508845,311931.69229800755,4292115.902094931,407618.9679777357,657.0,15092772.528158296,5.9132420091324205,28.0,209358.0,23913911.0,1554462.8465751244,1326412.388884436,60000000.0,0.0,2040602.4696948205,1264272.219999707,70.0,186.0,116.0,4.0,70.0,0.0,0.0,0.0,87.02159106391568,101.12742554538129,0.0,0.0,0.665144596651446,316247.72691169987,180057.367960766,5232364.225360711,171347.2758779404,0.0,2018-02-28 03:40:00
2018-02-28 03:40:00,160,0,657.0,15092772.528158296,5.9132420091324205,28.0,209358.0,23913911.0,1554462.8465751244,1326412.388884436,60000000.0,0.0,2040602.4696948205,1264272.219999707,70.0,186.0,116.0,4.0,70.0,0.0,0.0,0.0,87.02159106391568,101.12742554538129,0.0,0.0,0.665144596651446,316247.72691169987,180057.367960766,5232364.225360711,171347.2758779404,760.0,14144199.718421051,5.635526315789473,5.502631578947368,299794.0,1970804.0,930580.0387186932,1110917.9276881416,58937073.0,0.0,1299583.9204832425,781995.5871210655,41.0,146.0,163.0,3.0,41.0,0.0,0.0,0.0,85.54870087913908,114.79044886221472,0.0,175185.7692848058,0.6092105263157894,290594.634167852,166904.43779121633,4247837.215911319,318748.925215378,0.0,2018-02-28 03:41:00
2018-02-28 03:41:00,161,0,760.0,14144199.718421051,5.635526315789473,5.502631578947368,299794.0,1970804.0,930580.0387186932,1110917.9276881416,58937073.0,0.0,1299583.9204832425,781995.5871210655,41.0,146.0,163.0,3.0,41.0,0.0,0.0,0.0,85.54870087913908,114.79044886221472,0.0,175185.7692848058,0.6092105263157894,290594.634167852,166904.43779121633,4247837.215911319,318748.925215378,1167.0,11032346.341902314,5.277634961439588,13.149100257069408,498932.0,16631356.0,1124855.9982006757,1114214.8318068956,73554880.0,0.0,1472312.8043486895,1014632.7610057954,51.0,334.0,153.0,2.0,51.0,0.0,0.0,0.0,72.18653272747575,108.5987205929874,0.0,0.0,0.5955441302485004,216834.1231441438,166230.5416155915,3695558.9706766615,214233.1246378676,0.0,2018-02-28 03:42:00
2018-02-28 03:42:00,162,0,1167.0,11032346.341902314,5.277634961439588,13.149100257069408,498932.0,16631356.0,1124855.9982006757,1114214.8318068956,73554880.0,0.0,1472312.8043486895,1014632.7610057954,51.0,334.0,153.0,2.0,51.0,0.0,0.0,0.0,72.18653272747575,108.5987205929874,0.0,0.0,0.5955441302485004,216834.1231441438,166230.5416155915,3695558.9706766615,214233.1246378676,1415.0,9908665.048056535,4.884098939929329,4.224028268551237,579506.0,1927275.0,926957.2508528436,1030590.2316170186,87900000.0,0.0,1173245.535262074,588767.1437034175,81.0,396.0,175.0,7.0,81.0,0.0,0.0,0.0,71.89925629556438,108.80237844596404,0.0,0.0,0.5773851590106007,284519.7244826738,66247.06060259808,3205641.074459523,330752.4596974945,0.0,2018-02-28 03:43:00
2018-02-28 03:43:00,163,0,1415.0,9908665.048056535,4.884098939929329,4.224028268551237,579506.0,1927275.0,926957.2508528436,1030590.2316170186,87900000.0,0.0,1173245.535262074,588767.1437034175,81.0,396.0,175.0,7.0,81.0,0.0,0.0,0.0,71.89925629556438,108.80237844596404,0.0,0.0,0.5773851590106007,284519.7244826738,66247.06060259808,3205641.074459523,330752.4596974945,1440.0,8658041.465277778,4.6090277777777775,3.636111111111111,620260.0,1190301.0,668717.6039097903,1084388.896345841,104000000.0,0.0,939936.0500519472,782855.8562721901,89.0,475.0,165.0,10.0,89.0,0.0,0.0,0.0,69.18730709325243,106.97916238375424,0.0,0.0,0.5222222222222223,304639.0846541291,128800.20125678208,2990375.7671705782,266585.7847172323,0.0,2018-02-28 03:44:00
2018-02-28 03:44:00,164,0,1440.0,8658041.465277778,4.6090277777777775,3.636111111111111,620260.0,1190301.0,668717.6039097903,1084388.896345841,104000000.0,0.0,939936.0500519472,782855.8562721901,89.0,475.0,165.0,10.0,89.0,0.0,0.0,0.0,69.18730709325243,106.97916238375424,0.0,0.0,0.5222222222222223,304639.0846541291,128800.20125678208,2990375.7671705782,266585.7847172323,1848.0,11815871.9004329,4.630411255411255,3.9009740259740258,690446.0,1592742.0,1046549.144948236,1059919.9560759726,104000000.0,0.0,1398540.1572666797,742276.743327279,61.0,372.0,303.0,4.0,61.0,0.0,0.0,0.0,78.38721480086303,117.02478646456063,0.0,0.0,0.6325757575757576,192817.00410852177,60461.141471156494,3700398.101658496,209003.24778500583,0.0,2018-02-28 03:45:00
2018-02-28 03:45:00,165,0,1848.0,11815871.9004329,4.630411255411255,3.9009740259740258,690446.0,1592742.0,1046549.144948236,1059919.9560759726,104000000.0,0.0,1398540.1572666797,742276.743327279,61.0,372.0,303.0,4.0,61.0,0.0,0.0,0.0,78.38721480086303,117.02478646456063,0.0,0.0,0.6325757575757576,192817.00410852177,60461.141471156494,3700398.101658496,209003.24778500583,848.0,5654245.996462264,4.711084905660377,3.456367924528302,408048.0,398444.0,660777.2242703413,709957.130916044,59936368.0,0.0,899302.84776084,722560.2909694997,48.0,306.0,95.0,4.0,48.0,0.0,0.0,0.0,71.23087720537205,115.72306833201532,0.0,204676.4795821126,0.4870283018867924,305816.3471368855,264690.0807250398,1769772.2940966366,227489.71815974577,0.0,2018-02-28 03:46:00
2018-02-28 03:46:00,166,0,848.0,5654245.996462264,4.711084905660377,3.456367924528302,408048.0,398444.0,660777.2242703413,709957.130916044,59936368.0,0.0,899302.84776084,722560.2909694997,48.0,306.0,95.0,4.0,48.0,0.0,0.0,0.0,71.23087720537205,115.72306833201532,0.0,204676.4795821126,0.4870283018867924,305816.3471368855,264690.0807250398,1769772.2940966366,227489.71815974577,924.0,5740359.159090909,4.897186147186147,3.555194805194805,448302.0,405870.0,618030.3228882999,786377.195172079,119426094.0,0.0,816311.495398077,586681.2819103006,54.0,356.0,116.0,6.0,54.0,0.0,0.0,0.0,67.79554011976752,114.49159283374632,0.0,206047.11740159668,0.4675324675324675,214147.34390694732,143188.86219724725,2084300.079587448,158054.5490968462,0.0,2018-02-28 03:47:00
2018-02-28 03:47:00,167,0,924.0,5740359.159090909,4.897186147186147,3.555194805194805,448302.0,405870.0,618030.3228882999,786377.195172079,119426094.0,0.0,816311.495398077,586681.2819103006,54.0,356.0,116.0,6.0,54.0,0.0,0.0,0.0,67.79554011976752,114.49159283374632,0.0,206047.11740159668,0.4675324675324675,214147.34390694732,143188.86219724725,2084300.079587448,158054.5490968462,1069.0,6438051.3713751165,4.732460243217961,3.341440598690365,513679.0,458060.0,1344418.7286330136,560973.6553949476,95600000.0,0.0,1555744.0791777673,529632.4202735984,70.0,404.0,84.0,4.0,70.0,0.0,0.0,0.0,67.57453323082854,113.6717968069346,0.0,158584.41614114266,0.470533208606174,190157.7164351456,156467.23940523324,2445233.204574312,243692.53490102463,0.0,2018-02-28 03:48:00
2018-02-28 03:48:00,168,0,1069.0,6438051.3713751165,4.732460243217961,3.341440598690365,513679.0,458060.0,1344418.7286330136,560973.6553949476,95600000.0,0.0,1555744.0791777673,529632.4202735984,70.0,404.0,84.0,4.0,70.0,0.0,0.0,0.0,67.57453323082854,113.6717968069346,0.0,158584.41614114266,0.470533208606174,190157.7164351456,156467.23940523324,2445233.204574312,243692.53490102463,1784.0,8100275.751121076,4.91255605381166,3.952354260089686,883186.0,1542277.0,463466.09914268914,754980.9316286956,59900000.0,0.0,730611.7646055913,586544.2591441678,41.0,570.0,269.0,0.0,41.0,0.0,0.0,0.0,79.25263681770258,127.05384719054008,0.0,0.0,0.5442825112107623,141823.7609908043,132903.61541797398,2516569.669040005,138815.46339298127,0.0,2018-02-28 03:49:00
2018-02-28 03:49:00,169,0,1784.0,8100275.751121076,4.91255605381166,3.952354260089686,883186.0,1542277.0,463466.09914268914,754980.9316286956,59900000.0,0.0,730611.7646055913,586544.2591441678,41.0,570.0,269.0,0.0,41.0,0.0,0.0,0.0,79.25263681770258,127.05384719054008,0.0,0.0,0.5442825112107623,141823.7609908043,132903.61541797398,2516569.669040005,138815.46339298127,722.0,18417985.40304709,5.56786703601108,5.2797783933518,394474.0,1052972.0,1229063.7889700488,1826542.684336898,59936351.0,0.0,1842161.5845173325,1381995.1184685738,33.0,100.0,197.0,5.0,33.0,0.0,0.0,0.0,96.49920749383531,141.26541123675443,0.0,0.0,0.628808864265928,322507.9591529015,158991.73285301667,6595995.24550706,336003.50842154725,0.0,2018-02-28 03:50:00
2018-02-28 03:50:00,170,0,722.0,18417985.40304709,5.56786703601108,5.2797783933518,394474.0,1052972.0,1229063.7889700488,1826542.684336898,59936351.0,0.0,1842161.5845173325,1381995.1184685738,33.0,100.0,197.0,5.0,33.0,0.0,0.0,0.0,96.49920749383531,141.26541123675443,0.0,0.0,0.628808864265928,322507.9591529015,158991.73285301667,6595995.24550706,336003.50842154725,732.0,16856040.86748634,5.58879781420765,4.815573770491803,344518.0,1171419.0,1824619.4153972352,1292273.1056927608,59000000.0,0.0,2286966.0197874326,979458.5257144964,29.0,145.0,160.0,4.0,29.0,0.0,0.0,0.0,91.46106862152529,123.826594088866,0.0,130366.90122175265,0.5027322404371585,388661.0487352829,272304.895471286,5080301.580043773,133169.60090527605,0.0,2018-02-28 03:51:00
2018-02-28 03:51:00,171,0,732.0,16856040.86748634,5.58879781420765,4.815573770491803,344518.0,1171419.0,1824619.4153972352,1292273.1056927608,59000000.0,0.0,2286966.0197874326,979458.5257144964,29.0,145.0,160.0,4.0,29.0,0.0,0.0,0.0,91.46106862152529,123.826594088866,0.0,130366.90122175265,0.5027322404371585,388661.0487352829,272304.895471286,5080301.580043773,133169.60090527605,700.0,16144763.07,5.198571428571428,4.1,351791.0,564944.0,1297726.228826899,2113654.444846359,84926124.0,0.0,1837719.9009903288,1892627.334184024,91.0,235.0,143.0,6.0,91.0,0.0,0.0,0.0,74.94750027247386,110.23885125369388,0.0,0.0,0.4442857142857143,337745.87496603164,267354.65512147255,6282092.57898723,417922.4024663386,0.0,2018-02-28 03:52:00
2018-02-28 03:52:00,172,0,700.0,16144763.07,5.198571428571428,4.1,351791.0,564944.0,1297726.228826899,2113654.444846359,84926124.0,0.0,1837719.9009903288,1892627.334184024,91.0,235.0,143.0,6.0,91.0,0.0,0.0,0.0,74.94750027247386,110.23885125369388,0.0,0.0,0.4442857142857143,337745.87496603164,267354.65512147255,6282092.57898723,417922.4024663386,1197.0,15409799.6716792,4.922305764411028,4.236424394319132,470746.0,1460763.0,1097573.0200517073,1585652.394010766,86400000.0,0.0,1607228.3607683992,1234099.2606564416,83.0,276.0,277.0,16.0,83.0,0.0,0.0,0.0,80.82280604743617,112.55961237531832,0.0,0.0,0.6015037593984962,225897.636297296,168284.69701105985,5643617.376528399,299963.0598486804,0.0,2018-02-28 03:53:00
2018-02-28 03:53:00,173,0,1197.0,15409799.6716792,4.922305764411028,4.236424394319132,470746.0,1460763.0,1097573.0200517073,1585652.394010766,86400000.0,0.0,1607228.3607683992,1234099.2606564416,83.0,276.0,277.0,16.0,83.0,0.0,0.0,0.0,80.82280604743617,112.55961237531832,0.0,0.0,0.6015037593984962,225897.636297296,168284.69701105985,5643617.376528399,299963.0598486804,705.0,17578516.25957447,5.521985815602837,4.887943262411348,313725.0,1089982.0,1794134.785642211,1631295.0107029802,59936526.0,0.0,2402930.88405669,1210798.0155949309,51.0,171.0,175.0,6.0,51.0,0.0,0.0,0.0,83.83658516167093,122.17645368074312,0.0,883492.1188285375,0.5347517730496454,242032.072437624,144348.61314671038,5539961.242651179,560392.8539784277,0.0,2018-02-28 03:54:00
2018-02-28 03:54:00,174,0,705.0,17578516.25957447,5.521985815602837,4.887943262411348,313725.0,1089982.0,1794134.785642211,1631295.0107029802,59936526.0,0.0,2402930.88405669,1210798.0155949309,51.0,171.0,175.0,6.0,51.0,0.0,0.0,0.0,83.83658516167093,122.17645368074312,0.0,883492.1188285375,0.5347517730496454,242032.072437624,144348.61314671038,5539961.242651179,560392.8539784277,593.0,12277267.347386172,10.42158516020236,6.571669477234401,3813067.0,439239.0,1298415.68011998,1331056.5701437946,100670330.0,0.0,1625051.3100058236,744014.7610094707,79.0,205.0,119.0,10.0,79.0,0.0,0.0,0.0,74.21311476168111,108.88115585131013,0.0,715983.3885061588,0.4198988195615514,837094.8776914892,437996.0920595532,3705538.4094180223,227239.1013106641,0.0,2018-02-28 03:55:00
2018-02-28 03:55:00,175,0,593.0,12277267.347386172,10.42158516020236,6.571669477234401,3813067.0,439239.0,1298415.68011998,1331056.5701437946,100670330.0,0.0,1625051.3100058236,744014.7610094707,79.0,205.0,119.0,10.0,79.0,0.0,0.0,0.0,74.21311476168111,108.88115585131013,0.0,715983.3885061588,0.4198988195615514,837094.8776914892,437996.0920595532,3705538.4094180223,227239.1013106641,998.0,12017332.926853709,5.094188376753507,4.645290581162325,393529.0,1806293.0,1210085.7978216494,1375528.6557042098,59921606.0,0.0,1620327.489986329,885794.4264860859,122.0,314.0,238.0,14.0,122.0,0.0,0.0,0.0,87.43837604747074,125.10154931820672,0.0,749359.8916884724,0.5511022044088176,115647.62391589176,76823.22278208181,4831731.786405962,111585.5109055398,0.0,2018-02-28 03:56:00
2018-02-28 03:56:00,176,0,998.0,12017332.926853709,5.094188376753507,4.645290581162325,393529.0,1806293.0,1210085.7978216494,1375528.6557042098,59921606.0,0.0,1620327.489986329,885794.4264860859,122.0,314.0,238.0,14.0,122.0,0.0,0.0,0.0,87.43837604747074,125.10154931820672,0.0,749359.8916884724,0.5511022044088176,115647.62391589176,76823.22278208181,4831731.786405962,111585.5109055398,631.0,15480773.535657687,7.288431061806656,17.042789223454832,524889.0,11655160.0,1679866.7509366137,1324574.9581368098,58900000.0,0.0,2091550.3895489608,1052202.2813426417,39.0,149.0,219.0,4.0,39.0,0.0,0.0,0.0,101.37325666204406,139.33122080244962,0.0,564636.0828686538,0.5562599049128367,712084.1206128908,280036.7526431804,4466132.320437581,363965.5595143121,0.0,2018-02-28 03:57:00
2018-02-28 03:57:00,177,0,631.0,15480773.535657687,7.288431061806656,17.042789223454832,524889.0,11655160.0,1679866.7509366137,1324574.9581368098,58900000.0,0.0,2091550.3895489608,1052202.2813426417,39.0,149.0,219.0,4.0,39.0,0.0,0.0,0.0,101.37325666204406,139.33122080244962,0.0,564636.0828686538,0.5562599049128367,712084.1206128908,280036.7526431804,4466132.320437581,363965.5595143121,587.0,13437057.747870527,5.017035775127768,4.374787052810903,253590.0,583191.0,1273660.719965045,1476808.5054106943,59939542.0,0.0,1812882.214959739,1365293.0094433865,20.0,114.0,162.0,0.0,20.0,0.0,0.0,0.0,86.72437043333102,129.54148260696388,0.0,138696.64289424257,0.5672913117546848,249801.82359488777,204888.39815355244,4580949.428756108,406521.5245784696,0.0,2018-02-28 03:58:00
2018-02-28 03:58:00,178,0,587.0,13437057.747870527,5.017035775127768,4.374787052810903,253590.0,583191.0,1273660.719965045,1476808.5054106943,59939542.0,0.0,1812882.214959739,1365293.0094433865,20.0,114.0,162.0,0.0,20.0,0.0,0.0,0.0,86.72437043333102,129.54148260696388,0.0,138696.64289424257,0.5672913117546848,249801.82359488777,204888.39815355244,4580949.428756108,406521.5245784696,1055.0,13057868.908056872,4.62654028436019,4.102369668246445,404493.0,1319694.0,1368023.6338858788,1129247.406686901,59356152.0,0.0,1828285.7958398776,920419.0810739006,72.0,244.0,237.0,4.0,72.0,0.0,0.0,0.0,87.80176971177279,125.33490637136292,0.0,0.0,0.637914691943128,181147.90114895927,110359.2878211724,4394708.074254939,230981.9802874507,0.0,2018-02-28 03:59:00
2018-02-28 03:59:00,179,0,1055.0,13057868.908056872,4.62654028436019,4.102369668246445,404493.0,1319694.0,1368023.6338858788,1129247.406686901,59356152.0,0.0,1828285.7958398776,920419.0810739006,72.0,244.0,237.0,4.0,72.0,0.0,0.0,0.0,87.80176971177279,125.33490637136292,0.0,0.0,0.637914691943128,181147.90114895927,110359.2878211724,4394708.074254939,230981.9802874507,900.0,14330254.09111111,5.547777777777778,4.807777777777778,355645.0,1517752.0,1288278.7049920298,1421993.2867800577,59801950.0,0.0,1762906.0350529477,1133306.3083108668,53.0,175.0,230.0,5.0,53.0,0.0,0.0,0.0,99.66068958131878,140.70063966429024,0.0,296268.681702101,0.6144444444444445,500494.3632115269,116959.42475436765,5240303.682066425,343185.39314242813,0.0,2018-02-28 04:00:00
2018-02-28 04:00:00,180,0,900.0,14330254.09111111,5.547777777777778,4.807777777777778,355645.0,1517752.0,1288278.7049920298,1421993.2867800577,59801950.0,0.0,1762906.0350529477,1133306.3083108668,53.0,175.0,230.0,5.0,53.0,0.0,0.0,0.0,99.66068958131878,140.70063966429024,0.0,296268.681702101,0.6144444444444445,500494.3632115269,116959.42475436765,5240303.682066425,343185.39314242813,1082.0,16386272.271719038,5.154343807763401,4.905730129390019,421886.0,1921424.0,1014765.6915182436,1744626.2749097364,81200000.0,0.0,1549461.4628138612,1309964.3440543993,58.0,202.0,273.0,3.0,58.0,0.0,0.0,0.0,95.93897933652624,136.453351858228,0.0,0.0,0.6284658040665434,74733.76762172548,41875.26425370085,5374666.025294929,199221.43912145865,0.0,2018-02-28 04:01:00
2018-02-28 04:01:00,181,0,1082.0,16386272.271719038,5.154343807763401,4.905730129390019,421886.0,1921424.0,1014765.6915182436,1744626.2749097364,81200000.0,0.0,1549461.4628138612,1309964.3440543993,58.0,202.0,273.0,3.0,58.0,0.0,0.0,0.0,95.93897933652624,136.453351858228,0.0,0.0,0.6284658040665434,74733.76762172548,41875.26425370085,5374666.025294929,199221.43912145865,651.0,12850975.583717356,4.682027649769585,3.02457757296467,215638.0,312197.0,2711334.5442220266,1126207.5748734283,59842818.0,0.0,3016103.9460559567,1040795.2467920884,96.0,292.0,117.0,10.0,96.0,0.0,0.0,0.0,57.35688928165207,86.12371607957327,0.0,793221.5195046245,0.4301075268817204,683894.8825776232,385315.6121926142,4861297.365650574,618272.6515808236,0.0,2018-02-28 04:02:00
2018-02-28 04:02:00,182,0,651.0,12850975.583717356,4.682027649769585,3.02457757296467,215638.0,312197.0,2711334.5442220266,1126207.5748734283,59842818.0,0.0,3016103.9460559567,1040795.2467920884,96.0,292.0,117.0,10.0,96.0,0.0,0.0,0.0,57.35688928165207,86.12371607957327,0.0,793221.5195046245,0.4301075268817204,683894.8825776232,385315.6121926142,4861297.365650574,618272.6515808236,790.0,12388863.76455696,4.512658227848101,4.041772151898734,276233.0,1016403.0,1033736.4744490416,1287295.7017430554,60000000.0,0.0,1509102.6903075278,1007927.394397206,37.0,148.0,180.0,2.0,37.0,0.0,0.0,0.0,78.60343158987709,108.07086837814772,0.0,0.0,0.6303797468354431,206410.8253069302,153118.22112255183,3400831.239705907,219103.9302802861,0.0,2018-02-28 04:03:00
2018-02-28 04:03:00,183,0,790.0,12388863.76455696,4.512658227848101,4.041772151898734,276233.0,1016403.0,1033736.4744490416,1287295.7017430554,60000000.0,0.0,1509102.6903075278,1007927.394397206,37.0,148.0,180.0,2.0,37.0,0.0,0.0,0.0,78.60343158987709,108.07086837814772,0.0,0.0,0.6303797468354431,206410.8253069302,153118.22112255183,3400831.239705907,219103.9302802861,1828.0,14885234.81345733,4.965536105032823,4.802516411378556,570948.0,4434309.0,836044.9506989912,1488340.9676037298,59842795.0,0.0,1317176.0146835395,1003765.4156359724,144.0,398.0,391.0,9.0,144.0,0.0,0.0,0.0,87.85056077624371,117.70931149024678,0.0,0.0,0.6734135667396062,241300.2900844303,189919.4955957828,5256597.993028719,364740.43544896046,0.0,2018-02-28 04:04:00
2018-02-28 04:04:00,184,0,1828.0,14885234.81345733,4.965536105032823,4.802516411378556,570948.0,4434309.0,836044.9506989912,1488340.9676037298,59842795.0,0.0,1317176.0146835395,1003765.4156359724,144.0,398.0,391.0,9.0,144.0,0.0,0.0,0.0,87.85056077624371,117.70931149024678,0.0,0.0,0.6734135667396062,241300.2900844303,189919.4955957828,5256597.993028719,364740.43544896046,487.0,13527950.377823409,4.891170431211499,3.891170431211499,230134.0,383380.0,2613957.8872677432,1034613.9581093204,59900000.0,0.0,2927764.045175134,842505.2209345459,17.0,143.0,116.0,4.0,17.0,0.0,0.0,0.0,76.45605228585606,117.55783199737805,0.0,438891.2762169043,0.486652977412731,300309.3611836889,174491.86813088492,4234617.358935945,434288.9828591286,0.0,2018-02-28 04:05:00
2018-02-28 04:05:00,185,0,487.0,13527950.377823409,4.891170431211499,3.891170431211499,230134.0,383380.0,2613957.8872677432,1034613.9581093204,59900000.0,0.0,2927764.045175134,842505.2209345459,17.0,143.0,116.0,4.0,17.0,0.0,0.0,0.0,76.45605228585606,117.55783199737805,0.0,438891.2762169043,0.486652977412731,300309.3611836889,174491.86813088492,4234617.358935945,434288.9828591286,918.0,13247052.393246189,4.766884531590414,3.7777777777777777,328220.0,716750.0,950585.5359385922,1561632.8055959991,59936392.0,0.0,1457693.1001774117,1165519.516645872,50.0,203.0,186.0,1.0,50.0,0.0,0.0,0.0,76.83567205502527,107.30309186343376,0.0,0.0,0.616557734204793,614835.6952255291,138351.03107987368,5096317.212309376,261459.4433924865,0.0,2018-02-28 04:06:00
2018-02-28 04:06:00,186,0,918.0,13247052.393246189,4.766884531590414,3.7777777777777777,328220.0,716750.0,950585.5359385922,1561632.8055959991,59936392.0,0.0,1457693.1001774117,1165519.516645872,50.0,203.0,186.0,1.0,50.0,0.0,0.0,0.0,76.83567205502527,107.30309186343376,0.0,0.0,0.616557734204793,614835.6952255291,138351.03107987368,5096317.212309376,261459.4433924865,1531.0,14679361.455258,5.519921619856303,5.987589810581319,541754.0,5825169.0,772681.5017041666,1196393.2535988502,59789704.0,0.0,1214414.837855904,847090.5479926043,125.0,380.0,383.0,9.0,125.0,0.0,0.0,0.0,93.86681716981796,123.80696591662672,0.0,0.0,0.6303069888961463,119600.44202427375,79823.28058347563,4306269.907991522,85949.64959950093,0.0,2018-02-28 04:07:00
2018-02-28 04:07:00,187,0,1531.0,14679361.455258,5.519921619856303,5.987589810581319,541754.0,5825169.0,772681.5017041666,1196393.2535988502,59789704.0,0.0,1214414.837855904,847090.5479926043,125.0,380.0,383.0,9.0,125.0,0.0,0.0,0.0,93.86681716981796,123.80696591662672,0.0,0.0,0.6303069888961463,119600.44202427375,79823.28058347563,4306269.907991522,85949.64959950093,994.0,16261910.1750503,6.664989939637827,6.8843058350100605,391085.0,4034996.0,1721591.8777025717,1477423.6145010595,59937203.0,0.0,2140783.479853628,1256354.817200925,50.0,212.0,199.0,4.0,50.0,0.0,0.0,0.0,87.57090160208872,119.21521167014868,0.0,116042.82055716366,0.6126760563380281,431319.11666308,198954.27005276643,5184130.939698703,244674.0211798193,0.0,2018-02-28 04:08:00
2018-02-28 04:08:00,188,0,994.0,16261910.1750503,6.664989939637827,6.8843058350100605,391085.0,4034996.0,1721591.8777025717,1477423.6145010595,59937203.0,0.0,2140783.479853628,1256354.817200925,50.0,212.0,199.0,4.0,50.0,0.0,0.0,0.0,87.57090160208872,119.21521167014868,0.0,116042.82055716366,0.6126760563380281,431319.11666308,198954.27005276643,5184130.939698703,244674.0211798193,1008.0,10702475.6875,4.504960317460317,4.143849206349207,346861.0,1693284.0,689353.0171355335,894436.0193843915,58921433.0,0.0,1052784.1406443038,632848.3087297253,91.0,316.0,196.0,5.0,91.0,0.0,0.0,0.0,81.93746912022787,111.15629694094764,0.0,0.0,0.5833333333333334,212461.85520684763,214512.94984625632,2981042.790606331,192385.1903653734,0.0,2018-02-28 04:09:00
2018-02-28 04:09:00,189,0,1008.0,10702475.6875,4.504960317460317,4.143849206349207,346861.0,1693284.0,689353.0171355335,894436.0193843915,58921433.0,0.0,1052784.1406443038,632848.3087297253,91.0,316.0,196.0,5.0,91.0,0.0,0.0,0.0,81.93746912022787,111.15629694094764,0.0,0.0,0.5833333333333334,212461.85520684763,214512.94984625632,2981042.790606331,192385.1903653734,1204.0,13046230.068106312,5.062292358803987,6.397840531561462,388528.0,5195337.0,1017793.9748537012,1162545.3838387,59936670.0,0.0,1394565.8593220944,804953.5214015909,112.0,332.0,217.0,9.0,112.0,0.0,0.0,0.0,85.26556534416662,104.0202353247941,0.0,0.0,0.6694352159468439,264349.62918016926,229244.5939598549,3648773.006356219,349333.04138401133,0.0,2018-02-28 04:10:00
2018-02-28 04:10:00,190,0,1204.0,13046230.068106312,5.062292358803987,6.397840531561462,388528.0,5195337.0,1017793.9748537012,1162545.3838387,59936670.0,0.0,1394565.8593220944,804953.5214015909,112.0,332.0,217.0,9.0,112.0,0.0,0.0,0.0,85.26556534416662,104.0202353247941,0.0,0.0,0.6694352159468439,264349.62918016926,229244.5939598549,3648773.006356219,349333.04138401133,740.0,10878603.36081081,5.2472972972972975,4.052702702702702,321289.0,923318.0,1361472.9069493066,820163.9039947054,67836422.0,0.0,1607438.84598279,543329.8814857777,65.0,235.0,164.0,8.0,65.0,0.0,0.0,0.0,85.28756594597162,130.3705976181876,0.0,0.0,0.4824324324324324,355038.99178087106,236844.19624137584,2836070.375253097,230728.2863800109,0.0,2018-02-28 04:11:00
2018-02-28 04:11:00,191,0,740.0,10878603.36081081,5.2472972972972975,4.052702702702702,321289.0,923318.0,1361472.9069493066,820163.9039947054,67836422.0,0.0,1607438.84598279,543329.8814857777,65.0,235.0,164.0,8.0,65.0,0.0,0.0,0.0,85.28756594597162,130.3705976181876,0.0,0.0,0.4824324324324324,355038.99178087106,236844.19624137584,2836070.375253097,230728.2863800109,734.0,10860589.551771116,5.6580381471389645,4.583106267029973,262483.0,724052.0,1077441.5855064937,1146788.8671288344,67200000.0,0.0,1378248.2854260434,906715.6329972406,80.0,263.0,169.0,7.0,80.0,0.0,0.0,0.0,75.54095897891499,113.90848068087531,0.0,0.0,0.4564032697547684,326409.92556501145,189463.65101162368,2942591.3692629947,307974.77423093613,0.0,2018-02-28 04:12:00
2018-02-28 04:12:00,192,0,734.0,10860589.551771116,5.6580381471389645,4.583106267029973,262483.0,724052.0,1077441.5855064937,1146788.8671288344,67200000.0,0.0,1378248.2854260434,906715.6329972406,80.0,263.0,169.0,7.0,80.0,0.0,0.0,0.0,75.54095897891499,113.90848068087531,0.0,0.0,0.4564032697547684,326409.92556501145,189463.65101162368,2942591.3692629947,307974.77423093613,1421.0,17542205.266713582,5.1182266009852215,4.763546798029557,504940.0,2490725.0,1144866.8752752158,1522430.191441449,59000000.0,0.0,1699834.0420767388,1068930.3576811715,93.0,266.0,394.0,0.0,93.0,0.0,0.0,0.0,97.33949814116166,139.52467314954174,0.0,0.0,0.6579873328641802,220940.51253972703,128869.8278459358,5605563.488602258,165138.32111877578,0.0,2018-02-28 04:13:00
2018-02-28 04:13:00,193,0,1421.0,17542205.266713582,5.1182266009852215,4.763546798029557,504940.0,2490725.0,1144866.8752752158,1522430.191441449,59000000.0,0.0,1699834.0420767388,1068930.3576811715,93.0,266.0,394.0,0.0,93.0,0.0,0.0,0.0,97.33949814116166,139.52467314954174,0.0,0.0,0.6579873328641802,220940.51253972703,128869.8278459358,5605563.488602258,165138.32111877578,758.0,16443772.726912929,6.241424802110818,5.687335092348285,293248.0,1235792.0,1323039.024272839,1523755.108129878,87748359.0,0.0,1808464.8177529385,1069927.431882491,42.0,176.0,196.0,6.0,42.0,0.0,0.0,0.0,92.06717759211992,137.91326705360146,0.0,0.0,0.6081794195250659,408506.3296082172,299127.10399346915,5358220.715596454,446192.0917034964,0.0,2018-02-28 04:14:00
2018-02-28 04:14:00,194,0,758.0,16443772.726912929,6.241424802110818,5.687335092348285,293248.0,1235792.0,1323039.024272839,1523755.108129878,87748359.0,0.0,1808464.8177529385,1069927.431882491,42.0,176.0,196.0,6.0,42.0,0.0,0.0,0.0,92.06717759211992,137.91326705360146,0.0,0.0,0.6081794195250659,408506.3296082172,299127.10399346915,5358220.715596454,446192.0917034964,593.0,7422756.21079258,4.790893760539629,3.590219224283305,282035.0,410848.0,713838.3447588106,748638.3810362185,58824452.0,0.0,875683.5188034622,632092.6050846853,19.0,195.0,135.0,1.0,19.0,0.0,0.0,0.0,78.45273224648818,123.99384650241298,0.0,0.0,0.5935919055649241,326604.80709435657,317510.78190498427,1811155.0972096925,223882.6388181256,0.0,2018-02-28 04:15:00
2018-02-28 04:15:00,195,0,593.0,7422756.21079258,4.790893760539629,3.590219224283305,282035.0,410848.0,713838.3447588106,748638.3810362185,58824452.0,0.0,875683.5188034622,632092.6050846853,19.0,195.0,135.0,1.0,19.0,0.0,0.0,0.0,78.45273224648818,123.99384650241298,0.0,0.0,0.5935919055649241,326604.80709435657,317510.78190498427,1811155.0972096925,223882.6388181256,1022.0,15141816.345401172,4.909980430528376,4.069471624266145,368039.0,1106909.0,1818889.4529582963,1623988.590405306,59936407.0,0.0,2306551.976325878,1335453.729650363,147.0,348.0,213.0,8.0,147.0,0.0,0.0,0.0,75.58260929795607,109.20028887735802,0.0,0.0,0.5557729941291585,146212.26965562024,108501.86704302886,5378893.760154574,393455.58776657534,0.0,2018-02-28 04:16:00
2018-02-28 04:16:00,196,0,1022.0,15141816.345401172,4.909980430528376,4.069471624266145,368039.0,1106909.0,1818889.4529582963,1623988.590405306,59936407.0,0.0,2306551.976325878,1335453.729650363,147.0,348.0,213.0,8.0,147.0,0.0,0.0,0.0,75.58260929795607,109.20028887735802,0.0,0.0,0.5557729941291585,146212.26965562024,108501.86704302886,5378893.760154574,393455.58776657534,477.0,11312381.459119497,4.8742138364779874,3.7127882599580713,203492.0,463490.0,975497.31205564,880212.5234503163,58911593.0,0.0,1294347.3177325297,863711.7886637625,32.0,129.0,80.0,2.0,32.0,0.0,0.0,0.0,75.49476279174613,100.85973125570273,0.0,0.0,0.6016771488469602,643422.0070980084,405342.63765376864,2256703.28900716,482218.3233803681,0.0,2018-02-28 04:17:00
2018-02-28 04:17:00,197,0,477.0,11312381.459119497,4.8742138364779874,3.7127882599580713,203492.0,463490.0,975497.31205564,880212.5234503163,58911593.0,0.0,1294347.3177325297,863711.7886637625,32.0,129.0,80.0,2.0,32.0,0.0,0.0,0.0,75.49476279174613,100.85973125570273,0.0,0.0,0.6016771488469602,643422.0070980084,405342.63765376864,2256703.28900716,482218.3233803681,900.0,15706780.865555556,4.7188888888888885,4.528888888888889,311608.0,1375417.0,1076137.317075843,1706453.9875885695,59937885.0,0.0,1684906.149424579,1311469.4360787491,45.0,207.0,175.0,2.0,45.0,0.0,0.0,0.0,87.85527794749945,123.24943343331556,0.0,0.0,0.6511111111111111,184966.8633761587,46561.03614296698,5173549.998905694,277761.6025081739,0.0,2018-02-28 04:18:00
2018-02-28 04:18:00,198,0,900.0,15706780.865555556,4.7188888888888885,4.528888888888889,311608.0,1375417.0,1076137.317075843,1706453.9875885695,59937885.0,0.0,1684906.149424579,1311469.4360787491,45.0,207.0,175.0,2.0,45.0,0.0,0.0,0.0,87.85527794749945,123.24943343331556,0.0,0.0,0.6511111111111111,184966.8633761587,46561.03614296698,5173549.998905694,277761.6025081739,840.0,16404681.26904762,5.166666666666667,4.241666666666666,292564.0,1169129.0,1900490.5356608783,1441323.177919598,58907700.0,0.0,2380503.163387849,1065129.5937754023,61.0,205.0,146.0,5.0,61.0,0.0,0.0,0.0,71.06305012031524,96.01996021117868,0.0,0.0,0.5761904761904761,571454.0669893788,292564.88959435205,5796182.671918521,564992.2880385335,0.0,2018-02-28 04:19:00
2018-02-28 04:19:00,199,0,840.0,16404681.26904762,5.166666666666667,4.241666666666666,292564.0,1169129.0,1900490.5356608783,1441323.177919598,58907700.0,0.0,2380503.163387849,1065129.5937754023,61.0,205.0,146.0,5.0,61.0,0.0,0.0,0.0,71.06305012031524,96.01996021117868,0.0,0.0,0.5761904761904761,571454.0669893788,292564.88959435205,5796182.671918521,564992.2880385335,849.0,13968329.090694936,4.4946996466431095,3.9929328621908127,286100.0,846418.0,1107773.2144145605,1531321.3995974322,59936325.0,0.0,1587198.1443723368,1266506.3812893296,28.0,162.0,177.0,2.0,28.0,0.0,0.0,0.0,80.38216291649776,112.33434928236902,0.0,0.0,0.6395759717314488,206333.4485323256,44087.24901441684,5027228.097137721,263311.6201405768,0.0,2018-02-28 04:20:00
2018-02-28 04:20:00,200,0,849.0,13968329.090694936,4.4946996466431095,3.9929328621908127,286100.0,846418.0,1107773.2144145605,1531321.3995974322,59936325.0,0.0,1587198.1443723368,1266506.3812893296,28.0,162.0,177.0,2.0,28.0,0.0,0.0,0.0,80.38216291649776,112.33434928236902,0.0,0.0,0.6395759717314488,206333.4485323256,44087.24901441684,5027228.097137721,263311.6201405768,874.0,13630661.819221968,4.795194508009153,4.183066361556064,278932.0,1507902.0,1129762.1415018744,1512089.437813423,63219506.0,0.0,1653457.1080232658,1030517.9833191944,70.0,218.0,149.0,3.0,70.0,0.0,0.0,0.0,82.51028222593719,96.8980055559698,0.0,494939.50159231975,0.6109839816933639,458605.0551279436,267767.7512151774,4838523.070341037,608693.4811949044,0.0,2018-02-28 04:21:00
2018-02-28 04:21:00,201,0,874.0,13630661.819221968,4.795194508009153,4.183066361556064,278932.0,1507902.0,1129762.1415018744,1512089.437813423,63219506.0,0.0,1653457.1080232658,1030517.9833191944,70.0,218.0,149.0,3.0,70.0,0.0,0.0,0.0,82.51028222593719,96.8980055559698,0.0,494939.50159231975,0.6109839816933639,458605.0551279436,267767.7512151774,4838523.070341037,608693.4811949044,1366.0,16221727.721083457,4.446559297218156,4.009516837481699,378774.0,1686130.0,1375529.0892517385,1741138.7339841786,97200000.0,0.0,2018146.992618751,1308736.2804631467,113.0,282.0,310.0,2.0,113.0,0.0,0.0,0.0,83.72812187045908,111.87973615735731,0.0,0.0,0.6427525622254758,112025.37778436264,39992.57461768879,5770906.741235021,277939.0141142774,0.0,2018-02-28 04:22:00
2018-02-28 04:22:00,202,0,1366.0,16221727.721083457,4.446559297218156,4.009516837481699,378774.0,1686130.0,1375529.0892517385,1741138.7339841786,97200000.0,0.0,2018146.992618751,1308736.2804631467,113.0,282.0,310.0,2.0,113.0,0.0,0.0,0.0,83.72812187045908,111.87973615735731,0.0,0.0,0.6427525622254758,112025.37778436264,39992.57461768879,5770906.741235021,277939.0141142774,842.0,10343476.580760095,4.648456057007126,3.4085510688836105,258631.0,777064.0,1082209.1400958763,1302470.9328477872,64104250.0,0.0,1499869.7951573606,1048447.5290449156,109.0,293.0,103.0,6.0,109.0,0.0,0.0,0.0,67.89031485770808,90.46221906780131,0.0,0.0,0.5344418052256532,409969.1283524631,223933.30456525428,3572633.252787714,455063.3703052153,0.0,2018-02-28 04:23:00
2018-02-28 04:23:00,203,0,842.0,10343476.580760095,4.648456057007126,3.4085510688836105,258631.0,777064.0,1082209.1400958763,1302470.9328477872,64104250.0,0.0,1499869.7951573606,1048447.5290449156,109.0,293.0,103.0,6.0,109.0,0.0,0.0,0.0,67.89031485770808,90.46221906780131,0.0,0.0,0.5344418052256532,409969.1283524631,223933.30456525428,3572633.252787714,455063.3703052153,558.0,15498316.421146952,4.408602150537634,3.7455197132616487,201311.0,481454.0,2041342.442985404,2226745.2112867283,59936560.0,0.0,2598441.2378995367,976140.191532724,73.0,225.0,57.0,6.0,73.0,0.0,0.0,0.0,62.17042206313817,79.46343259635752,0.0,1377342.619674438,0.5645161290322581,132366.27430972733,62240.1329401063,6465379.625347671,602083.6096365316,0.0,2018-02-28 04:24:00
2018-02-28 04:24:00,204,0,558.0,15498316.421146952,4.408602150537634,3.7455197132616487,201311.0,481454.0,2041342.442985404,2226745.2112867283,59936560.0,0.0,2598441.2378995367,976140.191532724,73.0,225.0,57.0,6.0,73.0,0.0,0.0,0.0,62.17042206313817,79.46343259635752,0.0,1377342.619674438,0.5645161290322581,132366.27430972733,62240.1329401063,6465379.625347671,602083.6096365316,805.0,15055976.190062111,4.691925465838509,3.629813664596273,251658.0,810972.0,1496222.9627030806,1244242.9965495158,99200000.0,0.0,1979865.3996101827,1169077.0843408655,106.0,253.0,168.0,8.0,106.0,0.0,0.0,0.0,66.08212691940882,92.3415540808015,0.0,0.0,0.4832298136645963,348589.4643565606,222507.9328295884,4145826.112949348,382926.1249461882,0.0,2018-02-28 04:25:00
2018-02-28 04:25:00,205,0,805.0,15055976.190062111,4.691925465838509,3.629813664596273,251658.0,810972.0,1496222.9627030806,1244242.9965495158,99200000.0,0.0,1979865.3996101827,1169077.0843408655,106.0,253.0,168.0,8.0,106.0,0.0,0.0,0.0,66.08212691940882,92.3415540808015,0.0,0.0,0.4832298136645963,348589.4643565606,222507.9328295884,4145826.112949348,382926.1249461882,397.0,10334519.813602015,4.425692695214106,3.0806045340050376,115337.0,219616.0,1579227.0801273417,1346426.558317009,59936425.0,0.0,1912892.9284399024,686420.3057600266,25.0,77.0,85.0,0.0,25.0,0.0,0.0,0.0,67.5668464446932,87.75008327631839,0.0,0.0,0.5843828715365239,641816.6741034029,10174.23911011666,3917032.5986321326,153584.15488660682,0.0,2018-02-28 04:26:00
2018-02-28 04:26:00,206,0,397.0,10334519.813602015,4.425692695214106,3.0806045340050376,115337.0,219616.0,1579227.0801273417,1346426.558317009,59936425.0,0.0,1912892.9284399024,686420.3057600266,25.0,77.0,85.0,0.0,25.0,0.0,0.0,0.0,67.5668464446932,87.75008327631839,0.0,0.0,0.5843828715365239,641816.6741034029,10174.23911011666,3917032.5986321326,153584.15488660682,1128.0,16991278.985815603,5.024822695035461,4.586879432624113,370379.0,2009188.0,1323821.2155310288,1594687.8152369545,59809164.0,0.0,1833573.753661044,1223458.7986742002,79.0,213.0,289.0,4.0,79.0,0.0,0.0,0.0,81.79482801166436,110.11951175334592,0.0,0.0,0.6347517730496454,239813.8325844256,160820.75438499107,5155299.600439889,417248.44977528485,0.0,2018-02-28 04:27:00
2018-02-28 04:27:00,207,0,1128.0,16991278.985815603,5.024822695035461,4.586879432624113,370379.0,2009188.0,1323821.2155310288,1594687.8152369545,59809164.0,0.0,1833573.753661044,1223458.7986742002,79.0,213.0,289.0,4.0,79.0,0.0,0.0,0.0,81.79482801166436,110.11951175334592,0.0,0.0,0.6347517730496454,239813.8325844256,160820.75438499107,5155299.600439889,417248.44977528485,1222.0,17062682.569558103,5.064648117839607,5.041734860883797,447260.0,2290689.0,1089423.674514079,1483267.890156346,71000000.0,0.0,1656507.8859848832,1140864.3376769486,81.0,183.0,290.0,6.0,81.0,0.0,0.0,0.0,88.84848547610237,117.1263883998225,0.0,0.0,0.6800327332242226,159641.68641963796,104132.320283161,5716380.131480395,184560.6268287712,0.0,2018-02-28 04:28:00
2018-02-28 04:28:00,208,0,1222.0,17062682.569558103,5.064648117839607,5.041734860883797,447260.0,2290689.0,1089423.674514079,1483267.890156346,71000000.0,0.0,1656507.8859848832,1140864.3376769486,81.0,183.0,290.0,6.0,81.0,0.0,0.0,0.0,88.84848547610237,117.1263883998225,0.0,0.0,0.6800327332242226,159641.68641963796,104132.320283161,5716380.131480395,184560.6268287712,736.0,13481350.994565217,4.096467391304348,3.566576086956522,213752.0,760404.0,1064943.853215514,1582499.9284766458,59900000.0,0.0,1587110.9721388817,1193485.9513953894,40.0,170.0,120.0,6.0,40.0,0.0,0.0,0.0,73.58493711736915,94.84241611903776,0.0,0.0,0.6535326086956522,339603.9652297966,123516.64377012002,5046341.278213315,592929.7374848884,0.0,2018-02-28 04:29:00
2018-02-28 04:29:00,209,0,736.0,13481350.994565217,4.096467391304348,3.566576086956522,213752.0,760404.0,1064943.853215514,1582499.9284766458,59900000.0,0.0,1587110.9721388817,1193485.9513953894,40.0,170.0,120.0,6.0,40.0,0.0,0.0,0.0,73.58493711736915,94.84241611903776,0.0,0.0,0.6535326086956522,339603.9652297966,123516.64377012002,5046341.278213315,592929.7374848884,558.0,16872792.71863799,5.094982078853047,3.973118279569893,208232.0,638848.0,2336759.6731107,1520442.2289700836,59936399.0,0.0,2809957.1598310936,918662.1868846328,84.0,230.0,55.0,1.0,84.0,0.0,0.0,0.0,64.85899015315198,80.99278698639857,0.0,0.0,0.4946236559139785,699855.8942447392,86893.03120383804,5602465.067620112,306464.45046735386,0.0,2018-02-28 04:30:00
2018-02-28 04:30:00,210,0,558.0,16872792.71863799,5.094982078853047,3.973118279569893,208232.0,638848.0,2336759.6731107,1520442.2289700836,59936399.0,0.0,2809957.1598310936,918662.1868846328,84.0,230.0,55.0,1.0,84.0,0.0,0.0,0.0,64.85899015315198,80.99278698639857,0.0,0.0,0.4946236559139785,699855.8942447392,86893.03120383804,5602465.067620112,306464.45046735386,1950.0,14954733.772307692,4.425128205128205,4.513846153846154,628285.0,3758721.0,823758.7254908382,1645164.5394200585,60800000.0,0.0,1317584.5678786563,967073.4791159348,158.0,332.0,388.0,13.0,158.0,0.0,0.0,0.0,87.40423563117129,107.26998100452164,0.0,0.0,0.7292307692307692,102283.9526139032,74041.27653153904,5964134.548208806,136814.54915023505,0.0,2018-02-28 04:31:00
2018-02-28 04:31:00,211,0,1950.0,14954733.772307692,4.425128205128205,4.513846153846154,628285.0,3758721.0,823758.7254908382,1645164.5394200585,60800000.0,0.0,1317584.5678786563,967073.4791159348,158.0,332.0,388.0,13.0,158.0,0.0,0.0,0.0,87.40423563117129,107.26998100452164,0.0,0.0,0.7292307692307692,102283.9526139032,74041.27653153904,5964134.548208806,136814.54915023505,518.0,14642698.457528958,5.615830115830116,5.515444015444015,206154.0,1495330.0,926019.2405975836,1096979.229512266,59936432.0,0.0,1313432.279254058,818995.4358626752,50.0,161.0,60.0,8.0,50.0,0.0,0.0,0.0,70.87616593196488,84.29906784964594,0.0,0.0,0.5772200772200772,863401.0701120538,534368.4575796984,3313254.59852064,560109.6120074092,0.0,2018-02-28 04:32:00
2018-02-28 04:32:00,212,0,518.0,14642698.457528958,5.615830115830116,5.515444015444015,206154.0,1495330.0,926019.2405975836,1096979.229512266,59936432.0,0.0,1313432.279254058,818995.4358626752,50.0,161.0,60.0,8.0,50.0,0.0,0.0,0.0,70.87616593196488,84.29906784964594,0.0,0.0,0.5772200772200772,863401.0701120538,534368.4575796984,3313254.59852064,560109.6120074092,1172.0,14161007.505972696,4.401023890784983,4.023037542662116,527133.0,1141216.0,1537074.3426279272,1375723.5799448777,59834485.0,0.0,1985616.5311922,985533.6293851042,65.0,233.0,195.0,7.0,65.0,0.0,0.0,0.0,73.20316403669214,91.7044062803988,0.0,0.0,0.6527303754266212,187815.0612451276,145806.29308565025,4816832.491983613,203438.9908343145,0.0,2018-02-28 04:33:00
2018-02-28 04:33:00,213,0,1172.0,14161007.505972696,4.401023890784983,4.023037542662116,527133.0,1141216.0,1537074.3426279272,1375723.5799448777,59834485.0,0.0,1985616.5311922,985533.6293851042,65.0,233.0,195.0,7.0,65.0,0.0,0.0,0.0,73.20316403669214,91.7044062803988,0.0,0.0,0.6527303754266212,187815.0612451276,145806.29308565025,4816832.491983613,203438.9908343145,1322.0,17790334.56051437,5.920574886535552,6.513615733736763,467696.0,5721439.0,921721.9257528384,1611078.809367153,101072659.0,0.0,1583480.9183082406,1337503.4474345148,132.0,300.0,246.0,13.0,132.0,0.0,0.0,0.0,84.55809112271105,100.54738266892164,0.0,0.0,0.6679273827534039,280500.02875207504,150360.10915418953,5407192.335599384,302730.64650906523,0.0,2018-02-28 04:34:00
2018-02-28 04:34:00,214,0,1322.0,17790334.56051437,5.920574886535552,6.513615733736763,467696.0,5721439.0,921721.9257528384,1611078.809367153,101072659.0,0.0,1583480.9183082406,1337503.4474345148,132.0,300.0,246.0,13.0,132.0,0.0,0.0,0.0,84.55809112271105,100.54738266892164,0.0,0.0,0.6679273827534039,280500.02875207504,150360.10915418953,5407192.335599384,302730.64650906523,409.0,14959542.16381418,6.488997555012225,6.166259168704157,272934.0,1001124.0,1579127.337640189,1419840.9312627893,60026983.0,0.0,2038692.3890040568,982742.435893452,29.0,136.0,85.0,10.0,29.0,0.0,0.0,0.0,78.67916460148338,110.76160386377651,0.0,0.0,0.4474327628361858,815266.8718530814,423034.3103287544,4659862.781046134,385353.7873457737,0.0,2018-02-28 04:35:00
2018-02-28 04:35:00,215,0,409.0,14959542.16381418,6.488997555012225,6.166259168704157,272934.0,1001124.0,1579127.337640189,1419840.9312627893,60026983.0,0.0,2038692.3890040568,982742.435893452,29.0,136.0,85.0,10.0,29.0,0.0,0.0,0.0,78.67916460148338,110.76160386377651,0.0,0.0,0.4474327628361858,815266.8718530814,423034.3103287544,4659862.781046134,385353.7873457737,1083.0,18336188.039704524,6.460757156048015,8.375807940904894,398361.0,7823836.0,1499317.5221727826,1539254.2087028977,59936772.0,0.0,2078831.807069987,1226278.1425847234,100.0,265.0,207.0,9.0,100.0,0.0,0.0,0.0,81.21482480369059,103.03262806549928,0.0,283304.66828848416,0.6500461680517082,256024.84072766657,230880.89956191147,5610301.595702582,221558.91539373025,0.0,2018-02-28 04:36:00
2018-02-28 04:36:00,216,0,1083.0,18336188.039704524,6.460757156048015,8.375807940904894,398361.0,7823836.0,1499317.5221727826,1539254.2087028977,59936772.0,0.0,2078831.807069987,1226278.1425847234,100.0,265.0,207.0,9.0,100.0,0.0,0.0,0.0,81.21482480369059,103.03262806549928,0.0,283304.66828848416,0.6500461680517082,256024.84072766657,230880.89956191147,5610301.595702582,221558.91539373025,1692.0,16230337.68676123,5.40307328605201,5.34869976359338,1043009.0,4038235.0,691612.5639466438,1321291.905843169,59000000.0,0.0,1208001.227912432,1013925.5157024884,143.0,324.0,436.0,8.0,143.0,0.0,0.0,0.0,92.41204679885922,121.4978166353247,0.0,0.0,0.650709219858156,164205.99685409133,145558.7417580645,4427134.312905252,147466.04317807796,0.0,2018-02-28 04:37:00
2018-02-28 04:37:00,217,0,1692.0,16230337.68676123,5.40307328605201,5.34869976359338,1043009.0,4038235.0,691612.5639466438,1321291.905843169,59000000.0,0.0,1208001.227912432,1013925.5157024884,143.0,324.0,436.0,8.0,143.0,0.0,0.0,0.0,92.41204679885922,121.4978166353247,0.0,0.0,0.650709219858156,164205.99685409133,145558.7417580645,4427134.312905252,147466.04317807796,516.0,14578527.910852714,6.0523255813953485,5.226744186046512,280629.0,628942.0,1510229.1970261177,1391015.7346360164,59936718.0,0.0,2066567.1727350508,1280027.5818207678,27.0,148.0,138.0,0.0,27.0,0.0,0.0,0.0,79.10973707820038,117.1563692227407,0.0,956216.6111276052,0.5038759689922481,573849.9801426288,423155.7838446658,4185109.930158504,479214.28476277896,0.0,2018-02-28 04:38:00
2018-02-28 04:38:00,218,0,516.0,14578527.910852714,6.0523255813953485,5.226744186046512,280629.0,628942.0,1510229.1970261177,1391015.7346360164,59936718.0,0.0,2066567.1727350508,1280027.5818207678,27.0,148.0,138.0,0.0,27.0,0.0,0.0,0.0,79.10973707820038,117.1563692227407,0.0,956216.6111276052,0.5038759689922481,573849.9801426288,423155.7838446658,4185109.930158504,479214.28476277896,795.0,13924985.9081761,4.568553459119497,3.523270440251572,308478.0,516366.0,1857559.733487736,1333129.3567766887,83609908.0,0.0,2165607.694171287,917429.4133233584,140.0,378.0,117.0,12.0,140.0,0.0,0.0,0.0,56.46875493459585,77.79619663220315,0.0,0.0,0.4679245283018868,405682.9982280466,96489.97502164502,4608044.405322553,168263.21870774103,0.0,2018-02-28 04:39:00
2018-02-28 04:39:00,219,0,795.0,13924985.9081761,4.568553459119497,3.523270440251572,308478.0,516366.0,1857559.733487736,1333129.3567766887,83609908.0,0.0,2165607.694171287,917429.4133233584,140.0,378.0,117.0,12.0,140.0,0.0,0.0,0.0,56.46875493459585,77.79619663220315,0.0,0.0,0.4679245283018868,405682.9982280466,96489.97502164502,4608044.405322553,168263.21870774103,1410.0,15246851.231205674,5.253900709219858,5.443262411347518,534212.0,3977992.0,831037.5654683417,1344048.5702778683,98800000.0,0.0,1348381.1117442884,1200605.72514526,90.0,255.0,335.0,6.0,90.0,0.0,0.0,0.0,95.8826120104685,116.5789548043398,0.0,0.0,0.7226950354609929,261403.9205673677,101300.48592775504,4160554.041049609,180895.343235834,0.0,2018-02-28 04:40:00
2018-02-28 04:40:00,220,0,1410.0,15246851.231205674,5.253900709219858,5.443262411347518,534212.0,3977992.0,831037.5654683417,1344048.5702778683,98800000.0,0.0,1348381.1117442884,1200605.72514526,90.0,255.0,335.0,6.0,90.0,0.0,0.0,0.0,95.8826120104685,116.5789548043398,0.0,0.0,0.7226950354609929,261403.9205673677,101300.48592775504,4160554.041049609,180895.343235834,545.0,18563465.181651376,5.873394495412844,5.126605504587156,359554.0,496612.0,1934406.164297515,1665757.7360821792,60346922.0,0.0,2557258.6993175703,1336566.3101020968,44.0,126.0,127.0,1.0,44.0,0.0,0.0,0.0,80.70110053517101,115.53476630780422,0.0,0.0,0.5376146788990825,812281.8544094656,295446.2693137996,5200204.540383056,422075.9071979087,0.0,2018-02-28 04:41:00
2018-02-28 04:41:00,221,0,545.0,18563465.181651376,5.873394495412844,5.126605504587156,359554.0,496612.0,1934406.164297515,1665757.7360821792,60346922.0,0.0,2557258.6993175703,1336566.3101020968,44.0,126.0,127.0,1.0,44.0,0.0,0.0,0.0,80.70110053517101,115.53476630780422,0.0,0.0,0.5376146788990825,812281.8544094656,295446.2693137996,5200204.540383056,422075.9071979087,1026.0,14767386.314814815,4.522417153996101,3.717348927875244,347196.0,779568.0,1291473.2006147243,1268818.48254477,59936387.0,0.0,1752087.8464631743,1090660.692882567,64.0,225.0,196.0,2.0,64.0,0.0,0.0,0.0,72.81905559897592,95.34340469637962,0.0,0.0,0.6384015594541911,307954.6864694028,47695.62971790291,4280511.131244872,143528.62780594834,0.0,2018-02-28 04:42:00
2018-02-28 04:42:00,222,0,1026.0,14767386.314814815,4.522417153996101,3.717348927875244,347196.0,779568.0,1291473.2006147243,1268818.48254477,59936387.0,0.0,1752087.8464631743,1090660.692882567,64.0,225.0,196.0,2.0,64.0,0.0,0.0,0.0,72.81905559897592,95.34340469637962,0.0,0.0,0.6384015594541911,307954.6864694028,47695.62971790291,4280511.131244872,143528.62780594834,745.0,13971781.523489932,4.981208053691275,4.425503355704698,355952.0,691536.0,966557.8598623602,1299003.3020267845,58844713.0,0.0,1377377.47267569,863075.6160297829,75.0,215.0,164.0,10.0,75.0,0.0,0.0,0.0,71.12824676529276,99.62600147004416,0.0,0.0,0.5570469798657718,934604.0196900672,181033.4753950088,4614712.065864138,52042.30164599419,0.0,2018-02-28 04:43:00
2018-02-28 04:43:00,223,0,745.0,13971781.523489932,4.981208053691275,4.425503355704698,355952.0,691536.0,966557.8598623602,1299003.3020267845,58844713.0,0.0,1377377.47267569,863075.6160297829,75.0,215.0,164.0,10.0,75.0,0.0,0.0,0.0,71.12824676529276,99.62600147004416,0.0,0.0,0.5570469798657718,934604.0196900672,181033.4753950088,4614712.065864138,52042.30164599419,694.0,16579425.704610951,5.723342939481268,4.677233429394812,283834.0,1075593.0,1751055.9868701969,1392446.5933665151,59936416.0,0.0,2245519.968966568,1154907.9603972654,78.0,200.0,147.0,2.0,78.0,0.0,0.0,0.0,80.17079380935202,110.41592956297852,0.0,0.0,0.5331412103746398,588982.7157675003,165880.71949100523,5069645.985066224,247724.97596649744,0.0,2018-02-28 04:44:00
2018-02-28 04:44:00,224,0,694.0,16579425.704610951,5.723342939481268,4.677233429394812,283834.0,1075593.0,1751055.9868701969,1392446.5933665151,59936416.0,0.0,2245519.968966568,1154907.9603972654,78.0,200.0,147.0,2.0,78.0,0.0,0.0,0.0,80.17079380935202,110.41592956297852,0.0,0.0,0.5331412103746398,588982.7157675003,165880.71949100523,5069645.985066224,247724.97596649744,1420.0,16319654.683098592,4.915492957746479,5.580985915492958,486653.0,3716717.0,949170.6672151124,1272480.0464004194,59000000.0,0.0,1501941.1530170336,1026290.5369740603,65.0,220.0,360.0,8.0,65.0,0.0,0.0,0.0,88.9260888546974,111.54047589949816,0.0,0.0,0.7161971830985916,226518.1132728485,139855.17097018947,4296501.015320023,136521.0824975741,0.0,2018-02-28 04:45:00
2018-02-28 04:45:00,225,0,1420.0,16319654.683098592,4.915492957746479,5.580985915492958,486653.0,3716717.0,949170.6672151124,1272480.0464004194,59000000.0,0.0,1501941.1530170336,1026290.5369740603,65.0,220.0,360.0,8.0,65.0,0.0,0.0,0.0,88.9260888546974,111.54047589949816,0.0,0.0,0.7161971830985916,226518.1132728485,139855.17097018947,4296501.015320023,136521.0824975741,714.0,16963761.656862747,6.6120448179271705,5.775910364145658,521192.0,1727771.0,919270.55864075,1661562.0177641723,59936354.0,0.0,1445619.9952051693,1442004.5744461366,79.0,178.0,153.0,8.0,79.0,0.0,0.0,0.0,93.68531281243528,125.22791066977746,0.0,0.0,0.6022408963585434,373228.3906607343,231167.54608891383,5727005.09347201,228974.829915529,0.0,2018-02-28 04:46:00
2018-02-28 04:46:00,226,0,714.0,16963761.656862747,6.6120448179271705,5.775910364145658,521192.0,1727771.0,919270.55864075,1661562.0177641723,59936354.0,0.0,1445619.9952051693,1442004.5744461366,79.0,178.0,153.0,8.0,79.0,0.0,0.0,0.0,93.68531281243528,125.22791066977746,0.0,0.0,0.6022408963585434,373228.3906607343,231167.54608891383,5727005.09347201,228974.829915529,961.0,19546424.092611864,5.321540062434964,5.141519250780437,414493.0,1592812.0,1845023.0105830925,1689998.1108572166,58937162.0,0.0,2414360.2342452165,1108587.0681038343,52.0,209.0,234.0,5.0,52.0,0.0,0.0,0.0,82.60628898471208,112.76739175922631,0.0,0.0,0.6493236212278877,849734.8764790846,99202.48215955912,6481715.48081687,117168.38401576594,0.0,2018-02-28 04:47:00
2018-02-28 04:47:00,227,0,961.0,19546424.092611864,5.321540062434964,5.141519250780437,414493.0,1592812.0,1845023.0105830925,1689998.1108572166,58937162.0,0.0,2414360.2342452165,1108587.0681038343,52.0,209.0,234.0,5.0,52.0,0.0,0.0,0.0,82.60628898471208,112.76739175922631,0.0,0.0,0.6493236212278877,849734.8764790846,99202.48215955912,6481715.48081687,117168.38401576594,867.0,12087793.441753171,4.886966551326413,3.748558246828143,283396.0,684475.0,890700.7792103352,1142401.6554266296,59936407.0,0.0,1321252.8140437575,1151434.2108793852,104.0,274.0,212.0,8.0,104.0,0.0,0.0,0.0,73.38578630269977,107.28862041952976,0.0,0.0,0.5086505190311419,383730.26743699,251543.7314959385,2936725.279687578,184671.65731726223,0.0,2018-02-28 04:48:00
2018-02-28 04:48:00,228,0,867.0,12087793.441753171,4.886966551326413,3.748558246828143,283396.0,684475.0,890700.7792103352,1142401.6554266296,59936407.0,0.0,1321252.8140437575,1151434.2108793852,104.0,274.0,212.0,8.0,104.0,0.0,0.0,0.0,73.38578630269977,107.28862041952976,0.0,0.0,0.5086505190311419,383730.26743699,251543.7314959385,2936725.279687578,184671.65731726223,1425.0,15593810.111578949,4.891228070175439,5.00280701754386,462170.0,3207327.0,1008313.4356505682,1335639.307873776,89600000.0,0.0,1511642.082701465,923485.4270012432,97.0,294.0,324.0,6.0,97.0,0.0,0.0,0.0,84.95760091857636,108.16913610368783,0.0,0.0,0.68,357340.3367131092,107375.61078402656,4485808.463961152,198687.1823954088,0.0,2018-02-28 04:49:00
2018-02-28 04:49:00,229,0,1425.0,15593810.111578949,4.891228070175439,5.00280701754386,462170.0,3207327.0,1008313.4356505682,1335639.307873776,89600000.0,0.0,1511642.082701465,923485.4270012432,97.0,294.0,324.0,6.0,97.0,0.0,0.0,0.0,84.95760091857636,108.16913610368783,0.0,0.0,0.68,357340.3367131092,107375.61078402656,4485808.463961152,198687.1823954088,865.0,16472886.478612715,5.184971098265896,4.526011560693641,356579.0,1461900.0,1705931.675813314,1368550.3686743616,59936411.0,0.0,2180967.7717397674,1211941.789165218,100.0,267.0,188.0,10.0,100.0,0.0,0.0,0.0,78.32493371687654,105.50617701677628,0.0,0.0,0.5248554913294797,485667.3120689382,33652.754800126655,4954618.193389738,287707.08599178493,0.0,2018-02-28 04:50:00
2018-02-28 04:50:00,230,0,865.0,16472886.478612715,5.184971098265896,4.526011560693641,356579.0,1461900.0,1705931.675813314,1368550.3686743616,59936411.0,0.0,2180967.7717397674,1211941.789165218,100.0,267.0,188.0,10.0,100.0,0.0,0.0,0.0,78.32493371687654,105.50617701677628,0.0,0.0,0.5248554913294797,485667.3120689382,33652.754800126655,4954618.193389738,287707.08599178493,572.0,13760981.111888113,5.75,4.986013986013986,325258.0,495500.0,1036297.607301198,1160615.7432248795,58714827.0,0.0,1470196.091550631,931047.3749427564,22.0,153.0,126.0,1.0,22.0,0.0,0.0,0.0,77.54642062155227,106.44326111376644,0.0,0.0,0.5314685314685315,668776.288631685,336098.8691602014,3075683.10079893,250981.94981920085,0.0,2018-02-28 04:51:00
2018-02-28 04:51:00,231,0,572.0,13760981.111888113,5.75,4.986013986013986,325258.0,495500.0,1036297.607301198,1160615.7432248795,58714827.0,0.0,1470196.091550631,931047.3749427564,22.0,153.0,126.0,1.0,22.0,0.0,0.0,0.0,77.54642062155227,106.44326111376644,0.0,0.0,0.5314685314685315,668776.288631685,336098.8691602014,3075683.10079893,250981.94981920085,1008.0,10149583.094246032,4.571428571428571,3.816468253968254,379876.0,1028230.0,961993.9575055232,1125626.4028276622,79335651.0,0.0,1362674.280357668,847686.0685018762,107.0,254.0,208.0,6.0,107.0,0.0,0.0,0.0,83.93051518830327,109.2112214741628,0.0,0.0,0.564484126984127,172314.11190049452,215815.9049244869,3474142.223556416,224979.9572082824,0.0,2018-02-28 04:52:00
2018-02-28 04:52:00,232,0,1008.0,10149583.094246032,4.571428571428571,3.816468253968254,379876.0,1028230.0,961993.9575055232,1125626.4028276622,79335651.0,0.0,1362674.280357668,847686.0685018762,107.0,254.0,208.0,6.0,107.0,0.0,0.0,0.0,83.93051518830327,109.2112214741628,0.0,0.0,0.564484126984127,172314.11190049452,215815.9049244869,3474142.223556416,224979.9572082824,1466.0,17225211.598908596,5.395634379263302,7.85675306957708,532269.0,8650641.0,1197789.702321111,1542365.057501176,59942073.0,0.0,1757783.9143203688,1063797.8728068166,70.0,201.0,358.0,10.0,70.0,0.0,0.0,0.0,98.40760945456536,122.73634812990632,0.0,0.0,0.742837653478854,446551.5303244449,238275.86584309573,5899099.839319,262689.25428879267,0.0,2018-02-28 04:53:00
2018-02-28 04:53:00,233,0,1466.0,17225211.598908596,5.395634379263302,7.85675306957708,532269.0,8650641.0,1197789.702321111,1542365.057501176,59942073.0,0.0,1757783.9143203688,1063797.8728068166,70.0,201.0,358.0,10.0,70.0,0.0,0.0,0.0,98.40760945456536,122.73634812990632,0.0,0.0,0.742837653478854,446551.5303244449,238275.86584309573,5899099.839319,262689.25428879267,779.0,11231272.340179715,4.952503209242619,4.463414634146342,304982.0,1064054.0,949509.173712579,1330599.2077304,82068549.0,0.0,1461588.913414871,992872.1487771454,74.0,182.0,226.0,6.0,74.0,0.0,0.0,0.0,89.70293425887125,130.34753646600308,0.0,0.0,0.5815147625160462,271489.7686789212,154127.13191316288,4532180.508178961,549452.0590324182,0.0,2018-02-28 04:54:00
2018-02-28 04:54:00,234,0,779.0,11231272.340179715,4.952503209242619,4.463414634146342,304982.0,1064054.0,949509.173712579,1330599.2077304,82068549.0,0.0,1461588.913414871,992872.1487771454,74.0,182.0,226.0,6.0,74.0,0.0,0.0,0.0,89.70293425887125,130.34753646600308,0.0,0.0,0.5815147625160462,271489.7686789212,154127.13191316288,4532180.508178961,549452.0590324182,1295.0,12840759.374517374,4.669498069498069,4.04942084942085,391554.0,1822314.0,989418.6854460164,1345899.6341843484,65141456.0,0.0,1499889.407381527,1064057.4200783898,123.0,362.0,311.0,10.0,123.0,0.0,0.0,0.0,79.86781304169297,109.4396789884864,0.0,0.0,0.5644787644787644,264582.99669949146,98893.74504737368,4472926.716659453,337228.6036912119,0.0,2018-02-28 04:55:00
2018-02-28 04:55:00,235,0,1295.0,12840759.374517374,4.669498069498069,4.04942084942085,391554.0,1822314.0,989418.6854460164,1345899.6341843484,65141456.0,0.0,1499889.407381527,1064057.4200783898,123.0,362.0,311.0,10.0,123.0,0.0,0.0,0.0,79.86781304169297,109.4396789884864,0.0,0.0,0.5644787644787644,264582.99669949146,98893.74504737368,4472926.716659453,337228.6036912119,879.0,16781541.675767917,6.161547212741752,6.234357224118316,411429.0,3072818.0,1540582.3585666744,1432962.2959811145,99500000.0,0.0,2177264.543486795,1246197.186182544,37.0,152.0,283.0,4.0,37.0,0.0,0.0,0.0,117.58475399763084,156.4464328077711,0.0,0.0,0.6097838452787259,333280.4098394936,114909.59933233431,4850222.639202001,107787.44155499196,0.0,2018-02-28 04:56:00
2018-02-28 04:56:00,236,0,879.0,16781541.675767917,6.161547212741752,6.234357224118316,411429.0,3072818.0,1540582.3585666744,1432962.2959811145,99500000.0,0.0,2177264.543486795,1246197.186182544,37.0,152.0,283.0,4.0,37.0,0.0,0.0,0.0,117.58475399763084,156.4464328077711,0.0,0.0,0.6097838452787259,333280.4098394936,114909.59933233431,4850222.639202001,107787.44155499196,693.0,13241663.546897547,4.510822510822511,3.632034632034632,217037.0,687274.0,1540665.6164366412,1684040.968576596,74226349.0,0.0,1928749.0557650244,1010206.1148604162,35.0,213.0,134.0,4.0,35.0,0.0,0.0,0.0,68.34744476852265,94.73367776115828,0.0,0.0,0.5786435786435786,388101.3337872523,177955.71410070555,5372477.30017567,96549.11118005612,0.0,2018-02-28 04:57:00
2018-02-28 04:57:00,237,0,693.0,13241663.546897547,4.510822510822511,3.632034632034632,217037.0,687274.0,1540665.6164366412,1684040.968576596,74226349.0,0.0,1928749.0557650244,1010206.1148604162,35.0,213.0,134.0,4.0,35.0,0.0,0.0,0.0,68.34744476852265,94.73367776115828,0.0,0.0,0.5786435786435786,388101.3337872523,177955.71410070555,5372477.30017567,96549.11118005612,1975.0,15565072.864810126,5.213164556962026,6.020759493670886,674290.0,7225823.0,974561.427856285,1214946.8683409158,91400000.0,0.0,1457008.35276733,926696.5512377628,123.0,310.0,435.0,12.0,123.0,0.0,0.0,0.0,90.33629604611484,114.2794919280554,0.0,0.0,0.7473417721518988,175672.84882294363,88818.49759069236,4305832.357290661,238934.7968178581,0.0,2018-02-28 04:58:00
2018-02-28 04:58:00,238,0,1975.0,15565072.864810126,5.213164556962026,6.020759493670886,674290.0,7225823.0,974561.427856285,1214946.8683409158,91400000.0,0.0,1457008.35276733,926696.5512377628,123.0,310.0,435.0,12.0,123.0,0.0,0.0,0.0,90.33629604611484,114.2794919280554,0.0,0.0,0.7473417721518988,175672.84882294363,88818.49759069236,4305832.357290661,238934.7968178581,648.0,12078673.3595679,4.270061728395062,3.635802469135802,219684.0,573902.0,1839513.481731879,1034337.5182347634,59940077.0,0.0,2247810.1932843355,846273.3250999869,52.0,211.0,152.0,4.0,52.0,0.0,0.0,0.0,73.13855870363194,105.51560792525709,0.0,0.0,0.558641975308642,166179.3654828833,55050.49522224971,4348861.302683735,245936.1923637648,0.0,2018-02-28 04:59:00
2018-02-28 04:59:00,239,0,648.0,12078673.3595679,4.270061728395062,3.635802469135802,219684.0,573902.0,1839513.481731879,1034337.5182347634,59940077.0,0.0,2247810.1932843355,846273.3250999869,52.0,211.0,152.0,4.0,52.0,0.0,0.0,0.0,73.13855870363194,105.51560792525709,0.0,0.0,0.558641975308642,166179.3654828833,55050.49522224971,4348861.302683735,245936.1923637648,512.0,12614457.8359375,5.40234375,3.677734375,220382.0,356808.0,1005764.8053822604,1322859.763106574,59936453.0,0.0,1461802.0809933424,1114528.135029078,41.0,249.0,68.0,12.0,41.0,0.0,0.0,0.0,59.017024444213085,82.12465612863046,0.0,0.0,0.50390625,887178.5358989012,250863.0616217595,3897783.918550091,374902.39298192656,0.0,2018-02-28 05:00:00
2018-02-28 05:00:00,240,0,512.0,12614457.8359375,5.40234375,3.677734375,220382.0,356808.0,1005764.8053822604,1322859.763106574,59936453.0,0.0,1461802.0809933424,1114528.135029078,41.0,249.0,68.0,12.0,41.0,0.0,0.0,0.0,59.017024444213085,82.12465612863046,0.0,0.0,0.50390625,887178.5358989012,250863.0616217595,3897783.918550091,374902.39298192656,1138.0,16132581.296133569,5.490333919156415,6.041300527240773,509293.0,5071337.0,1598342.7580903987,1321356.8299512728,59763225.0,0.0,2121325.457493839,977094.9013651296,93.0,265.0,259.0,5.0,93.0,0.0,0.0,0.0,90.62936313846232,100.63947947275896,0.0,0.0,0.6423550087873462,75950.52850651312,30837.087773795207,4252684.213036285,238278.2976586494,0.0,2018-02-28 05:01:00
2018-02-28 05:01:00,241,0,1138.0,16132581.296133569,5.490333919156415,6.041300527240773,509293.0,5071337.0,1598342.7580903987,1321356.8299512728,59763225.0,0.0,2121325.457493839,977094.9013651296,93.0,265.0,259.0,5.0,93.0,0.0,0.0,0.0,90.62936313846232,100.63947947275896,0.0,0.0,0.6423550087873462,75950.52850651312,30837.087773795207,4252684.213036285,238278.2976586494,560.0,11750952.655357145,4.0375,3.069642857142857,186846.0,257364.0,1087929.024708653,1233114.77370884,59936378.0,0.0,1566581.0896332448,1013091.2794927992,27.0,146.0,83.0,4.0,27.0,0.0,0.0,0.0,56.89732417699393,69.13850107054215,0.0,626107.409556901,0.6714285714285714,622971.8887098016,300888.81799942395,3643731.79313389,269296.9503841481,0.0,2018-02-28 05:02:00
2018-02-28 05:02:00,242,0,560.0,11750952.655357145,4.0375,3.069642857142857,186846.0,257364.0,1087929.024708653,1233114.77370884,59936378.0,0.0,1566581.0896332448,1013091.2794927992,27.0,146.0,83.0,4.0,27.0,0.0,0.0,0.0,56.89732417699393,69.13850107054215,0.0,626107.409556901,0.6714285714285714,622971.8887098016,300888.81799942395,3643731.79313389,269296.9503841481,935.0,13538382.496256685,4.048128342245989,3.593582887700535,255303.0,960400.0,900810.4381082202,1686453.3405312784,59816805.0,0.0,1441276.6746776174,1015274.6731426662,53.0,188.0,179.0,5.0,53.0,0.0,0.0,0.0,81.09666281003882,104.30933890479274,0.0,0.0,0.7197860962566844,180394.8353871609,124046.49870921925,5522613.047299919,344337.11818993214,0.0,2018-02-28 05:03:00
2018-02-28 05:03:00,243,0,935.0,13538382.496256685,4.048128342245989,3.593582887700535,255303.0,960400.0,900810.4381082202,1686453.3405312784,59816805.0,0.0,1441276.6746776174,1015274.6731426662,53.0,188.0,179.0,5.0,53.0,0.0,0.0,0.0,81.09666281003882,104.30933890479274,0.0,0.0,0.7197860962566844,180394.8353871609,124046.49870921925,5522613.047299919,344337.11818993214,342.0,14914424.5877193,4.862573099415204,2.8684210526315788,136033.0,151881.0,3827295.647516938,1006390.7091222202,59936344.0,0.0,4148936.8806866817,873336.4225283336,46.0,132.0,32.0,8.0,46.0,0.0,0.0,0.0,51.16685135358392,68.27764531859883,0.0,1461980.7408797513,0.3304093567251462,709051.4122092874,600087.316011812,5666297.3942536265,248495.60399321644,0.0,2018-02-28 05:04:00
2018-02-28 05:04:00,244,0,342.0,14914424.5877193,4.862573099415204,2.8684210526315788,136033.0,151881.0,3827295.647516938,1006390.7091222202,59936344.0,0.0,4148936.8806866817,873336.4225283336,46.0,132.0,32.0,8.0,46.0,0.0,0.0,0.0,51.16685135358392,68.27764531859883,0.0,1461980.7408797513,0.3304093567251462,709051.4122092874,600087.316011812,5666297.3942536265,248495.60399321644,267.0,14034552.876404494,5.123595505617978,4.202247191011236,106700.0,324824.0,1987047.926905749,1205686.9026006763,59838994.0,0.0,2536219.295188364,1236579.6278722226,20.0,81.0,38.0,2.0,20.0,0.0,0.0,0.0,77.39946461950113,117.35141247146142,0.0,35092.41290367571,0.4906367041198501,302210.2559548311,293482.3455805014,4901806.7188688,130912.71150509515,0.0,2018-02-28 05:05:00
2018-02-28 05:05:00,245,0,267.0,14034552.876404494,5.123595505617978,4.202247191011236,106700.0,324824.0,1987047.926905749,1205686.9026006763,59838994.0,0.0,2536219.295188364,1236579.6278722226,20.0,81.0,38.0,2.0,20.0,0.0,0.0,0.0,77.39946461950113,117.35141247146142,0.0,35092.41290367571,0.4906367041198501,302210.2559548311,293482.3455805014,4901806.7188688,130912.71150509515,533.0,10593202.630393997,4.50844277673546,3.1613508442776737,213695.0,323900.0,1339214.623429668,1013270.9717716592,108209598.0,0.0,1893731.4624660995,1118172.46426965,44.0,132.0,70.0,4.0,44.0,0.0,0.0,0.0,66.23135491543921,77.26842645134747,0.0,0.0,0.5422138836772983,703309.6972285435,105963.11716213771,2749838.899997969,238167.0094046649,0.0,2018-02-28 05:06:00
2018-02-28 05:06:00,246,0,533.0,10593202.630393997,4.50844277673546,3.1613508442776737,213695.0,323900.0,1339214.623429668,1013270.9717716592,108209598.0,0.0,1893731.4624660995,1118172.46426965,44.0,132.0,70.0,4.0,44.0,0.0,0.0,0.0,66.23135491543921,77.26842645134747,0.0,0.0,0.5422138836772983,703309.6972285435,105963.11716213771,2749838.899997969,238167.0094046649,319.0,18505926.836990595,5.156739811912225,3.981191222570533,129746.0,278393.0,3436856.492678504,1525490.520221038,62944826.0,0.0,4043867.951261876,1438087.3030871234,19.0,87.0,48.0,0.0,19.0,0.0,0.0,0.0,66.59402411139686,97.53698350125454,0.0,0.0,0.4169278996865204,636490.7254878825,114043.98618498852,6327690.433671749,460317.88633403217,0.0,2018-02-28 05:07:00
2018-02-28 05:07:00,247,0,319.0,18505926.836990595,5.156739811912225,3.981191222570533,129746.0,278393.0,3436856.492678504,1525490.520221038,62944826.0,0.0,4043867.951261876,1438087.3030871234,19.0,87.0,48.0,0.0,19.0,0.0,0.0,0.0,66.59402411139686,97.53698350125454,0.0,0.0,0.4169278996865204,636490.7254878825,114043.98618498852,6327690.433671749,460317.88633403217,450.0,14610334.731111111,5.0777777777777775,4.528888888888889,192317.0,724388.0,1440268.9646212086,1412089.9838798044,93500000.0,0.0,2178676.9664058834,1456644.7749224375,7.0,78.0,67.0,2.0,7.0,0.0,0.0,0.0,79.20928132998644,97.45109338216557,0.0,0.0,0.6266666666666667,679135.5216142437,210835.823960493,4434509.456769322,685123.6226959026,0.0,2018-02-28 05:08:00
2018-02-28 05:08:00,248,0,450.0,14610334.731111111,5.0777777777777775,4.528888888888889,192317.0,724388.0,1440268.9646212086,1412089.9838798044,93500000.0,0.0,2178676.9664058834,1456644.7749224375,7.0,78.0,67.0,2.0,7.0,0.0,0.0,0.0,79.20928132998644,97.45109338216557,0.0,0.0,0.6266666666666667,679135.5216142437,210835.823960493,4434509.456769322,685123.6226959026,485.0,12034809.7814433,4.484536082474227,4.536082474226804,159447.0,1138960.0,1432863.2096498215,1250888.6875100145,59900000.0,0.0,1947949.7938811136,789643.732061221,31.0,131.0,97.0,0.0,31.0,0.0,0.0,0.0,81.68352686604432,110.7570810085798,0.0,0.0,0.5608247422680412,272833.4419363965,204186.04945299448,4534939.176599225,488290.1922907965,0.0,2018-02-28 05:09:00
2018-02-28 05:09:00,249,0,485.0,12034809.7814433,4.484536082474227,4.536082474226804,159447.0,1138960.0,1432863.2096498215,1250888.6875100145,59900000.0,0.0,1947949.7938811136,789643.732061221,31.0,131.0,97.0,0.0,31.0,0.0,0.0,0.0,81.68352686604432,110.7570810085798,0.0,0.0,0.5608247422680412,272833.4419363965,204186.04945299448,4534939.176599225,488290.1922907965,514.0,15217915.955252916,4.2587548638132295,3.2042801556420235,173622.0,315276.0,2407011.7123838915,1419987.6048330404,61600000.0,0.0,2920148.250501258,1380898.2721489265,25.0,91.0,66.0,2.0,25.0,0.0,0.0,0.0,71.66502738351673,89.64240513812335,0.0,0.0,0.6575875486381323,714654.9810138469,160687.51063037317,5655294.35890239,520676.13367974176,0.0,2018-02-28 05:10:00
2018-02-28 05:10:00,250,0,514.0,15217915.955252916,4.2587548638132295,3.2042801556420235,173622.0,315276.0,2407011.7123838915,1419987.6048330404,61600000.0,0.0,2920148.250501258,1380898.2721489265,25.0,91.0,66.0,2.0,25.0,0.0,0.0,0.0,71.66502738351673,89.64240513812335,0.0,0.0,0.6575875486381323,714654.9810138469,160687.51063037317,5655294.35890239,520676.13367974176,280.0,14926744.746428572,4.521428571428571,3.857142857142857,114265.0,202429.0,2078040.7605766268,2243498.503081787,76200000.0,0.0,3103617.86189218,1515075.8744362888,23.0,65.0,46.0,0.0,23.0,0.0,0.0,0.0,79.38184232939535,113.49544185168573,40543.390969305045,243209.0713554949,0.5785714285714286,200243.86317584777,113811.63828464964,6022053.082244733,1153858.9730444904,0.0,2018-02-28 05:11:00
2018-02-28 05:11:00,251,0,280.0,14926744.746428572,4.521428571428571,3.857142857142857,114265.0,202429.0,2078040.7605766268,2243498.503081787,76200000.0,0.0,3103617.86189218,1515075.8744362888,23.0,65.0,46.0,0.0,23.0,0.0,0.0,0.0,79.38184232939535,113.49544185168573,40543.390969305045,243209.0713554949,0.5785714285714286,200243.86317584777,113811.63828464964,6022053.082244733,1153858.9730444904,881.0,18716440.45629966,5.552780930760499,5.018161180476731,364239.0,1441920.0,1478878.389407596,1850094.3878366929,69600000.0,0.0,2061409.9717514063,1425379.8746908922,86.0,154.0,219.0,4.0,86.0,0.0,0.0,0.0,90.2362477231622,125.63594360621217,0.0,0.0,0.6061293984108967,249691.0571939524,204817.9870545132,6262428.663521073,659738.6035269891,0.0,2018-02-28 05:12:00
2018-02-28 05:12:00,252,0,881.0,18716440.45629966,5.552780930760499,5.018161180476731,364239.0,1441920.0,1478878.389407596,1850094.3878366929,69600000.0,0.0,2061409.9717514063,1425379.8746908922,86.0,154.0,219.0,4.0,86.0,0.0,0.0,0.0,90.2362477231622,125.63594360621217,0.0,0.0,0.6061293984108967,249691.0571939524,204817.9870545132,6262428.663521073,659738.6035269891,526.0,11877130.739543729,4.260456273764259,3.4961977186311786,193032.0,351232.0,2215212.0547249103,1160656.2792300212,73337660.0,0.0,2584974.885957102,1122328.2899753652,45.0,138.0,91.0,2.0,45.0,0.0,0.0,0.0,73.57378821389412,100.02967401399088,0.0,0.0,0.5893536121673004,221366.5768225512,157959.76797354,4381752.342025329,501017.266127564,0.0,2018-02-28 05:13:00
2018-02-28 05:13:00,253,0,526.0,11877130.739543729,4.260456273764259,3.4961977186311786,193032.0,351232.0,2215212.0547249103,1160656.2792300212,73337660.0,0.0,2584974.885957102,1122328.2899753652,45.0,138.0,91.0,2.0,45.0,0.0,0.0,0.0,73.57378821389412,100.02967401399088,0.0,0.0,0.5893536121673004,221366.5768225512,157959.76797354,4381752.342025329,501017.266127564,466.0,14718022.32832618,5.22961373390558,4.412017167381975,259819.0,388303.0,1779568.9298123843,1894061.8296206736,59936410.0,0.0,2371000.5222689384,1987077.5860040328,36.0,129.0,112.0,0.0,36.0,0.0,0.0,0.0,84.99570466640428,121.60744549425428,0.0,0.0,0.6094420600858369,476397.56060618674,201889.3353420332,5136439.515163756,331018.825752068,0.0,2018-02-28 05:14:00
2018-02-28 05:14:00,254,0,466.0,14718022.32832618,5.22961373390558,4.412017167381975,259819.0,388303.0,1779568.9298123843,1894061.8296206736,59936410.0,0.0,2371000.5222689384,1987077.5860040328,36.0,129.0,112.0,0.0,36.0,0.0,0.0,0.0,84.99570466640428,121.60744549425428,0.0,0.0,0.6094420600858369,476397.56060618674,201889.3353420332,5136439.515163756,331018.825752068,549.0,15491631.97449909,4.579234972677596,3.320582877959928,182026.0,313101.0,2473800.0417158087,1911130.682019983,93200000.0,0.0,3282108.49530491,1267122.9521858613,74.0,199.0,90.0,4.0,74.0,0.0,0.0,0.0,57.74845142405738,80.62532852262422,0.0,0.0,0.4699453551912568,390397.2477645709,323800.596851593,6277671.701877611,386237.6268786247,0.0,2018-02-28 05:15:00
2018-02-28 05:15:00,255,0,549.0,15491631.97449909,4.579234972677596,3.320582877959928,182026.0,313101.0,2473800.0417158087,1911130.682019983,93200000.0,0.0,3282108.49530491,1267122.9521858613,74.0,199.0,90.0,4.0,74.0,0.0,0.0,0.0,57.74845142405738,80.62532852262422,0.0,0.0,0.4699453551912568,390397.2477645709,323800.596851593,6277671.701877611,386237.6268786247,403.0,14893479.034739451,5.620347394540943,4.600496277915632,245233.0,412549.0,1968406.5716586309,1460969.2946281678,59936480.0,0.0,2582268.820150924,1419464.7342132442,25.0,76.0,106.0,2.0,25.0,0.0,0.0,0.0,84.48372867593697,128.49323081965585,0.0,0.0,0.5210918114143921,567134.4737877216,125816.03640319784,4891698.115561847,366639.0715066101,0.0,2018-02-28 05:16:00
2018-02-28 05:16:00,256,0,403.0,14893479.034739451,5.620347394540943,4.600496277915632,245233.0,412549.0,1968406.5716586309,1460969.2946281678,59936480.0,0.0,2582268.820150924,1419464.7342132442,25.0,76.0,106.0,2.0,25.0,0.0,0.0,0.0,84.48372867593697,128.49323081965585,0.0,0.0,0.5210918114143921,567134.4737877216,125816.03640319784,4891698.115561847,366639.0715066101,388.0,12806098.06443299,4.556701030927835,3.195876288659794,122900.0,231694.0,1378607.0323110134,1832762.3605349383,62900000.0,0.0,2033775.033200679,850888.870270319,32.0,96.0,57.0,4.0,32.0,0.0,0.0,0.0,68.70969815207603,90.38703072023247,0.0,0.0,0.5309278350515464,491256.2535496707,482165.114692185,4826371.702745809,1170332.284304182,0.0,2018-02-28 05:17:00
2018-02-28 05:17:00,257,0,388.0,12806098.06443299,4.556701030927835,3.195876288659794,122900.0,231694.0,1378607.0323110134,1832762.3605349383,62900000.0,0.0,2033775.033200679,850888.870270319,32.0,96.0,57.0,4.0,32.0,0.0,0.0,0.0,68.70969815207603,90.38703072023247,0.0,0.0,0.5309278350515464,491256.2535496707,482165.114692185,4826371.702745809,1170332.284304182,408.0,13128907.855392156,4.465686274509804,3.950980392156863,202065.0,443325.0,3194253.5526339044,1035676.1283145552,59936401.0,0.0,3603056.7254502354,1204667.4157544458,23.0,64.0,81.0,2.0,23.0,0.0,0.0,0.0,83.95602455398334,114.48174912741078,0.0,0.0,0.5980392156862745,119907.3818703112,57361.9673953825,5260415.566209076,192207.94513735507,0.0,2018-02-28 05:18:00
2018-02-28 05:18:00,258,0,408.0,13128907.855392156,4.465686274509804,3.950980392156863,202065.0,443325.0,3194253.5526339044,1035676.1283145552,59936401.0,0.0,3603056.7254502354,1204667.4157544458,23.0,64.0,81.0,2.0,23.0,0.0,0.0,0.0,83.95602455398334,114.48174912741078,0.0,0.0,0.5980392156862745,119907.3818703112,57361.9673953825,5260415.566209076,192207.94513735507,359.0,22452899.442896936,6.8774373259052926,5.144846796657381,173666.0,555487.0,1991906.2070288635,1914431.858674457,64399043.0,0.0,2569356.409263601,1157152.5034222647,21.0,56.0,84.0,3.0,21.0,0.0,0.0,0.0,93.64163557885792,144.83006332613675,0.0,0.0,0.4596100278551532,777568.2453461693,231368.5954630917,6442101.147573225,585750.3934751878,0.0,2018-02-28 05:19:00
2018-02-28 05:19:00,259,0,359.0,22452899.442896936,6.8774373259052926,5.144846796657381,173666.0,555487.0,1991906.2070288635,1914431.858674457,64399043.0,0.0,2569356.409263601,1157152.5034222647,21.0,56.0,84.0,3.0,21.0,0.0,0.0,0.0,93.64163557885792,144.83006332613675,0.0,0.0,0.4596100278551532,777568.2453461693,231368.5954630917,6442101.147573225,585750.3934751878,268.0,9776736.791044775,5.447761194029851,4.399253731343284,180525.0,188166.0,2227547.5119467336,1259166.899920107,73107313.0,0.0,2633930.4329815046,1278258.2879471956,9.0,59.0,65.0,0.0,9.0,0.0,0.0,0.0,77.34406116545411,128.1572867387877,0.0,32135.354667331245,0.3432835820895522,207156.07123303937,42183.38832170593,3599545.472626187,252025.5921576908,0.0,2018-02-28 05:20:00
2018-02-28 05:20:00,260,0,268.0,9776736.791044775,5.447761194029851,4.399253731343284,180525.0,188166.0,2227547.5119467336,1259166.899920107,73107313.0,0.0,2633930.4329815046,1278258.2879471956,9.0,59.0,65.0,0.0,9.0,0.0,0.0,0.0,77.34406116545411,128.1572867387877,0.0,32135.354667331245,0.3432835820895522,207156.07123303937,42183.38832170593,3599545.472626187,252025.5921576908,777.0,14568888.877734875,4.97039897039897,4.564993564993565,260126.0,1712662.0,1606582.8654422937,1284022.3307609656,59000000.0,0.0,2048526.8384264745,768701.0381220196,38.0,86.0,169.0,2.0,38.0,0.0,0.0,0.0,92.31372601583963,111.36189614844362,0.0,114425.28400600165,0.61003861003861,224481.32544444667,216887.8317963425,5507121.502263372,98004.67837696437,0.0,2018-02-28 05:21:00
2018-02-28 05:21:00,261,0,777.0,14568888.877734875,4.97039897039897,4.564993564993565,260126.0,1712662.0,1606582.8654422937,1284022.3307609656,59000000.0,0.0,2048526.8384264745,768701.0381220196,38.0,86.0,169.0,2.0,38.0,0.0,0.0,0.0,92.31372601583963,111.36189614844362,0.0,114425.28400600165,0.61003861003861,224481.32544444667,216887.8317963425,5507121.502263372,98004.67837696437,351.0,12847154.726495726,6.250712250712251,5.361823361823362,235076.0,617851.0,3483283.5813984904,969701.728487098,85800000.0,0.0,3893945.9042103873,1203488.816533157,14.0,58.0,104.0,0.0,14.0,0.0,0.0,0.0,101.4687076605057,144.6426220971399,0.0,0.0,0.3903133903133903,420626.7619513453,505190.3845894386,5010195.701895019,165262.53882672454,0.0,2018-02-28 05:22:00
2018-02-28 05:22:00,262,0,351.0,12847154.726495726,6.250712250712251,5.361823361823362,235076.0,617851.0,3483283.5813984904,969701.728487098,85800000.0,0.0,3893945.9042103873,1203488.816533157,14.0,58.0,104.0,0.0,14.0,0.0,0.0,0.0,101.4687076605057,144.6426220971399,0.0,0.0,0.3903133903133903,420626.7619513453,505190.3845894386,5010195.701895019,165262.53882672454,440.0,17103776.73636364,5.984090909090909,4.861363636363636,233530.0,603886.0,4156843.656197925,1337360.041789719,86623095.0,0.0,4602070.792936149,818963.2641553686,13.0,70.0,146.0,0.0,13.0,0.0,0.0,0.0,95.0660495001266,141.96852046618773,0.0,0.0,0.4954545454545455,538657.2579977826,56323.57996492957,7265396.922858844,220358.1651435952,0.0,2018-02-28 05:23:00
2018-02-28 05:23:00,263,0,440.0,17103776.73636364,5.984090909090909,4.861363636363636,233530.0,603886.0,4156843.656197925,1337360.041789719,86623095.0,0.0,4602070.792936149,818963.2641553686,13.0,70.0,146.0,0.0,13.0,0.0,0.0,0.0,95.0660495001266,141.96852046618773,0.0,0.0,0.4954545454545455,538657.2579977826,56323.57996492957,7265396.922858844,220358.1651435952,336.0,19466630.23214286,6.160714285714286,3.982142857142857,202615.0,190399.0,10394967.517581385,676281.5356548408,86400000.0,0.0,10703025.345346944,1135948.587942512,41.0,117.0,89.0,4.0,41.0,0.0,0.0,0.0,65.94978906799614,111.56331361466044,26213.25260172176,41089.27892452915,0.2470238095238095,551615.7876286166,128173.83933091036,11555775.233236382,27870.82579155956,0.0,2018-02-28 05:24:00
2018-02-28 05:24:00,264,0,336.0,19466630.23214286,6.160714285714286,3.982142857142857,202615.0,190399.0,10394967.517581385,676281.5356548408,86400000.0,0.0,10703025.345346944,1135948.587942512,41.0,117.0,89.0,4.0,41.0,0.0,0.0,0.0,65.94978906799614,111.56331361466044,26213.25260172176,41089.27892452915,0.2470238095238095,551615.7876286166,128173.83933091036,11555775.233236382,27870.82579155956,285.0,15591177.459649123,6.133333333333334,3.852631578947368,178378.0,166055.0,10709690.041315047,961598.0872874688,86300000.0,0.0,10893847.60184256,224803.90410455025,12.0,95.0,96.0,0.0,12.0,0.0,0.0,0.0,78.62037939937053,127.84003775775332,0.0,73626.1686655355,0.1614035087719298,243948.2116959063,227397.04661348337,11482784.924658868,258298.1513555607,0.0,2018-02-28 05:25:00
2018-02-28 05:25:00,265,0,285.0,15591177.459649123,6.133333333333334,3.852631578947368,178378.0,166055.0,10709690.041315047,961598.0872874688,86300000.0,0.0,10893847.60184256,224803.90410455025,12.0,95.0,96.0,0.0,12.0,0.0,0.0,0.0,78.62037939937053,127.84003775775332,0.0,73626.1686655355,0.1614035087719298,243948.2116959063,227397.04661348337,11482784.924658868,258298.1513555607,286.0,20377161.230769232,7.580419580419581,4.741258741258742,180446.0,197840.0,11021838.146014044,967991.414920603,86331399.0,0.0,11371511.10770452,1339414.7497776274,27.0,87.0,102.0,0.0,27.0,0.0,0.0,0.0,81.74301975701607,138.6699509003766,0.0,0.0,0.1678321678321678,667149.2038965988,626335.1770236132,12617097.315851985,310480.99777416023,0.0,2018-02-28 05:26:00
2018-02-28 05:26:00,266,0,286.0,20377161.230769232,7.580419580419581,4.741258741258742,180446.0,197840.0,11021838.146014044,967991.414920603,86331399.0,0.0,11371511.10770452,1339414.7497776274,27.0,87.0,102.0,0.0,27.0,0.0,0.0,0.0,81.74301975701607,138.6699509003766,0.0,0.0,0.1678321678321678,667149.2038965988,626335.1770236132,12617097.315851985,310480.99777416023,244.0,19617390.12704918,7.135245901639344,4.627049180327869,178692.0,192353.0,13714366.60426328,389566.0385849483,86300000.0,0.0,13809752.86115623,343043.3021030137,5.0,43.0,108.0,0.0,5.0,0.0,0.0,0.0,90.46617295821312,165.73996063062253,2766.596345525704,7748.87341868851,0.1639344262295081,345496.50845286885,311845.08766267146,13914492.71977459,86453.68663804633,0.0,2018-02-28 05:27:00
2018-02-28 05:27:00,267,0,244.0,19617390.12704918,7.135245901639344,4.627049180327869,178692.0,192353.0,13714366.60426328,389566.0385849483,86300000.0,0.0,13809752.86115623,343043.3021030137,5.0,43.0,108.0,0.0,5.0,0.0,0.0,0.0,90.46617295821312,165.73996063062253,2766.596345525704,7748.87341868851,0.1639344262295081,345496.50845286885,311845.08766267146,13914492.71977459,86453.68663804633,722.0,20828073.09141274,8.117728531855956,9.20775623268698,546307.0,5106272.0,3241189.229172891,1370016.616357689,86203456.0,0.0,3847314.9153037374,1313420.1802385792,32.0,92.0,241.0,0.0,32.0,0.0,0.0,0.0,141.80691256532907,164.36267026820732,0.0,0.0,0.6274238227146814,250662.23947148747,45779.63742121004,6671619.75718333,99670.9858651772,0.0,2018-02-28 05:28:00
2018-02-28 05:28:00,268,0,722.0,20828073.09141274,8.117728531855956,9.20775623268698,546307.0,5106272.0,3241189.229172891,1370016.616357689,86203456.0,0.0,3847314.9153037374,1313420.1802385792,32.0,92.0,241.0,0.0,32.0,0.0,0.0,0.0,141.80691256532907,164.36267026820732,0.0,0.0,0.6274238227146814,250662.23947148747,45779.63742121004,6671619.75718333,99670.9858651772,279.0,7189514.860215054,5.494623655913978,4.336917562724015,152051.0,235643.0,732170.2033003041,866394.6193501691,59070732.0,0.0,1076087.6496068002,622748.165284277,5.0,43.0,96.0,0.0,5.0,0.0,0.0,0.0,91.61163439369534,132.4084563189914,0.0,0.0,0.5268817204301075,84235.92871342094,7866.892270314317,2746873.6007578657,4811.033538910015,0.0,2018-02-28 05:29:00
2018-02-28 05:29:00,269,0,279.0,7189514.860215054,5.494623655913978,4.336917562724015,152051.0,235643.0,732170.2033003041,866394.6193501691,59070732.0,0.0,1076087.6496068002,622748.165284277,5.0,43.0,96.0,0.0,5.0,0.0,0.0,0.0,91.61163439369534,132.4084563189914,0.0,0.0,0.5268817204301075,84235.92871342094,7866.892270314317,2746873.6007578657,4811.033538910015,152.0,7244313.861842105,83.10526315789474,214.30263157894737,214821.0,140467.0,933436.2254594504,334420.77219556004,56323930.0,0.0,1192646.241394258,360544.0030940238,6.0,52.0,41.0,0.0,6.0,0.0,0.0,0.0,45.13582385223421,79.36954936744408,51359.92171639548,57078.913285956274,19.45394736842105,30434.62668055653,17181.31447955287,1606188.805873405,24992.59763609071,0.0,2018-02-28 05:30:00
2018-02-28 05:30:00,270,0,152.0,7244313.861842105,83.10526315789474,214.30263157894737,214821.0,140467.0,933436.2254594504,334420.77219556004,56323930.0,0.0,1192646.241394258,360544.0030940238,6.0,52.0,41.0,0.0,6.0,0.0,0.0,0.0,45.13582385223421,79.36954936744408,51359.92171639548,57078.913285956274,19.45394736842105,30434.62668055653,17181.31447955287,1606188.805873405,24992.59763609071,37.0,9476092.35135135,5.972972972972973,6.594594594594595,31835.0,33869.0,244753.43576361545,703196.4265487097,58606238.0,0.0,536321.8162802946,437225.3747813813,4.0,8.0,13.0,0.0,4.0,0.0,0.0,0.0,84.47777306018378,134.40027193756757,0.0,51842.89499687483,0.7567567567567568,167754.3063063062,92181.6346676392,3297719.2132132133,20933.59632243797,0.0,2018-02-28 05:31:00
2018-02-28 05:31:00,271,0,37.0,9476092.35135135,5.972972972972973,6.594594594594595,31835.0,33869.0,244753.43576361545,703196.4265487097,58606238.0,0.0,536321.8162802946,437225.3747813813,4.0,8.0,13.0,0.0,4.0,0.0,0.0,0.0,84.47777306018378,134.40027193756757,0.0,51842.89499687483,0.7567567567567568,167754.3063063062,92181.6346676392,3297719.2132132133,20933.59632243797,36.0,27296141.138888888,9.555555555555555,9.86111111111111,23508.0,37480.0,5277302.717103324,676795.5298714536,56339624.0,0.0,5881421.789887481,1139350.972674585,5.0,7.0,15.0,0.0,5.0,0.0,0.0,0.0,82.91285107308889,151.7387640915,0.0,37862.14932044488,0.75,98089.84764402358,62575.850036550415,5842454.125201179,91136.54537113344,0.0,2018-02-28 05:32:00
2018-02-28 05:32:00,272,0,36.0,27296141.138888888,9.555555555555555,9.86111111111111,23508.0,37480.0,5277302.717103324,676795.5298714536,56339624.0,0.0,5881421.789887481,1139350.972674585,5.0,7.0,15.0,0.0,5.0,0.0,0.0,0.0,82.91285107308889,151.7387640915,0.0,37862.14932044488,0.75,98089.84764402358,62575.850036550415,5842454.125201179,91136.54537113344,52.0,5657026.846153846,4.480769230769231,4.403846153846154,21309.0,29359.0,413669.7038633736,1044888.4943874432,53759884.0,0.0,885300.9938175825,411805.70202905976,3.0,9.0,12.0,0.0,3.0,0.0,0.0,0.0,65.99561990025384,101.717862868425,1707.1900493592152,27231.99647606717,0.5192307692307693,10938.865384615385,35.57291037676923,2775554.461538461,1954.388750377456,0.0,2018-02-28 05:33:00
2018-02-28 05:33:00,273,0,52.0,5657026.846153846,4.480769230769231,4.403846153846154,21309.0,29359.0,413669.7038633736,1044888.4943874432,53759884.0,0.0,885300.9938175825,411805.70202905976,3.0,9.0,12.0,0.0,3.0,0.0,0.0,0.0,65.99561990025384,101.717862868425,1707.1900493592152,27231.99647606717,0.5192307692307693,10938.865384615385,35.57291037676923,2775554.461538461,1954.388750377456,83.0,16272344.060240963,6.506024096385542,7.759036144578313,39406.0,262913.0,485413.7142203767,732186.6015529181,58535598.0,0.0,1050529.4031364066,851481.2354050402,8.0,16.0,17.0,0.0,8.0,0.0,0.0,0.0,88.93946276679277,92.5542239870229,27938.84151083588,35099.03915428981,0.6867469879518072,61286.81773958173,77519.77190556517,2359672.239356821,49923.593668491936,0.0,2018-02-28 05:34:00
2018-02-28 05:34:00,274,0,83.0,16272344.060240963,6.506024096385542,7.759036144578313,39406.0,262913.0,485413.7142203767,732186.6015529181,58535598.0,0.0,1050529.4031364066,851481.2354050402,8.0,16.0,17.0,0.0,8.0,0.0,0.0,0.0,88.93946276679277,92.5542239870229,27938.84151083588,35099.03915428981,0.6867469879518072,61286.81773958173,77519.77190556517,2359672.239356821,49923.593668491936,116.0,14403018.637931034,4.560344827586207,5.5344827586206895,41400.0,250173.0,1876125.7071539864,1394674.6854884794,59100000.0,0.0,2504236.8691992345,695504.7334813547,6.0,14.0,37.0,0.0,6.0,0.0,0.0,0.0,101.11854760155605,132.02909612865517,0.0,0.0,0.8017241379310345,186681.58605016457,56478.46722368032,6012941.529466301,1480692.0811066965,0.0,2018-02-28 05:35:00
2018-02-28 05:35:00,275,0,116.0,14403018.637931034,4.560344827586207,5.5344827586206895,41400.0,250173.0,1876125.7071539864,1394674.6854884794,59100000.0,0.0,2504236.8691992345,695504.7334813547,6.0,14.0,37.0,0.0,6.0,0.0,0.0,0.0,101.11854760155605,132.02909612865517,0.0,0.0,0.8017241379310345,186681.58605016457,56478.46722368032,6012941.529466301,1480692.0811066965,159.0,21805534.57861635,34.39622641509434,20.132075471698112,6228713.0,241905.0,731363.5726090345,2072850.5551617832,58728450.0,0.0,1488335.6849183342,1474457.377728765,6.0,22.0,46.0,0.0,6.0,0.0,0.0,0.0,89.16737424142956,122.52296612245408,0.0,277765.1469467215,0.8113207547169812,402072.424173604,221148.300231502,7321966.506532364,1096044.8318065873,0.0,2018-02-28 05:36:00
2018-02-28 05:36:00,276,0,159.0,21805534.57861635,34.39622641509434,20.132075471698112,6228713.0,241905.0,731363.5726090345,2072850.5551617832,58728450.0,0.0,1488335.6849183342,1474457.377728765,6.0,22.0,46.0,0.0,6.0,0.0,0.0,0.0,89.16737424142956,122.52296612245408,0.0,277765.1469467215,0.8113207547169812,402072.424173604,221148.300231502,7321966.506532364,1096044.8318065873,62.0,10067903.193548389,72.2741935483871,38.66129032258065,5692231.0,45602.0,2110487.100450839,1769256.596538199,56337974.0,0.0,2597259.587647004,563458.8346432929,6.0,17.0,19.0,2.0,6.0,0.0,0.0,0.0,85.43004858755967,141.33489699649837,68450.98641715388,6472.47197852574,0.3870967741935484,49657.6754032258,39719.5111319357,5097525.401209678,6590.572101613681,0.0,2018-02-28 05:37:00
2018-02-28 05:37:00,277,0,62.0,10067903.193548389,72.2741935483871,38.66129032258065,5692231.0,45602.0,2110487.100450839,1769256.596538199,56337974.0,0.0,2597259.587647004,563458.8346432929,6.0,17.0,19.0,2.0,6.0,0.0,0.0,0.0,85.43004858755967,141.33489699649837,68450.98641715388,6472.47197852574,0.3870967741935484,49657.6754032258,39719.5111319357,5097525.401209678,6590.572101613681,76.0,30370262.67105263,6.802631578947368,5.973684210526316,38260.0,45773.0,5485241.198305386,7598116.198211737,77149872.0,0.0,6762275.199415833,812356.2169197229,27.0,44.0,13.0,0.0,27.0,0.0,0.0,0.0,56.95293490600922,90.82614342725265,114282.51449369384,10114.925982814488,0.5657894736842105,87761.44874552694,39956.16331787538,17040222.408238817,1352341.9973100557,0.0,2018-02-28 05:38:00
2018-02-28 05:38:00,278,0,76.0,30370262.67105263,6.802631578947368,5.973684210526316,38260.0,45773.0,5485241.198305386,7598116.198211737,77149872.0,0.0,6762275.199415833,812356.2169197229,27.0,44.0,13.0,0.0,27.0,0.0,0.0,0.0,56.95293490600922,90.82614342725265,114282.51449369384,10114.925982814488,0.5657894736842105,87761.44874552694,39956.16331787538,17040222.408238817,1352341.9973100557,105.0,8290351.933333334,3.8190476190476192,2.8285714285714287,25868.0,41594.0,323086.40313331987,779576.0797655918,58735987.0,0.0,618860.797262178,621144.1745875214,10.0,40.0,18.0,2.0,10.0,0.0,0.0,0.0,45.82409483982,61.85346552068285,0.0,3291078.677739912,0.4380952380952381,20253.5030302684,12083.996663468208,2511675.5852813856,21096.320474545024,0.0,2018-02-28 05:39:00
2018-02-28 05:39:00,279,0,105.0,8290351.933333334,3.8190476190476192,2.8285714285714287,25868.0,41594.0,323086.40313331987,779576.0797655918,58735987.0,0.0,618860.797262178,621144.1745875214,10.0,40.0,18.0,2.0,10.0,0.0,0.0,0.0,45.82409483982,61.85346552068285,0.0,3291078.677739912,0.4380952380952381,20253.5030302684,12083.996663468208,2511675.5852813856,21096.320474545024,33.0,30951680.63636364,10.212121212121213,10.848484848484848,27966.0,33468.0,2587553.274396433,1567199.2852437226,56321485.0,0.0,3727657.4257878894,1668322.599709936,9.0,11.0,9.0,0.0,9.0,0.0,0.0,0.0,83.05987352147878,132.35135896033333,638.505813563503,8164.570608964757,0.7272727272727273,141002.9696969697,158663.76443704937,5941511.800351176,158350.6981861242,0.0,2018-02-28 05:40:00
2018-02-28 05:40:00,280,0,33.0,30951680.63636364,10.212121212121213,10.848484848484848,27966.0,33468.0,2587553.274396433,1567199.2852437226,56321485.0,0.0,3727657.4257878894,1668322.599709936,9.0,11.0,9.0,0.0,9.0,0.0,0.0,0.0,83.05987352147878,132.35135896033333,638.505813563503,8164.570608964757,0.7272727272727273,141002.9696969697,158663.76443704937,5941511.800351176,158350.6981861242,45.0,6176669.444444444,4.266666666666667,3.7111111111111112,16665.0,20710.0,2592619.928395226,137321.14871456177,56326944.0,0.0,2698320.0523806345,163603.20277851852,0.0,10.0,12.0,0.0,0.0,0.0,0.0,0.0,53.88179987084667,92.85923138332,12972.777217857963,46552.61001174084,0.4,0.0,0.0,2502485.8666666667,947.8373564574732,0.0,2018-02-28 05:41:00
2018-02-28 05:41:00,281,0,45.0,6176669.444444444,4.266666666666667,3.7111111111111112,16665.0,20710.0,2592619.928395226,137321.14871456177,56326944.0,0.0,2698320.0523806345,163603.20277851852,0.0,10.0,12.0,0.0,0.0,0.0,0.0,0.0,53.88179987084667,92.85923138332,12972.777217857963,46552.61001174084,0.4,0.0,0.0,2502485.8666666667,947.8373564574732,60.0,9929970.316666666,5.866666666666666,6.35,38628.0,52202.0,410330.3080798732,804743.5478747332,46230020.0,0.0,967698.1696372356,702397.1240645014,11.0,17.0,16.0,0.0,11.0,0.0,0.0,0.0,81.05133255446334,128.594310388835,0.0,67865.85171900032,0.7333333333333333,62097.58194444449,98360.86218589883,2084475.038888889,93185.26877599228,0.0,2018-02-28 05:42:00
2018-02-28 05:42:00,282,0,60.0,9929970.316666666,5.866666666666666,6.35,38628.0,52202.0,410330.3080798732,804743.5478747332,46230020.0,0.0,967698.1696372356,702397.1240645014,11.0,17.0,16.0,0.0,11.0,0.0,0.0,0.0,81.05133255446334,128.594310388835,0.0,67865.85171900032,0.7333333333333333,62097.58194444449,98360.86218589883,2084475.038888889,93185.26877599228,16.0,2451776.875,5.625,6.625,11728.0,16310.0,163078.5645399918,208330.47769426604,1479755.0,3.0,380639.875,260618.4023779762,2.0,2.0,8.0,0.0,2.0,0.0,0.0,0.0,110.0955409340875,194.40577034989377,784.8120156541063,42678.559815097615,0.75,0.0,0.0,0.0,0.0,0.0,2018-02-28 05:43:00
2018-02-28 05:43:00,283,0,16.0,2451776.875,5.625,6.625,11728.0,16310.0,163078.5645399918,208330.47769426604,1479755.0,3.0,380639.875,260618.4023779762,2.0,2.0,8.0,0.0,2.0,0.0,0.0,0.0,110.0955409340875,194.40577034989377,784.8120156541063,42678.559815097615,0.75,0.0,0.0,0.0,0.0,38.0,13021271.684210526,4.684210526315789,4.2105263157894735,13568.0,15490.0,3179447.021363125,330493.91354002466,56324496.0,0.0,3410217.073938472,407921.0224339598,2.0,8.0,6.0,0.0,2.0,0.0,0.0,0.0,47.26433588004474,70.99780149127895,6936.1246510894,27570.62639370497,0.4736842105263157,31651.679825438605,78807.99152706157,3454453.7587807016,87772.09092079595,0.0,2018-02-28 05:44:00
2018-02-28 05:44:00,284,0,38.0,13021271.684210526,4.684210526315789,4.2105263157894735,13568.0,15490.0,3179447.021363125,330493.91354002466,56324496.0,0.0,3410217.073938472,407921.0224339598,2.0,8.0,6.0,0.0,2.0,0.0,0.0,0.0,47.26433588004474,70.99780149127895,6936.1246510894,27570.62639370497,0.4736842105263157,31651.679825438605,78807.99152706157,3454453.7587807016,87772.09092079595,42.0,16935036.95238095,5.095238095238095,5.571428571428571,16922.0,35566.0,598036.7379763578,1678611.4713424412,58742759.0,0.0,1482290.7455131896,1072116.314366402,2.0,6.0,10.0,0.0,2.0,0.0,0.0,0.0,67.56770400623095,97.54342948171193,3672.201087318,27495.713148693416,0.6666666666666666,79701.2034632684,62085.06962779222,5783669.598484848,144379.8683900192,0.0,2018-02-28 05:45:00
2018-02-28 05:45:00,285,0,42.0,16935036.95238095,5.095238095238095,5.571428571428571,16922.0,35566.0,598036.7379763578,1678611.4713424412,58742759.0,0.0,1482290.7455131896,1072116.314366402,2.0,6.0,10.0,0.0,2.0,0.0,0.0,0.0,67.56770400623095,97.54342948171193,3672.201087318,27495.713148693416,0.6666666666666666,79701.2034632684,62085.06962779222,5783669.598484848,144379.8683900192,26.0,10725905.307692308,6.6923076923076925,7.076923076923077,17914.0,22250.0,304714.03565674816,528063.4027267513,10200000.0,1.0,661999.9885380951,574444.0619829062,4.0,6.0,6.0,0.0,4.0,0.0,0.0,0.0,81.87439866778845,141.73810338978078,3228.1872072045194,1321.4758715033845,0.6153846153846154,61600.132868181805,107972.22347218424,745965.7272902096,91785.88351966425,0.0,2018-02-28 05:46:00
2018-02-28 05:46:00,286,0,26.0,10725905.307692308,6.6923076923076925,7.076923076923077,17914.0,22250.0,304714.03565674816,528063.4027267513,10200000.0,1.0,661999.9885380951,574444.0619829062,4.0,6.0,6.0,0.0,4.0,0.0,0.0,0.0,81.87439866778845,141.73810338978078,3228.1872072045194,1321.4758715033845,0.6153846153846154,61600.132868181805,107972.22347218424,745965.7272902096,91785.88351966425,44.0,10338253.545454543,4.318181818181818,4.2727272727272725,16614.0,23922.0,2809678.132389812,687749.4815391741,56340971.0,0.0,3251340.6416402603,407366.8429373738,4.0,12.0,10.0,0.0,4.0,0.0,0.0,0.0,58.20975647125227,92.53492308537044,0.0,58453.78014931422,0.4545454545454545,7364.318181818182,115.12984045932272,4619132.477272728,14405.179346802532,0.0,2018-02-28 05:47:00
2018-02-28 05:47:00,287,0,44.0,10338253.545454543,4.318181818181818,4.2727272727272725,16614.0,23922.0,2809678.132389812,687749.4815391741,56340971.0,0.0,3251340.6416402603,407366.8429373738,4.0,12.0,10.0,0.0,4.0,0.0,0.0,0.0,58.20975647125227,92.53492308537044,0.0,58453.78014931422,0.4545454545454545,7364.318181818182,115.12984045932272,4619132.477272728,14405.179346802532,32.0,6156700.875,4.625,4.3125,13000.0,15476.0,213302.37938501232,356689.12724278355,10200000.0,0.0,456537.7829930557,427794.1569306596,2.0,6.0,6.0,0.0,2.0,0.0,0.0,0.0,59.37463309514375,84.39328580140625,7670.647826267315,31720.10921526318,0.5625,58370.5546875,92255.92800462096,599073.9296875,79169.55236651469,0.0,2018-02-28 05:48:00
2018-02-28 05:48:00,288,0,32.0,6156700.875,4.625,4.3125,13000.0,15476.0,213302.37938501232,356689.12724278355,10200000.0,0.0,456537.7829930557,427794.1569306596,2.0,6.0,6.0,0.0,2.0,0.0,0.0,0.0,59.37463309514375,84.39328580140625,7670.647826267315,31720.10921526318,0.5625,58370.5546875,92255.92800462096,599073.9296875,79169.55236651469,108.0,5781906.092592592,4.074074074074074,4.2407407407407405,30610.0,129846.0,313880.0378510962,1186595.0828457824,58825330.0,0.0,563202.8773358014,631420.6030956947,6.0,14.0,30.0,0.0,6.0,0.0,0.0,0.0,96.37461323267316,138.65137520662316,40718.18104889201,756947.1195947654,0.7777777777777778,79717.53703703704,0.0,4921802.694444444,0.0,0.0,2018-02-28 05:49:00
2018-02-28 05:49:00,289,0,108.0,5781906.092592592,4.074074074074074,4.2407407407407405,30610.0,129846.0,313880.0378510962,1186595.0828457824,58825330.0,0.0,563202.8773358014,631420.6030956947,6.0,14.0,30.0,0.0,6.0,0.0,0.0,0.0,96.37461323267316,138.65137520662316,40718.18104889201,756947.1195947654,0.7777777777777778,79717.53703703704,0.0,4921802.694444444,0.0,26.0,450547.07692307694,83.3076923076923,237.15384615384616,13580.0,20426.0,15822.085933614006,37445.17097290511,1258602.0,0.0,45369.87193858013,20661.75912604994,0.0,10.0,6.0,4.0,0.0,0.0,0.0,0.0,28.13107472058846,57.42772572082693,0.0,24211.0373507886,14.153846153846152,0.0,0.0,0.0,0.0,0.0,2018-02-28 05:50:00
2018-02-28 05:50:00,290,0,26.0,450547.07692307694,83.3076923076923,237.15384615384616,13580.0,20426.0,15822.085933614006,37445.17097290511,1258602.0,0.0,45369.87193858013,20661.75912604994,0.0,10.0,6.0,4.0,0.0,0.0,0.0,0.0,28.13107472058846,57.42772572082693,0.0,24211.0373507886,14.153846153846152,0.0,0.0,0.0,0.0,0.0,0.0,0.0,0.0,0.0,0.0,0.0,0.0,0.0,0.0,0.0,0.0,0.0,0.0,0.0,0.0,0.0,0.0,0.0,0.0,0.0,0.0,0.0,0.0,0.0,0.0,0.0,0.0,0.0,0.0,2018-02-28 05:51:00
2018-02-28 05:51:00,291,0,0.0,0.0,0.0,0.0,0.0,0.0,0.0,0.0,0.0,0.0,0.0,0.0,0.0,0.0,0.0,0.0,0.0,0.0,0.0,0.0,0.0,0.0,0.0,0.0,0.0,0.0,0.0,0.0,0.0,0.0,0.0,0.0,0.0,0.0,0.0,0.0,0.0,0.0,0.0,0.0,0.0,0.0,0.0,0.0,0.0,0.0,0.0,0.0,0.0,0.0,0.0,0.0,0.0,0.0,0.0,0.0,0.0,0.0,0.0,2018-02-28 05:52:00
2018-02-28 05:52:00,292,0,0.0,0.0,0.0,0.0,0.0,0.0,0.0,0.0,0.0,0.0,0.0,0.0,0.0,0.0,0.0,0.0,0.0,0.0,0.0,0.0,0.0,0.0,0.0,0.0,0.0,0.0,0.0,0.0,0.0,0.0,0.0,0.0,0.0,0.0,0.0,0.0,0.0,0.0,0.0,0.0,0.0,0.0,0.0,0.0,0.0,0.0,0.0,0.0,0.0,0.0,0.0,0.0,0.0,0.0,0.0,0.0,0.0,0.0,0.0,2018-02-28 05:53:00
2018-02-28 05:53:00,293,0,0.0,0.0,0.0,0.0,0.0,0.0,0.0,0.0,0.0,0.0,0.0,0.0,0.0,0.0,0.0,0.0,0.0,0.0,0.0,0.0,0.0,0.0,0.0,0.0,0.0,0.0,0.0,0.0,0.0,0.0,0.0,0.0,0.0,0.0,0.0,0.0,0.0,0.0,0.0,0.0,0.0,0.0,0.0,0.0,0.0,0.0,0.0,0.0,0.0,0.0,0.0,0.0,0.0,0.0,0.0,0.0,0.0,0.0,0.0,2018-02-28 05:54:00
2018-02-28 05:54:00,294,0,0.0,0.0,0.0,0.0,0.0,0.0,0.0,0.0,0.0,0.0,0.0,0.0,0.0,0.0,0.0,0.0,0.0,0.0,0.0,0.0,0.0,0.0,0.0,0.0,0.0,0.0,0.0,0.0,0.0,0.0,0.0,0.0,0.0,0.0,0.0,0.0,0.0,0.0,0.0,0.0,0.0,0.0,0.0,0.0,0.0,0.0,0.0,0.0,0.0,0.0,0.0,0.0,0.0,0.0,0.0,0.0,0.0,0.0,0.0,2018-02-28 05:55:00
2018-02-28 05:55:00,295,0,0.0,0.0,0.0,0.0,0.0,0.0,0.0,0.0,0.0,0.0,0.0,0.0,0.0,0.0,0.0,0.0,0.0,0.0,0.0,0.0,0.0,0.0,0.0,0.0,0.0,0.0,0.0,0.0,0.0,0.0,0.0,0.0,0.0,0.0,0.0,0.0,0.0,0.0,0.0,0.0,0.0,0.0,0.0,0.0,0.0,0.0,0.0,0.0,0.0,0.0,0.0,0.0,0.0,0.0,0.0,0.0,0.0,0.0,0.0,2018-02-28 05:56:00
2018-02-28 05:56:00,296,0,0.0,0.0,0.0,0.0,0.0,0.0,0.0,0.0,0.0,0.0,0.0,0.0,0.0,0.0,0.0,0.0,0.0,0.0,0.0,0.0,0.0,0.0,0.0,0.0,0.0,0.0,0.0,0.0,0.0,0.0,0.0,0.0,0.0,0.0,0.0,0.0,0.0,0.0,0.0,0.0,0.0,0.0,0.0,0.0,0.0,0.0,0.0,0.0,0.0,0.0,0.0,0.0,0.0,0.0,0.0,0.0,0.0,0.0,0.0,2018-02-28 05:57:00
2018-02-28 05:57:00,297,0,0.0,0.0,0.0,0.0,0.0,0.0,0.0,0.0,0.0,0.0,0.0,0.0,0.0,0.0,0.0,0.0,0.0,0.0,0.0,0.0,0.0,0.0,0.0,0.0,0.0,0.0,0.0,0.0,0.0,0.0,0.0,0.0,0.0,0.0,0.0,0.0,0.0,0.0,0.0,0.0,0.0,0.0,0.0,0.0,0.0,0.0,0.0,0.0,0.0,0.0,0.0,0.0,0.0,0.0,0.0,0.0,0.0,0.0,0.0,2018-02-28 05:58:00
2018-02-28 05:58:00,298,0,0.0,0.0,0.0,0.0,0.0,0.0,0.0,0.0,0.0,0.0,0.0,0.0,0.0,0.0,0.0,0.0,0.0,0.0,0.0,0.0,0.0,0.0,0.0,0.0,0.0,0.0,0.0,0.0,0.0,0.0,0.0,0.0,0.0,0.0,0.0,0.0,0.0,0.0,0.0,0.0,0.0,0.0,0.0,0.0,0.0,0.0,0.0,0.0,0.0,0.0,0.0,0.0,0.0,0.0,0.0,0.0,0.0,0.0,0.0,2018-02-28 05:59:00
2018-02-28 05:59:00,299,0,0.0,0.0,0.0,0.0,0.0,0.0,0.0,0.0,0.0,0.0,0.0,0.0,0.0,0.0,0.0,0.0,0.0,0.0,0.0,0.0,0.0,0.0,0.0,0.0,0.0,0.0,0.0,0.0,0.0,0.0,0.0,0.0,0.0,0.0,0.0,0.0,0.0,0.0,0.0,0.0,0.0,0.0,0.0,0.0,0.0,0.0,0.0,0.0,0.0,0.0,0.0,0.0,0.0,0.0,0.0,0.0,0.0,0.0,0.0,2018-02-28 06:00:00
2018-02-28 06:00:00,300,0,0.0,0.0,0.0,0.0,0.0,0.0,0.0,0.0,0.0,0.0,0.0,0.0,0.0,0.0,0.0,0.0,0.0,0.0,0.0,0.0,0.0,0.0,0.0,0.0,0.0,0.0,0.0,0.0,0.0,0.0,0.0,0.0,0.0,0.0,0.0,0.0,0.0,0.0,0.0,0.0,0.0,0.0,0.0,0.0,0.0,0.0,0.0,0.0,0.0,0.0,0.0,0.0,0.0,0.0,0.0,0.0,0.0,0.0,0.0,2018-02-28 06:01:00
2018-02-28 06:01:00,301,0,0.0,0.0,0.0,0.0,0.0,0.0,0.0,0.0,0.0,0.0,0.0,0.0,0.0,0.0,0.0,0.0,0.0,0.0,0.0,0.0,0.0,0.0,0.0,0.0,0.0,0.0,0.0,0.0,0.0,0.0,0.0,0.0,0.0,0.0,0.0,0.0,0.0,0.0,0.0,0.0,0.0,0.0,0.0,0.0,0.0,0.0,0.0,0.0,0.0,0.0,0.0,0.0,0.0,0.0,0.0,0.0,0.0,0.0,0.0,2018-02-28 06:02:00
2018-02-28 06:02:00,302,0,0.0,0.0,0.0,0.0,0.0,0.0,0.0,0.0,0.0,0.0,0.0,0.0,0.0,0.0,0.0,0.0,0.0,0.0,0.0,0.0,0.0,0.0,0.0,0.0,0.0,0.0,0.0,0.0,0.0,0.0,0.0,0.0,0.0,0.0,0.0,0.0,0.0,0.0,0.0,0.0,0.0,0.0,0.0,0.0,0.0,0.0,0.0,0.0,0.0,0.0,0.0,0.0,0.0,0.0,0.0,0.0,0.0,0.0,0.0,2018-02-28 06:03:00
2018-02-28 06:03:00,303,0,0.0,0.0,0.0,0.0,0.0,0.0,0.0,0.0,0.0,0.0,0.0,0.0,0.0,0.0,0.0,0.0,0.0,0.0,0.0,0.0,0.0,0.0,0.0,0.0,0.0,0.0,0.0,0.0,0.0,0.0,0.0,0.0,0.0,0.0,0.0,0.0,0.0,0.0,0.0,0.0,0.0,0.0,0.0,0.0,0.0,0.0,0.0,0.0,0.0,0.0,0.0,0.0,0.0,0.0,0.0,0.0,0.0,0.0,0.0,2018-02-28 06:04:00
2018-02-28 06:04:00,304,0,0.0,0.0,0.0,0.0,0.0,0.0,0.0,0.0,0.0,0.0,0.0,0.0,0.0,0.0,0.0,0.0,0.0,0.0,0.0,0.0,0.0,0.0,0.0,0.0,0.0,0.0,0.0,0.0,0.0,0.0,0.0,0.0,0.0,0.0,0.0,0.0,0.0,0.0,0.0,0.0,0.0,0.0,0.0,0.0,0.0,0.0,0.0,0.0,0.0,0.0,0.0,0.0,0.0,0.0,0.0,0.0,0.0,0.0,0.0,2018-02-28 06:05:00
2018-02-28 06:05:00,305,0,0.0,0.0,0.0,0.0,0.0,0.0,0.0,0.0,0.0,0.0,0.0,0.0,0.0,0.0,0.0,0.0,0.0,0.0,0.0,0.0,0.0,0.0,0.0,0.0,0.0,0.0,0.0,0.0,0.0,0.0,0.0,0.0,0.0,0.0,0.0,0.0,0.0,0.0,0.0,0.0,0.0,0.0,0.0,0.0,0.0,0.0,0.0,0.0,0.0,0.0,0.0,0.0,0.0,0.0,0.0,0.0,0.0,0.0,0.0,2018-02-28 06:06:00
2018-02-28 06:06:00,306,0,0.0,0.0,0.0,0.0,0.0,0.0,0.0,0.0,0.0,0.0,0.0,0.0,0.0,0.0,0.0,0.0,0.0,0.0,0.0,0.0,0.0,0.0,0.0,0.0,0.0,0.0,0.0,0.0,0.0,0.0,0.0,0.0,0.0,0.0,0.0,0.0,0.0,0.0,0.0,0.0,0.0,0.0,0.0,0.0,0.0,0.0,0.0,0.0,0.0,0.0,0.0,0.0,0.0,0.0,0.0,0.0,0.0,0.0,0.0,2018-02-28 06:07:00
2018-02-28 06:07:00,307,0,0.0,0.0,0.0,0.0,0.0,0.0,0.0,0.0,0.0,0.0,0.0,0.0,0.0,0.0,0.0,0.0,0.0,0.0,0.0,0.0,0.0,0.0,0.0,0.0,0.0,0.0,0.0,0.0,0.0,0.0,0.0,0.0,0.0,0.0,0.0,0.0,0.0,0.0,0.0,0.0,0.0,0.0,0.0,0.0,0.0,0.0,0.0,0.0,0.0,0.0,0.0,0.0,0.0,0.0,0.0,0.0,0.0,0.0,0.0,2018-02-28 06:08:00
2018-02-28 06:08:00,308,0,0.0,0.0,0.0,0.0,0.0,0.0,0.0,0.0,0.0,0.0,0.0,0.0,0.0,0.0,0.0,0.0,0.0,0.0,0.0,0.0,0.0,0.0,0.0,0.0,0.0,0.0,0.0,0.0,0.0,0.0,0.0,0.0,0.0,0.0,0.0,0.0,0.0,0.0,0.0,0.0,0.0,0.0,0.0,0.0,0.0,0.0,0.0,0.0,0.0,0.0,0.0,0.0,0.0,0.0,0.0,0.0,0.0,0.0,0.0,2018-02-28 06:09:00
2018-02-28 06:09:00,309,0,0.0,0.0,0.0,0.0,0.0,0.0,0.0,0.0,0.0,0.0,0.0,0.0,0.0,0.0,0.0,0.0,0.0,0.0,0.0,0.0,0.0,0.0,0.0,0.0,0.0,0.0,0.0,0.0,0.0,0.0,0.0,0.0,0.0,0.0,0.0,0.0,0.0,0.0,0.0,0.0,0.0,0.0,0.0,0.0,0.0,0.0,0.0,0.0,0.0,0.0,0.0,0.0,0.0,0.0,0.0,0.0,0.0,0.0,0.0,2018-02-28 06:10:00
2018-02-28 06:10:00,310,0,0.0,0.0,0.0,0.0,0.0,0.0,0.0,0.0,0.0,0.0,0.0,0.0,0.0,0.0,0.0,0.0,0.0,0.0,0.0,0.0,0.0,0.0,0.0,0.0,0.0,0.0,0.0,0.0,0.0,0.0,0.0,0.0,0.0,0.0,0.0,0.0,0.0,0.0,0.0,0.0,0.0,0.0,0.0,0.0,0.0,0.0,0.0,0.0,0.0,0.0,0.0,0.0,0.0,0.0,0.0,0.0,0.0,0.0,0.0,2018-02-28 06:11:00
2018-02-28 06:11:00,311,0,0.0,0.0,0.0,0.0,0.0,0.0,0.0,0.0,0.0,0.0,0.0,0.0,0.0,0.0,0.0,0.0,0.0,0.0,0.0,0.0,0.0,0.0,0.0,0.0,0.0,0.0,0.0,0.0,0.0,0.0,0.0,0.0,0.0,0.0,0.0,0.0,0.0,0.0,0.0,0.0,0.0,0.0,0.0,0.0,0.0,0.0,0.0,0.0,0.0,0.0,0.0,0.0,0.0,0.0,0.0,0.0,0.0,0.0,0.0,2018-02-28 06:12:00
2018-02-28 06:12:00,312,0,0.0,0.0,0.0,0.0,0.0,0.0,0.0,0.0,0.0,0.0,0.0,0.0,0.0,0.0,0.0,0.0,0.0,0.0,0.0,0.0,0.0,0.0,0.0,0.0,0.0,0.0,0.0,0.0,0.0,0.0,0.0,0.0,0.0,0.0,0.0,0.0,0.0,0.0,0.0,0.0,0.0,0.0,0.0,0.0,0.0,0.0,0.0,0.0,0.0,0.0,0.0,0.0,0.0,0.0,0.0,0.0,0.0,0.0,0.0,2018-02-28 06:13:00
2018-02-28 06:13:00,313,0,0.0,0.0,0.0,0.0,0.0,0.0,0.0,0.0,0.0,0.0,0.0,0.0,0.0,0.0,0.0,0.0,0.0,0.0,0.0,0.0,0.0,0.0,0.0,0.0,0.0,0.0,0.0,0.0,0.0,0.0,0.0,0.0,0.0,0.0,0.0,0.0,0.0,0.0,0.0,0.0,0.0,0.0,0.0,0.0,0.0,0.0,0.0,0.0,0.0,0.0,0.0,0.0,0.0,0.0,0.0,0.0,0.0,0.0,0.0,2018-02-28 06:14:00
2018-02-28 06:14:00,314,0,0.0,0.0,0.0,0.0,0.0,0.0,0.0,0.0,0.0,0.0,0.0,0.0,0.0,0.0,0.0,0.0,0.0,0.0,0.0,0.0,0.0,0.0,0.0,0.0,0.0,0.0,0.0,0.0,0.0,0.0,0.0,0.0,0.0,0.0,0.0,0.0,0.0,0.0,0.0,0.0,0.0,0.0,0.0,0.0,0.0,0.0,0.0,0.0,0.0,0.0,0.0,0.0,0.0,0.0,0.0,0.0,0.0,0.0,0.0,2018-02-28 06:15:00
2018-02-28 06:15:00,315,0,0.0,0.0,0.0,0.0,0.0,0.0,0.0,0.0,0.0,0.0,0.0,0.0,0.0,0.0,0.0,0.0,0.0,0.0,0.0,0.0,0.0,0.0,0.0,0.0,0.0,0.0,0.0,0.0,0.0,0.0,0.0,0.0,0.0,0.0,0.0,0.0,0.0,0.0,0.0,0.0,0.0,0.0,0.0,0.0,0.0,0.0,0.0,0.0,0.0,0.0,0.0,0.0,0.0,0.0,0.0,0.0,0.0,0.0,0.0,2018-02-28 06:16:00
2018-02-28 06:16:00,316,0,0.0,0.0,0.0,0.0,0.0,0.0,0.0,0.0,0.0,0.0,0.0,0.0,0.0,0.0,0.0,0.0,0.0,0.0,0.0,0.0,0.0,0.0,0.0,0.0,0.0,0.0,0.0,0.0,0.0,0.0,0.0,0.0,0.0,0.0,0.0,0.0,0.0,0.0,0.0,0.0,0.0,0.0,0.0,0.0,0.0,0.0,0.0,0.0,0.0,0.0,0.0,0.0,0.0,0.0,0.0,0.0,0.0,0.0,0.0,2018-02-28 06:17:00
2018-02-28 06:17:00,317,0,0.0,0.0,0.0,0.0,0.0,0.0,0.0,0.0,0.0,0.0,0.0,0.0,0.0,0.0,0.0,0.0,0.0,0.0,0.0,0.0,0.0,0.0,0.0,0.0,0.0,0.0,0.0,0.0,0.0,0.0,0.0,0.0,0.0,0.0,0.0,0.0,0.0,0.0,0.0,0.0,0.0,0.0,0.0,0.0,0.0,0.0,0.0,0.0,0.0,0.0,0.0,0.0,0.0,0.0,0.0,0.0,0.0,0.0,0.0,2018-02-28 06:18:00
2018-02-28 06:18:00,318,0,0.0,0.0,0.0,0.0,0.0,0.0,0.0,0.0,0.0,0.0,0.0,0.0,0.0,0.0,0.0,0.0,0.0,0.0,0.0,0.0,0.0,0.0,0.0,0.0,0.0,0.0,0.0,0.0,0.0,0.0,0.0,0.0,0.0,0.0,0.0,0.0,0.0,0.0,0.0,0.0,0.0,0.0,0.0,0.0,0.0,0.0,0.0,0.0,0.0,0.0,0.0,0.0,0.0,0.0,0.0,0.0,0.0,0.0,0.0,2018-02-28 06:19:00
2018-02-28 06:19:00,319,0,0.0,0.0,0.0,0.0,0.0,0.0,0.0,0.0,0.0,0.0,0.0,0.0,0.0,0.0,0.0,0.0,0.0,0.0,0.0,0.0,0.0,0.0,0.0,0.0,0.0,0.0,0.0,0.0,0.0,0.0,0.0,0.0,0.0,0.0,0.0,0.0,0.0,0.0,0.0,0.0,0.0,0.0,0.0,0.0,0.0,0.0,0.0,0.0,0.0,0.0,0.0,0.0,0.0,0.0,0.0,0.0,0.0,0.0,0.0,2018-02-28 06:20:00
2018-02-28 06:20:00,320,0,0.0,0.0,0.0,0.0,0.0,0.0,0.0,0.0,0.0,0.0,0.0,0.0,0.0,0.0,0.0,0.0,0.0,0.0,0.0,0.0,0.0,0.0,0.0,0.0,0.0,0.0,0.0,0.0,0.0,0.0,0.0,0.0,0.0,0.0,0.0,0.0,0.0,0.0,0.0,0.0,0.0,0.0,0.0,0.0,0.0,0.0,0.0,0.0,0.0,0.0,0.0,0.0,0.0,0.0,0.0,0.0,0.0,0.0,0.0,2018-02-28 06:21:00
2018-02-28 06:21:00,321,0,0.0,0.0,0.0,0.0,0.0,0.0,0.0,0.0,0.0,0.0,0.0,0.0,0.0,0.0,0.0,0.0,0.0,0.0,0.0,0.0,0.0,0.0,0.0,0.0,0.0,0.0,0.0,0.0,0.0,0.0,0.0,0.0,0.0,0.0,0.0,0.0,0.0,0.0,0.0,0.0,0.0,0.0,0.0,0.0,0.0,0.0,0.0,0.0,0.0,0.0,0.0,0.0,0.0,0.0,0.0,0.0,0.0,0.0,0.0,2018-02-28 06:22:00
2018-02-28 06:22:00,322,0,0.0,0.0,0.0,0.0,0.0,0.0,0.0,0.0,0.0,0.0,0.0,0.0,0.0,0.0,0.0,0.0,0.0,0.0,0.0,0.0,0.0,0.0,0.0,0.0,0.0,0.0,0.0,0.0,0.0,0.0,0.0,0.0,0.0,0.0,0.0,0.0,0.0,0.0,0.0,0.0,0.0,0.0,0.0,0.0,0.0,0.0,0.0,0.0,0.0,0.0,0.0,0.0,0.0,0.0,0.0,0.0,0.0,0.0,0.0,2018-02-28 06:23:00
2018-02-28 06:23:00,323,0,0.0,0.0,0.0,0.0,0.0,0.0,0.0,0.0,0.0,0.0,0.0,0.0,0.0,0.0,0.0,0.0,0.0,0.0,0.0,0.0,0.0,0.0,0.0,0.0,0.0,0.0,0.0,0.0,0.0,0.0,0.0,0.0,0.0,0.0,0.0,0.0,0.0,0.0,0.0,0.0,0.0,0.0,0.0,0.0,0.0,0.0,0.0,0.0,0.0,0.0,0.0,0.0,0.0,0.0,0.0,0.0,0.0,0.0,0.0,2018-02-28 06:24:00
2018-02-28 06:24:00,324,0,0.0,0.0,0.0,0.0,0.0,0.0,0.0,0.0,0.0,0.0,0.0,0.0,0.0,0.0,0.0,0.0,0.0,0.0,0.0,0.0,0.0,0.0,0.0,0.0,0.0,0.0,0.0,0.0,0.0,0.0,0.0,0.0,0.0,0.0,0.0,0.0,0.0,0.0,0.0,0.0,0.0,0.0,0.0,0.0,0.0,0.0,0.0,0.0,0.0,0.0,0.0,0.0,0.0,0.0,0.0,0.0,0.0,0.0,0.0,2018-02-28 06:25:00
2018-02-28 06:25:00,325,0,0.0,0.0,0.0,0.0,0.0,0.0,0.0,0.0,0.0,0.0,0.0,0.0,0.0,0.0,0.0,0.0,0.0,0.0,0.0,0.0,0.0,0.0,0.0,0.0,0.0,0.0,0.0,0.0,0.0,0.0,0.0,0.0,0.0,0.0,0.0,0.0,0.0,0.0,0.0,0.0,0.0,0.0,0.0,0.0,0.0,0.0,0.0,0.0,0.0,0.0,0.0,0.0,0.0,0.0,0.0,0.0,0.0,0.0,0.0,2018-02-28 06:26:00
2018-02-28 06:26:00,326,0,0.0,0.0,0.0,0.0,0.0,0.0,0.0,0.0,0.0,0.0,0.0,0.0,0.0,0.0,0.0,0.0,0.0,0.0,0.0,0.0,0.0,0.0,0.0,0.0,0.0,0.0,0.0,0.0,0.0,0.0,0.0,0.0,0.0,0.0,0.0,0.0,0.0,0.0,0.0,0.0,0.0,0.0,0.0,0.0,0.0,0.0,0.0,0.0,0.0,0.0,0.0,0.0,0.0,0.0,0.0,0.0,0.0,0.0,0.0,2018-02-28 06:27:00
2018-02-28 06:27:00,327,0,0.0,0.0,0.0,0.0,0.0,0.0,0.0,0.0,0.0,0.0,0.0,0.0,0.0,0.0,0.0,0.0,0.0,0.0,0.0,0.0,0.0,0.0,0.0,0.0,0.0,0.0,0.0,0.0,0.0,0.0,0.0,0.0,0.0,0.0,0.0,0.0,0.0,0.0,0.0,0.0,0.0,0.0,0.0,0.0,0.0,0.0,0.0,0.0,0.0,0.0,0.0,0.0,0.0,0.0,0.0,0.0,0.0,0.0,0.0,2018-02-28 06:28:00
2018-02-28 06:28:00,328,0,0.0,0.0,0.0,0.0,0.0,0.0,0.0,0.0,0.0,0.0,0.0,0.0,0.0,0.0,0.0,0.0,0.0,0.0,0.0,0.0,0.0,0.0,0.0,0.0,0.0,0.0,0.0,0.0,0.0,0.0,0.0,0.0,0.0,0.0,0.0,0.0,0.0,0.0,0.0,0.0,0.0,0.0,0.0,0.0,0.0,0.0,0.0,0.0,0.0,0.0,0.0,0.0,0.0,0.0,0.0,0.0,0.0,0.0,0.0,2018-02-28 06:29:00
2018-02-28 06:29:00,329,0,0.0,0.0,0.0,0.0,0.0,0.0,0.0,0.0,0.0,0.0,0.0,0.0,0.0,0.0,0.0,0.0,0.0,0.0,0.0,0.0,0.0,0.0,0.0,0.0,0.0,0.0,0.0,0.0,0.0,0.0,0.0,0.0,0.0,0.0,0.0,0.0,0.0,0.0,0.0,0.0,0.0,0.0,0.0,0.0,0.0,0.0,0.0,0.0,0.0,0.0,0.0,0.0,0.0,0.0,0.0,0.0,0.0,0.0,0.0,2018-02-28 06:30:00
2018-02-28 06:30:00,330,0,0.0,0.0,0.0,0.0,0.0,0.0,0.0,0.0,0.0,0.0,0.0,0.0,0.0,0.0,0.0,0.0,0.0,0.0,0.0,0.0,0.0,0.0,0.0,0.0,0.0,0.0,0.0,0.0,0.0,0.0,0.0,0.0,0.0,0.0,0.0,0.0,0.0,0.0,0.0,0.0,0.0,0.0,0.0,0.0,0.0,0.0,0.0,0.0,0.0,0.0,0.0,0.0,0.0,0.0,0.0,0.0,0.0,0.0,0.0,2018-02-28 06:31:00
2018-02-28 06:31:00,331,0,0.0,0.0,0.0,0.0,0.0,0.0,0.0,0.0,0.0,0.0,0.0,0.0,0.0,0.0,0.0,0.0,0.0,0.0,0.0,0.0,0.0,0.0,0.0,0.0,0.0,0.0,0.0,0.0,0.0,0.0,0.0,0.0,0.0,0.0,0.0,0.0,0.0,0.0,0.0,0.0,0.0,0.0,0.0,0.0,0.0,0.0,0.0,0.0,0.0,0.0,0.0,0.0,0.0,0.0,0.0,0.0,0.0,0.0,0.0,2018-02-28 06:32:00
2018-02-28 06:32:00,332,0,0.0,0.0,0.0,0.0,0.0,0.0,0.0,0.0,0.0,0.0,0.0,0.0,0.0,0.0,0.0,0.0,0.0,0.0,0.0,0.0,0.0,0.0,0.0,0.0,0.0,0.0,0.0,0.0,0.0,0.0,0.0,0.0,0.0,0.0,0.0,0.0,0.0,0.0,0.0,0.0,0.0,0.0,0.0,0.0,0.0,0.0,0.0,0.0,0.0,0.0,0.0,0.0,0.0,0.0,0.0,0.0,0.0,0.0,0.0,2018-02-28 06:33:00
2018-02-28 06:33:00,333,0,0.0,0.0,0.0,0.0,0.0,0.0,0.0,0.0,0.0,0.0,0.0,0.0,0.0,0.0,0.0,0.0,0.0,0.0,0.0,0.0,0.0,0.0,0.0,0.0,0.0,0.0,0.0,0.0,0.0,0.0,0.0,0.0,0.0,0.0,0.0,0.0,0.0,0.0,0.0,0.0,0.0,0.0,0.0,0.0,0.0,0.0,0.0,0.0,0.0,0.0,0.0,0.0,0.0,0.0,0.0,0.0,0.0,0.0,0.0,2018-02-28 06:34:00
2018-02-28 06:34:00,334,0,0.0,0.0,0.0,0.0,0.0,0.0,0.0,0.0,0.0,0.0,0.0,0.0,0.0,0.0,0.0,0.0,0.0,0.0,0.0,0.0,0.0,0.0,0.0,0.0,0.0,0.0,0.0,0.0,0.0,0.0,0.0,0.0,0.0,0.0,0.0,0.0,0.0,0.0,0.0,0.0,0.0,0.0,0.0,0.0,0.0,0.0,0.0,0.0,0.0,0.0,0.0,0.0,0.0,0.0,0.0,0.0,0.0,0.0,0.0,2018-02-28 06:35:00
2018-02-28 06:35:00,335,0,0.0,0.0,0.0,0.0,0.0,0.0,0.0,0.0,0.0,0.0,0.0,0.0,0.0,0.0,0.0,0.0,0.0,0.0,0.0,0.0,0.0,0.0,0.0,0.0,0.0,0.0,0.0,0.0,0.0,0.0,0.0,0.0,0.0,0.0,0.0,0.0,0.0,0.0,0.0,0.0,0.0,0.0,0.0,0.0,0.0,0.0,0.0,0.0,0.0,0.0,0.0,0.0,0.0,0.0,0.0,0.0,0.0,0.0,0.0,2018-02-28 06:36:00
2018-02-28 06:36:00,336,0,0.0,0.0,0.0,0.0,0.0,0.0,0.0,0.0,0.0,0.0,0.0,0.0,0.0,0.0,0.0,0.0,0.0,0.0,0.0,0.0,0.0,0.0,0.0,0.0,0.0,0.0,0.0,0.0,0.0,0.0,0.0,0.0,0.0,0.0,0.0,0.0,0.0,0.0,0.0,0.0,0.0,0.0,0.0,0.0,0.0,0.0,0.0,0.0,0.0,0.0,0.0,0.0,0.0,0.0,0.0,0.0,0.0,0.0,0.0,2018-02-28 06:37:00
2018-02-28 06:37:00,337,0,0.0,0.0,0.0,0.0,0.0,0.0,0.0,0.0,0.0,0.0,0.0,0.0,0.0,0.0,0.0,0.0,0.0,0.0,0.0,0.0,0.0,0.0,0.0,0.0,0.0,0.0,0.0,0.0,0.0,0.0,0.0,0.0,0.0,0.0,0.0,0.0,0.0,0.0,0.0,0.0,0.0,0.0,0.0,0.0,0.0,0.0,0.0,0.0,0.0,0.0,0.0,0.0,0.0,0.0,0.0,0.0,0.0,0.0,0.0,2018-02-28 06:38:00
2018-02-28 06:38:00,338,0,0.0,0.0,0.0,0.0,0.0,0.0,0.0,0.0,0.0,0.0,0.0,0.0,0.0,0.0,0.0,0.0,0.0,0.0,0.0,0.0,0.0,0.0,0.0,0.0,0.0,0.0,0.0,0.0,0.0,0.0,0.0,0.0,0.0,0.0,0.0,0.0,0.0,0.0,0.0,0.0,0.0,0.0,0.0,0.0,0.0,0.0,0.0,0.0,0.0,0.0,0.0,0.0,0.0,0.0,0.0,0.0,0.0,0.0,0.0,2018-02-28 06:39:00
2018-02-28 06:39:00,339,0,0.0,0.0,0.0,0.0,0.0,0.0,0.0,0.0,0.0,0.0,0.0,0.0,0.0,0.0,0.0,0.0,0.0,0.0,0.0,0.0,0.0,0.0,0.0,0.0,0.0,0.0,0.0,0.0,0.0,0.0,0.0,0.0,0.0,0.0,0.0,0.0,0.0,0.0,0.0,0.0,0.0,0.0,0.0,0.0,0.0,0.0,0.0,0.0,0.0,0.0,0.0,0.0,0.0,0.0,0.0,0.0,0.0,0.0,0.0,2018-02-28 06:40:00
2018-02-28 06:40:00,340,0,0.0,0.0,0.0,0.0,0.0,0.0,0.0,0.0,0.0,0.0,0.0,0.0,0.0,0.0,0.0,0.0,0.0,0.0,0.0,0.0,0.0,0.0,0.0,0.0,0.0,0.0,0.0,0.0,0.0,0.0,0.0,0.0,0.0,0.0,0.0,0.0,0.0,0.0,0.0,0.0,0.0,0.0,0.0,0.0,0.0,0.0,0.0,0.0,0.0,0.0,0.0,0.0,0.0,0.0,0.0,0.0,0.0,0.0,0.0,2018-02-28 06:41:00
2018-02-28 06:41:00,341,0,0.0,0.0,0.0,0.0,0.0,0.0,0.0,0.0,0.0,0.0,0.0,0.0,0.0,0.0,0.0,0.0,0.0,0.0,0.0,0.0,0.0,0.0,0.0,0.0,0.0,0.0,0.0,0.0,0.0,0.0,0.0,0.0,0.0,0.0,0.0,0.0,0.0,0.0,0.0,0.0,0.0,0.0,0.0,0.0,0.0,0.0,0.0,0.0,0.0,0.0,0.0,0.0,0.0,0.0,0.0,0.0,0.0,0.0,0.0,2018-02-28 06:42:00
2018-02-28 06:42:00,342,0,0.0,0.0,0.0,0.0,0.0,0.0,0.0,0.0,0.0,0.0,0.0,0.0,0.0,0.0,0.0,0.0,0.0,0.0,0.0,0.0,0.0,0.0,0.0,0.0,0.0,0.0,0.0,0.0,0.0,0.0,0.0,0.0,0.0,0.0,0.0,0.0,0.0,0.0,0.0,0.0,0.0,0.0,0.0,0.0,0.0,0.0,0.0,0.0,0.0,0.0,0.0,0.0,0.0,0.0,0.0,0.0,0.0,0.0,0.0,2018-02-28 06:43:00
2018-02-28 06:43:00,343,0,0.0,0.0,0.0,0.0,0.0,0.0,0.0,0.0,0.0,0.0,0.0,0.0,0.0,0.0,0.0,0.0,0.0,0.0,0.0,0.0,0.0,0.0,0.0,0.0,0.0,0.0,0.0,0.0,0.0,0.0,0.0,0.0,0.0,0.0,0.0,0.0,0.0,0.0,0.0,0.0,0.0,0.0,0.0,0.0,0.0,0.0,0.0,0.0,0.0,0.0,0.0,0.0,0.0,0.0,0.0,0.0,0.0,0.0,0.0,2018-02-28 06:44:00
2018-02-28 06:44:00,344,0,0.0,0.0,0.0,0.0,0.0,0.0,0.0,0.0,0.0,0.0,0.0,0.0,0.0,0.0,0.0,0.0,0.0,0.0,0.0,0.0,0.0,0.0,0.0,0.0,0.0,0.0,0.0,0.0,0.0,0.0,0.0,0.0,0.0,0.0,0.0,0.0,0.0,0.0,0.0,0.0,0.0,0.0,0.0,0.0,0.0,0.0,0.0,0.0,0.0,0.0,0.0,0.0,0.0,0.0,0.0,0.0,0.0,0.0,0.0,2018-02-28 06:45:00
2018-02-28 06:45:00,345,0,0.0,0.0,0.0,0.0,0.0,0.0,0.0,0.0,0.0,0.0,0.0,0.0,0.0,0.0,0.0,0.0,0.0,0.0,0.0,0.0,0.0,0.0,0.0,0.0,0.0,0.0,0.0,0.0,0.0,0.0,0.0,0.0,0.0,0.0,0.0,0.0,0.0,0.0,0.0,0.0,0.0,0.0,0.0,0.0,0.0,0.0,0.0,0.0,0.0,0.0,0.0,0.0,0.0,0.0,0.0,0.0,0.0,0.0,0.0,2018-02-28 06:46:00
2018-02-28 06:46:00,346,0,0.0,0.0,0.0,0.0,0.0,0.0,0.0,0.0,0.0,0.0,0.0,0.0,0.0,0.0,0.0,0.0,0.0,0.0,0.0,0.0,0.0,0.0,0.0,0.0,0.0,0.0,0.0,0.0,0.0,0.0,0.0,0.0,0.0,0.0,0.0,0.0,0.0,0.0,0.0,0.0,0.0,0.0,0.0,0.0,0.0,0.0,0.0,0.0,0.0,0.0,0.0,0.0,0.0,0.0,0.0,0.0,0.0,0.0,0.0,2018-02-28 06:47:00
2018-02-28 06:47:00,347,0,0.0,0.0,0.0,0.0,0.0,0.0,0.0,0.0,0.0,0.0,0.0,0.0,0.0,0.0,0.0,0.0,0.0,0.0,0.0,0.0,0.0,0.0,0.0,0.0,0.0,0.0,0.0,0.0,0.0,0.0,0.0,0.0,0.0,0.0,0.0,0.0,0.0,0.0,0.0,0.0,0.0,0.0,0.0,0.0,0.0,0.0,0.0,0.0,0.0,0.0,0.0,0.0,0.0,0.0,0.0,0.0,0.0,0.0,0.0,2018-02-28 06:48:00
2018-02-28 06:48:00,348,0,0.0,0.0,0.0,0.0,0.0,0.0,0.0,0.0,0.0,0.0,0.0,0.0,0.0,0.0,0.0,0.0,0.0,0.0,0.0,0.0,0.0,0.0,0.0,0.0,0.0,0.0,0.0,0.0,0.0,0.0,0.0,0.0,0.0,0.0,0.0,0.0,0.0,0.0,0.0,0.0,0.0,0.0,0.0,0.0,0.0,0.0,0.0,0.0,0.0,0.0,0.0,0.0,0.0,0.0,0.0,0.0,0.0,0.0,0.0,2018-02-28 06:49:00
2018-02-28 06:49:00,349,0,0.0,0.0,0.0,0.0,0.0,0.0,0.0,0.0,0.0,0.0,0.0,0.0,0.0,0.0,0.0,0.0,0.0,0.0,0.0,0.0,0.0,0.0,0.0,0.0,0.0,0.0,0.0,0.0,0.0,0.0,0.0,0.0,0.0,0.0,0.0,0.0,0.0,0.0,0.0,0.0,0.0,0.0,0.0,0.0,0.0,0.0,0.0,0.0,0.0,0.0,0.0,0.0,0.0,0.0,0.0,0.0,0.0,0.0,0.0,2018-02-28 06:50:00
2018-02-28 06:50:00,350,0,0.0,0.0,0.0,0.0,0.0,0.0,0.0,0.0,0.0,0.0,0.0,0.0,0.0,0.0,0.0,0.0,0.0,0.0,0.0,0.0,0.0,0.0,0.0,0.0,0.0,0.0,0.0,0.0,0.0,0.0,0.0,0.0,0.0,0.0,0.0,0.0,0.0,0.0,0.0,0.0,0.0,0.0,0.0,0.0,0.0,0.0,0.0,0.0,0.0,0.0,0.0,0.0,0.0,0.0,0.0,0.0,0.0,0.0,0.0,2018-02-28 06:51:00
2018-02-28 06:51:00,351,0,0.0,0.0,0.0,0.0,0.0,0.0,0.0,0.0,0.0,0.0,0.0,0.0,0.0,0.0,0.0,0.0,0.0,0.0,0.0,0.0,0.0,0.0,0.0,0.0,0.0,0.0,0.0,0.0,0.0,0.0,0.0,0.0,0.0,0.0,0.0,0.0,0.0,0.0,0.0,0.0,0.0,0.0,0.0,0.0,0.0,0.0,0.0,0.0,0.0,0.0,0.0,0.0,0.0,0.0,0.0,0.0,0.0,0.0,0.0,2018-02-28 06:52:00
2018-02-28 06:52:00,352,0,0.0,0.0,0.0,0.0,0.0,0.0,0.0,0.0,0.0,0.0,0.0,0.0,0.0,0.0,0.0,0.0,0.0,0.0,0.0,0.0,0.0,0.0,0.0,0.0,0.0,0.0,0.0,0.0,0.0,0.0,0.0,0.0,0.0,0.0,0.0,0.0,0.0,0.0,0.0,0.0,0.0,0.0,0.0,0.0,0.0,0.0,0.0,0.0,0.0,0.0,0.0,0.0,0.0,0.0,0.0,0.0,0.0,0.0,0.0,2018-02-28 06:53:00
2018-02-28 06:53:00,353,0,0.0,0.0,0.0,0.0,0.0,0.0,0.0,0.0,0.0,0.0,0.0,0.0,0.0,0.0,0.0,0.0,0.0,0.0,0.0,0.0,0.0,0.0,0.0,0.0,0.0,0.0,0.0,0.0,0.0,0.0,0.0,0.0,0.0,0.0,0.0,0.0,0.0,0.0,0.0,0.0,0.0,0.0,0.0,0.0,0.0,0.0,0.0,0.0,0.0,0.0,0.0,0.0,0.0,0.0,0.0,0.0,0.0,0.0,0.0,2018-02-28 06:54:00
2018-02-28 06:54:00,354,0,0.0,0.0,0.0,0.0,0.0,0.0,0.0,0.0,0.0,0.0,0.0,0.0,0.0,0.0,0.0,0.0,0.0,0.0,0.0,0.0,0.0,0.0,0.0,0.0,0.0,0.0,0.0,0.0,0.0,0.0,0.0,0.0,0.0,0.0,0.0,0.0,0.0,0.0,0.0,0.0,0.0,0.0,0.0,0.0,0.0,0.0,0.0,0.0,0.0,0.0,0.0,0.0,0.0,0.0,0.0,0.0,0.0,0.0,0.0,2018-02-28 06:55:00
2018-02-28 06:55:00,355,0,0.0,0.0,0.0,0.0,0.0,0.0,0.0,0.0,0.0,0.0,0.0,0.0,0.0,0.0,0.0,0.0,0.0,0.0,0.0,0.0,0.0,0.0,0.0,0.0,0.0,0.0,0.0,0.0,0.0,0.0,0.0,0.0,0.0,0.0,0.0,0.0,0.0,0.0,0.0,0.0,0.0,0.0,0.0,0.0,0.0,0.0,0.0,0.0,0.0,0.0,0.0,0.0,0.0,0.0,0.0,0.0,0.0,0.0,0.0,2018-02-28 06:56:00
2018-02-28 06:56:00,356,0,0.0,0.0,0.0,0.0,0.0,0.0,0.0,0.0,0.0,0.0,0.0,0.0,0.0,0.0,0.0,0.0,0.0,0.0,0.0,0.0,0.0,0.0,0.0,0.0,0.0,0.0,0.0,0.0,0.0,0.0,0.0,0.0,0.0,0.0,0.0,0.0,0.0,0.0,0.0,0.0,0.0,0.0,0.0,0.0,0.0,0.0,0.0,0.0,0.0,0.0,0.0,0.0,0.0,0.0,0.0,0.0,0.0,0.0,0.0,2018-02-28 06:57:00
2018-02-28 06:57:00,357,0,0.0,0.0,0.0,0.0,0.0,0.0,0.0,0.0,0.0,0.0,0.0,0.0,0.0,0.0,0.0,0.0,0.0,0.0,0.0,0.0,0.0,0.0,0.0,0.0,0.0,0.0,0.0,0.0,0.0,0.0,0.0,0.0,0.0,0.0,0.0,0.0,0.0,0.0,0.0,0.0,0.0,0.0,0.0,0.0,0.0,0.0,0.0,0.0,0.0,0.0,0.0,0.0,0.0,0.0,0.0,0.0,0.0,0.0,0.0,2018-02-28 06:58:00
2018-02-28 06:58:00,358,0,0.0,0.0,0.0,0.0,0.0,0.0,0.0,0.0,0.0,0.0,0.0,0.0,0.0,0.0,0.0,0.0,0.0,0.0,0.0,0.0,0.0,0.0,0.0,0.0,0.0,0.0,0.0,0.0,0.0,0.0,0.0,0.0,0.0,0.0,0.0,0.0,0.0,0.0,0.0,0.0,0.0,0.0,0.0,0.0,0.0,0.0,0.0,0.0,0.0,0.0,0.0,0.0,0.0,0.0,0.0,0.0,0.0,0.0,0.0,2018-02-28 06:59:00
2018-02-28 06:59:00,359,0,0.0,0.0,0.0,0.0,0.0,0.0,0.0,0.0,0.0,0.0,0.0,0.0,0.0,0.0,0.0,0.0,0.0,0.0,0.0,0.0,0.0,0.0,0.0,0.0,0.0,0.0,0.0,0.0,0.0,0.0,0.0,0.0,0.0,0.0,0.0,0.0,0.0,0.0,0.0,0.0,0.0,0.0,0.0,0.0,0.0,0.0,0.0,0.0,0.0,0.0,0.0,0.0,0.0,0.0,0.0,0.0,0.0,0.0,0.0,2018-02-28 07:00:00
2018-02-28 07:00:00,360,0,0.0,0.0,0.0,0.0,0.0,0.0,0.0,0.0,0.0,0.0,0.0,0.0,0.0,0.0,0.0,0.0,0.0,0.0,0.0,0.0,0.0,0.0,0.0,0.0,0.0,0.0,0.0,0.0,0.0,0.0,0.0,0.0,0.0,0.0,0.0,0.0,0.0,0.0,0.0,0.0,0.0,0.0,0.0,0.0,0.0,0.0,0.0,0.0,0.0,0.0,0.0,0.0,0.0,0.0,0.0,0.0,0.0,0.0,0.0,2018-02-28 07:01:00
2018-02-28 07:01:00,361,0,0.0,0.0,0.0,0.0,0.0,0.0,0.0,0.0,0.0,0.0,0.0,0.0,0.0,0.0,0.0,0.0,0.0,0.0,0.0,0.0,0.0,0.0,0.0,0.0,0.0,0.0,0.0,0.0,0.0,0.0,0.0,0.0,0.0,0.0,0.0,0.0,0.0,0.0,0.0,0.0,0.0,0.0,0.0,0.0,0.0,0.0,0.0,0.0,0.0,0.0,0.0,0.0,0.0,0.0,0.0,0.0,0.0,0.0,0.0,2018-02-28 07:02:00
2018-02-28 07:02:00,362,0,0.0,0.0,0.0,0.0,0.0,0.0,0.0,0.0,0.0,0.0,0.0,0.0,0.0,0.0,0.0,0.0,0.0,0.0,0.0,0.0,0.0,0.0,0.0,0.0,0.0,0.0,0.0,0.0,0.0,0.0,0.0,0.0,0.0,0.0,0.0,0.0,0.0,0.0,0.0,0.0,0.0,0.0,0.0,0.0,0.0,0.0,0.0,0.0,0.0,0.0,0.0,0.0,0.0,0.0,0.0,0.0,0.0,0.0,0.0,2018-02-28 07:03:00
2018-02-28 07:03:00,363,0,0.0,0.0,0.0,0.0,0.0,0.0,0.0,0.0,0.0,0.0,0.0,0.0,0.0,0.0,0.0,0.0,0.0,0.0,0.0,0.0,0.0,0.0,0.0,0.0,0.0,0.0,0.0,0.0,0.0,0.0,0.0,0.0,0.0,0.0,0.0,0.0,0.0,0.0,0.0,0.0,0.0,0.0,0.0,0.0,0.0,0.0,0.0,0.0,0.0,0.0,0.0,0.0,0.0,0.0,0.0,0.0,0.0,0.0,0.0,2018-02-28 07:04:00
2018-02-28 07:04:00,364,0,0.0,0.0,0.0,0.0,0.0,0.0,0.0,0.0,0.0,0.0,0.0,0.0,0.0,0.0,0.0,0.0,0.0,0.0,0.0,0.0,0.0,0.0,0.0,0.0,0.0,0.0,0.0,0.0,0.0,0.0,0.0,0.0,0.0,0.0,0.0,0.0,0.0,0.0,0.0,0.0,0.0,0.0,0.0,0.0,0.0,0.0,0.0,0.0,0.0,0.0,0.0,0.0,0.0,0.0,0.0,0.0,0.0,0.0,0.0,2018-02-28 07:05:00
2018-02-28 07:05:00,365,0,0.0,0.0,0.0,0.0,0.0,0.0,0.0,0.0,0.0,0.0,0.0,0.0,0.0,0.0,0.0,0.0,0.0,0.0,0.0,0.0,0.0,0.0,0.0,0.0,0.0,0.0,0.0,0.0,0.0,0.0,0.0,0.0,0.0,0.0,0.0,0.0,0.0,0.0,0.0,0.0,0.0,0.0,0.0,0.0,0.0,0.0,0.0,0.0,0.0,0.0,0.0,0.0,0.0,0.0,0.0,0.0,0.0,0.0,0.0,2018-02-28 07:06:00
2018-02-28 07:06:00,366,0,0.0,0.0,0.0,0.0,0.0,0.0,0.0,0.0,0.0,0.0,0.0,0.0,0.0,0.0,0.0,0.0,0.0,0.0,0.0,0.0,0.0,0.0,0.0,0.0,0.0,0.0,0.0,0.0,0.0,0.0,0.0,0.0,0.0,0.0,0.0,0.0,0.0,0.0,0.0,0.0,0.0,0.0,0.0,0.0,0.0,0.0,0.0,0.0,0.0,0.0,0.0,0.0,0.0,0.0,0.0,0.0,0.0,0.0,0.0,2018-02-28 07:07:00
2018-02-28 07:07:00,367,0,0.0,0.0,0.0,0.0,0.0,0.0,0.0,0.0,0.0,0.0,0.0,0.0,0.0,0.0,0.0,0.0,0.0,0.0,0.0,0.0,0.0,0.0,0.0,0.0,0.0,0.0,0.0,0.0,0.0,0.0,0.0,0.0,0.0,0.0,0.0,0.0,0.0,0.0,0.0,0.0,0.0,0.0,0.0,0.0,0.0,0.0,0.0,0.0,0.0,0.0,0.0,0.0,0.0,0.0,0.0,0.0,0.0,0.0,0.0,2018-02-28 07:08:00
2018-02-28 07:08:00,368,0,0.0,0.0,0.0,0.0,0.0,0.0,0.0,0.0,0.0,0.0,0.0,0.0,0.0,0.0,0.0,0.0,0.0,0.0,0.0,0.0,0.0,0.0,0.0,0.0,0.0,0.0,0.0,0.0,0.0,0.0,0.0,0.0,0.0,0.0,0.0,0.0,0.0,0.0,0.0,0.0,0.0,0.0,0.0,0.0,0.0,0.0,0.0,0.0,0.0,0.0,0.0,0.0,0.0,0.0,0.0,0.0,0.0,0.0,0.0,2018-02-28 07:09:00
2018-02-28 07:09:00,369,0,0.0,0.0,0.0,0.0,0.0,0.0,0.0,0.0,0.0,0.0,0.0,0.0,0.0,0.0,0.0,0.0,0.0,0.0,0.0,0.0,0.0,0.0,0.0,0.0,0.0,0.0,0.0,0.0,0.0,0.0,0.0,0.0,0.0,0.0,0.0,0.0,0.0,0.0,0.0,0.0,0.0,0.0,0.0,0.0,0.0,0.0,0.0,0.0,0.0,0.0,0.0,0.0,0.0,0.0,0.0,0.0,0.0,0.0,0.0,2018-02-28 07:10:00
2018-02-28 07:10:00,370,0,0.0,0.0,0.0,0.0,0.0,0.0,0.0,0.0,0.0,0.0,0.0,0.0,0.0,0.0,0.0,0.0,0.0,0.0,0.0,0.0,0.0,0.0,0.0,0.0,0.0,0.0,0.0,0.0,0.0,0.0,0.0,0.0,0.0,0.0,0.0,0.0,0.0,0.0,0.0,0.0,0.0,0.0,0.0,0.0,0.0,0.0,0.0,0.0,0.0,0.0,0.0,0.0,0.0,0.0,0.0,0.0,0.0,0.0,0.0,2018-02-28 07:11:00
2018-02-28 07:11:00,371,0,0.0,0.0,0.0,0.0,0.0,0.0,0.0,0.0,0.0,0.0,0.0,0.0,0.0,0.0,0.0,0.0,0.0,0.0,0.0,0.0,0.0,0.0,0.0,0.0,0.0,0.0,0.0,0.0,0.0,0.0,0.0,0.0,0.0,0.0,0.0,0.0,0.0,0.0,0.0,0.0,0.0,0.0,0.0,0.0,0.0,0.0,0.0,0.0,0.0,0.0,0.0,0.0,0.0,0.0,0.0,0.0,0.0,0.0,0.0,2018-02-28 07:12:00
2018-02-28 07:12:00,372,0,0.0,0.0,0.0,0.0,0.0,0.0,0.0,0.0,0.0,0.0,0.0,0.0,0.0,0.0,0.0,0.0,0.0,0.0,0.0,0.0,0.0,0.0,0.0,0.0,0.0,0.0,0.0,0.0,0.0,0.0,0.0,0.0,0.0,0.0,0.0,0.0,0.0,0.0,0.0,0.0,0.0,0.0,0.0,0.0,0.0,0.0,0.0,0.0,0.0,0.0,0.0,0.0,0.0,0.0,0.0,0.0,0.0,0.0,0.0,2018-02-28 07:13:00
2018-02-28 07:13:00,373,0,0.0,0.0,0.0,0.0,0.0,0.0,0.0,0.0,0.0,0.0,0.0,0.0,0.0,0.0,0.0,0.0,0.0,0.0,0.0,0.0,0.0,0.0,0.0,0.0,0.0,0.0,0.0,0.0,0.0,0.0,0.0,0.0,0.0,0.0,0.0,0.0,0.0,0.0,0.0,0.0,0.0,0.0,0.0,0.0,0.0,0.0,0.0,0.0,0.0,0.0,0.0,0.0,0.0,0.0,0.0,0.0,0.0,0.0,0.0,2018-02-28 07:14:00
2018-02-28 07:14:00,374,0,0.0,0.0,0.0,0.0,0.0,0.0,0.0,0.0,0.0,0.0,0.0,0.0,0.0,0.0,0.0,0.0,0.0,0.0,0.0,0.0,0.0,0.0,0.0,0.0,0.0,0.0,0.0,0.0,0.0,0.0,0.0,0.0,0.0,0.0,0.0,0.0,0.0,0.0,0.0,0.0,0.0,0.0,0.0,0.0,0.0,0.0,0.0,0.0,0.0,0.0,0.0,0.0,0.0,0.0,0.0,0.0,0.0,0.0,0.0,2018-02-28 07:15:00
2018-02-28 07:15:00,375,0,0.0,0.0,0.0,0.0,0.0,0.0,0.0,0.0,0.0,0.0,0.0,0.0,0.0,0.0,0.0,0.0,0.0,0.0,0.0,0.0,0.0,0.0,0.0,0.0,0.0,0.0,0.0,0.0,0.0,0.0,0.0,0.0,0.0,0.0,0.0,0.0,0.0,0.0,0.0,0.0,0.0,0.0,0.0,0.0,0.0,0.0,0.0,0.0,0.0,0.0,0.0,0.0,0.0,0.0,0.0,0.0,0.0,0.0,0.0,2018-02-28 07:16:00
2018-02-28 07:16:00,376,0,0.0,0.0,0.0,0.0,0.0,0.0,0.0,0.0,0.0,0.0,0.0,0.0,0.0,0.0,0.0,0.0,0.0,0.0,0.0,0.0,0.0,0.0,0.0,0.0,0.0,0.0,0.0,0.0,0.0,0.0,0.0,0.0,0.0,0.0,0.0,0.0,0.0,0.0,0.0,0.0,0.0,0.0,0.0,0.0,0.0,0.0,0.0,0.0,0.0,0.0,0.0,0.0,0.0,0.0,0.0,0.0,0.0,0.0,0.0,2018-02-28 07:17:00
2018-02-28 07:17:00,377,0,0.0,0.0,0.0,0.0,0.0,0.0,0.0,0.0,0.0,0.0,0.0,0.0,0.0,0.0,0.0,0.0,0.0,0.0,0.0,0.0,0.0,0.0,0.0,0.0,0.0,0.0,0.0,0.0,0.0,0.0,0.0,0.0,0.0,0.0,0.0,0.0,0.0,0.0,0.0,0.0,0.0,0.0,0.0,0.0,0.0,0.0,0.0,0.0,0.0,0.0,0.0,0.0,0.0,0.0,0.0,0.0,0.0,0.0,0.0,2018-02-28 07:18:00
2018-02-28 07:18:00,378,0,0.0,0.0,0.0,0.0,0.0,0.0,0.0,0.0,0.0,0.0,0.0,0.0,0.0,0.0,0.0,0.0,0.0,0.0,0.0,0.0,0.0,0.0,0.0,0.0,0.0,0.0,0.0,0.0,0.0,0.0,0.0,0.0,0.0,0.0,0.0,0.0,0.0,0.0,0.0,0.0,0.0,0.0,0.0,0.0,0.0,0.0,0.0,0.0,0.0,0.0,0.0,0.0,0.0,0.0,0.0,0.0,0.0,0.0,0.0,2018-02-28 07:19:00
2018-02-28 07:19:00,379,0,0.0,0.0,0.0,0.0,0.0,0.0,0.0,0.0,0.0,0.0,0.0,0.0,0.0,0.0,0.0,0.0,0.0,0.0,0.0,0.0,0.0,0.0,0.0,0.0,0.0,0.0,0.0,0.0,0.0,0.0,0.0,0.0,0.0,0.0,0.0,0.0,0.0,0.0,0.0,0.0,0.0,0.0,0.0,0.0,0.0,0.0,0.0,0.0,0.0,0.0,0.0,0.0,0.0,0.0,0.0,0.0,0.0,0.0,0.0,2018-02-28 07:20:00
2018-02-28 07:20:00,380,0,0.0,0.0,0.0,0.0,0.0,0.0,0.0,0.0,0.0,0.0,0.0,0.0,0.0,0.0,0.0,0.0,0.0,0.0,0.0,0.0,0.0,0.0,0.0,0.0,0.0,0.0,0.0,0.0,0.0,0.0,0.0,0.0,0.0,0.0,0.0,0.0,0.0,0.0,0.0,0.0,0.0,0.0,0.0,0.0,0.0,0.0,0.0,0.0,0.0,0.0,0.0,0.0,0.0,0.0,0.0,0.0,0.0,0.0,0.0,2018-02-28 07:21:00
2018-02-28 07:21:00,381,0,0.0,0.0,0.0,0.0,0.0,0.0,0.0,0.0,0.0,0.0,0.0,0.0,0.0,0.0,0.0,0.0,0.0,0.0,0.0,0.0,0.0,0.0,0.0,0.0,0.0,0.0,0.0,0.0,0.0,0.0,0.0,0.0,0.0,0.0,0.0,0.0,0.0,0.0,0.0,0.0,0.0,0.0,0.0,0.0,0.0,0.0,0.0,0.0,0.0,0.0,0.0,0.0,0.0,0.0,0.0,0.0,0.0,0.0,0.0,2018-02-28 07:22:00
2018-02-28 07:22:00,382,0,0.0,0.0,0.0,0.0,0.0,0.0,0.0,0.0,0.0,0.0,0.0,0.0,0.0,0.0,0.0,0.0,0.0,0.0,0.0,0.0,0.0,0.0,0.0,0.0,0.0,0.0,0.0,0.0,0.0,0.0,0.0,0.0,0.0,0.0,0.0,0.0,0.0,0.0,0.0,0.0,0.0,0.0,0.0,0.0,0.0,0.0,0.0,0.0,0.0,0.0,0.0,0.0,0.0,0.0,0.0,0.0,0.0,0.0,0.0,2018-02-28 07:23:00
2018-02-28 07:23:00,383,0,0.0,0.0,0.0,0.0,0.0,0.0,0.0,0.0,0.0,0.0,0.0,0.0,0.0,0.0,0.0,0.0,0.0,0.0,0.0,0.0,0.0,0.0,0.0,0.0,0.0,0.0,0.0,0.0,0.0,0.0,0.0,0.0,0.0,0.0,0.0,0.0,0.0,0.0,0.0,0.0,0.0,0.0,0.0,0.0,0.0,0.0,0.0,0.0,0.0,0.0,0.0,0.0,0.0,0.0,0.0,0.0,0.0,0.0,0.0,2018-02-28 07:24:00
2018-02-28 07:24:00,384,0,0.0,0.0,0.0,0.0,0.0,0.0,0.0,0.0,0.0,0.0,0.0,0.0,0.0,0.0,0.0,0.0,0.0,0.0,0.0,0.0,0.0,0.0,0.0,0.0,0.0,0.0,0.0,0.0,0.0,0.0,0.0,0.0,0.0,0.0,0.0,0.0,0.0,0.0,0.0,0.0,0.0,0.0,0.0,0.0,0.0,0.0,0.0,0.0,0.0,0.0,0.0,0.0,0.0,0.0,0.0,0.0,0.0,0.0,0.0,2018-02-28 07:25:00
2018-02-28 07:25:00,385,0,0.0,0.0,0.0,0.0,0.0,0.0,0.0,0.0,0.0,0.0,0.0,0.0,0.0,0.0,0.0,0.0,0.0,0.0,0.0,0.0,0.0,0.0,0.0,0.0,0.0,0.0,0.0,0.0,0.0,0.0,0.0,0.0,0.0,0.0,0.0,0.0,0.0,0.0,0.0,0.0,0.0,0.0,0.0,0.0,0.0,0.0,0.0,0.0,0.0,0.0,0.0,0.0,0.0,0.0,0.0,0.0,0.0,0.0,0.0,2018-02-28 07:26:00
2018-02-28 07:26:00,386,0,0.0,0.0,0.0,0.0,0.0,0.0,0.0,0.0,0.0,0.0,0.0,0.0,0.0,0.0,0.0,0.0,0.0,0.0,0.0,0.0,0.0,0.0,0.0,0.0,0.0,0.0,0.0,0.0,0.0,0.0,0.0,0.0,0.0,0.0,0.0,0.0,0.0,0.0,0.0,0.0,0.0,0.0,0.0,0.0,0.0,0.0,0.0,0.0,0.0,0.0,0.0,0.0,0.0,0.0,0.0,0.0,0.0,0.0,0.0,2018-02-28 07:27:00
2018-02-28 07:27:00,387,0,0.0,0.0,0.0,0.0,0.0,0.0,0.0,0.0,0.0,0.0,0.0,0.0,0.0,0.0,0.0,0.0,0.0,0.0,0.0,0.0,0.0,0.0,0.0,0.0,0.0,0.0,0.0,0.0,0.0,0.0,0.0,0.0,0.0,0.0,0.0,0.0,0.0,0.0,0.0,0.0,0.0,0.0,0.0,0.0,0.0,0.0,0.0,0.0,0.0,0.0,0.0,0.0,0.0,0.0,0.0,0.0,0.0,0.0,0.0,2018-02-28 07:28:00
2018-02-28 07:28:00,388,0,0.0,0.0,0.0,0.0,0.0,0.0,0.0,0.0,0.0,0.0,0.0,0.0,0.0,0.0,0.0,0.0,0.0,0.0,0.0,0.0,0.0,0.0,0.0,0.0,0.0,0.0,0.0,0.0,0.0,0.0,0.0,0.0,0.0,0.0,0.0,0.0,0.0,0.0,0.0,0.0,0.0,0.0,0.0,0.0,0.0,0.0,0.0,0.0,0.0,0.0,0.0,0.0,0.0,0.0,0.0,0.0,0.0,0.0,0.0,2018-02-28 07:29:00
2018-02-28 07:29:00,389,0,0.0,0.0,0.0,0.0,0.0,0.0,0.0,0.0,0.0,0.0,0.0,0.0,0.0,0.0,0.0,0.0,0.0,0.0,0.0,0.0,0.0,0.0,0.0,0.0,0.0,0.0,0.0,0.0,0.0,0.0,0.0,0.0,0.0,0.0,0.0,0.0,0.0,0.0,0.0,0.0,0.0,0.0,0.0,0.0,0.0,0.0,0.0,0.0,0.0,0.0,0.0,0.0,0.0,0.0,0.0,0.0,0.0,0.0,0.0,2018-02-28 07:30:00
2018-02-28 07:30:00,390,0,0.0,0.0,0.0,0.0,0.0,0.0,0.0,0.0,0.0,0.0,0.0,0.0,0.0,0.0,0.0,0.0,0.0,0.0,0.0,0.0,0.0,0.0,0.0,0.0,0.0,0.0,0.0,0.0,0.0,0.0,0.0,0.0,0.0,0.0,0.0,0.0,0.0,0.0,0.0,0.0,0.0,0.0,0.0,0.0,0.0,0.0,0.0,0.0,0.0,0.0,0.0,0.0,0.0,0.0,0.0,0.0,0.0,0.0,0.0,2018-02-28 07:31:00
2018-02-28 07:31:00,391,0,0.0,0.0,0.0,0.0,0.0,0.0,0.0,0.0,0.0,0.0,0.0,0.0,0.0,0.0,0.0,0.0,0.0,0.0,0.0,0.0,0.0,0.0,0.0,0.0,0.0,0.0,0.0,0.0,0.0,0.0,0.0,0.0,0.0,0.0,0.0,0.0,0.0,0.0,0.0,0.0,0.0,0.0,0.0,0.0,0.0,0.0,0.0,0.0,0.0,0.0,0.0,0.0,0.0,0.0,0.0,0.0,0.0,0.0,0.0,2018-02-28 07:32:00
2018-02-28 07:32:00,392,0,0.0,0.0,0.0,0.0,0.0,0.0,0.0,0.0,0.0,0.0,0.0,0.0,0.0,0.0,0.0,0.0,0.0,0.0,0.0,0.0,0.0,0.0,0.0,0.0,0.0,0.0,0.0,0.0,0.0,0.0,0.0,0.0,0.0,0.0,0.0,0.0,0.0,0.0,0.0,0.0,0.0,0.0,0.0,0.0,0.0,0.0,0.0,0.0,0.0,0.0,0.0,0.0,0.0,0.0,0.0,0.0,0.0,0.0,0.0,2018-02-28 07:33:00
2018-02-28 07:33:00,393,0,0.0,0.0,0.0,0.0,0.0,0.0,0.0,0.0,0.0,0.0,0.0,0.0,0.0,0.0,0.0,0.0,0.0,0.0,0.0,0.0,0.0,0.0,0.0,0.0,0.0,0.0,0.0,0.0,0.0,0.0,0.0,0.0,0.0,0.0,0.0,0.0,0.0,0.0,0.0,0.0,0.0,0.0,0.0,0.0,0.0,0.0,0.0,0.0,0.0,0.0,0.0,0.0,0.0,0.0,0.0,0.0,0.0,0.0,0.0,2018-02-28 07:34:00
2018-02-28 07:34:00,394,0,0.0,0.0,0.0,0.0,0.0,0.0,0.0,0.0,0.0,0.0,0.0,0.0,0.0,0.0,0.0,0.0,0.0,0.0,0.0,0.0,0.0,0.0,0.0,0.0,0.0,0.0,0.0,0.0,0.0,0.0,0.0,0.0,0.0,0.0,0.0,0.0,0.0,0.0,0.0,0.0,0.0,0.0,0.0,0.0,0.0,0.0,0.0,0.0,0.0,0.0,0.0,0.0,0.0,0.0,0.0,0.0,0.0,0.0,0.0,2018-02-28 07:35:00
2018-02-28 07:35:00,395,0,0.0,0.0,0.0,0.0,0.0,0.0,0.0,0.0,0.0,0.0,0.0,0.0,0.0,0.0,0.0,0.0,0.0,0.0,0.0,0.0,0.0,0.0,0.0,0.0,0.0,0.0,0.0,0.0,0.0,0.0,0.0,0.0,0.0,0.0,0.0,0.0,0.0,0.0,0.0,0.0,0.0,0.0,0.0,0.0,0.0,0.0,0.0,0.0,0.0,0.0,0.0,0.0,0.0,0.0,0.0,0.0,0.0,0.0,0.0,2018-02-28 07:36:00
2018-02-28 07:36:00,396,0,0.0,0.0,0.0,0.0,0.0,0.0,0.0,0.0,0.0,0.0,0.0,0.0,0.0,0.0,0.0,0.0,0.0,0.0,0.0,0.0,0.0,0.0,0.0,0.0,0.0,0.0,0.0,0.0,0.0,0.0,0.0,0.0,0.0,0.0,0.0,0.0,0.0,0.0,0.0,0.0,0.0,0.0,0.0,0.0,0.0,0.0,0.0,0.0,0.0,0.0,0.0,0.0,0.0,0.0,0.0,0.0,0.0,0.0,0.0,2018-02-28 07:37:00
2018-02-28 07:37:00,397,0,0.0,0.0,0.0,0.0,0.0,0.0,0.0,0.0,0.0,0.0,0.0,0.0,0.0,0.0,0.0,0.0,0.0,0.0,0.0,0.0,0.0,0.0,0.0,0.0,0.0,0.0,0.0,0.0,0.0,0.0,0.0,0.0,0.0,0.0,0.0,0.0,0.0,0.0,0.0,0.0,0.0,0.0,0.0,0.0,0.0,0.0,0.0,0.0,0.0,0.0,0.0,0.0,0.0,0.0,0.0,0.0,0.0,0.0,0.0,2018-02-28 07:38:00
2018-02-28 07:38:00,398,0,0.0,0.0,0.0,0.0,0.0,0.0,0.0,0.0,0.0,0.0,0.0,0.0,0.0,0.0,0.0,0.0,0.0,0.0,0.0,0.0,0.0,0.0,0.0,0.0,0.0,0.0,0.0,0.0,0.0,0.0,0.0,0.0,0.0,0.0,0.0,0.0,0.0,0.0,0.0,0.0,0.0,0.0,0.0,0.0,0.0,0.0,0.0,0.0,0.0,0.0,0.0,0.0,0.0,0.0,0.0,0.0,0.0,0.0,0.0,2018-02-28 07:39:00
2018-02-28 07:39:00,399,0,0.0,0.0,0.0,0.0,0.0,0.0,0.0,0.0,0.0,0.0,0.0,0.0,0.0,0.0,0.0,0.0,0.0,0.0,0.0,0.0,0.0,0.0,0.0,0.0,0.0,0.0,0.0,0.0,0.0,0.0,0.0,0.0,0.0,0.0,0.0,0.0,0.0,0.0,0.0,0.0,0.0,0.0,0.0,0.0,0.0,0.0,0.0,0.0,0.0,0.0,0.0,0.0,0.0,0.0,0.0,0.0,0.0,0.0,0.0,2018-02-28 07:40:00
2018-02-28 07:40:00,400,0,0.0,0.0,0.0,0.0,0.0,0.0,0.0,0.0,0.0,0.0,0.0,0.0,0.0,0.0,0.0,0.0,0.0,0.0,0.0,0.0,0.0,0.0,0.0,0.0,0.0,0.0,0.0,0.0,0.0,0.0,0.0,0.0,0.0,0.0,0.0,0.0,0.0,0.0,0.0,0.0,0.0,0.0,0.0,0.0,0.0,0.0,0.0,0.0,0.0,0.0,0.0,0.0,0.0,0.0,0.0,0.0,0.0,0.0,0.0,2018-02-28 07:41:00
2018-02-28 07:41:00,401,0,0.0,0.0,0.0,0.0,0.0,0.0,0.0,0.0,0.0,0.0,0.0,0.0,0.0,0.0,0.0,0.0,0.0,0.0,0.0,0.0,0.0,0.0,0.0,0.0,0.0,0.0,0.0,0.0,0.0,0.0,0.0,0.0,0.0,0.0,0.0,0.0,0.0,0.0,0.0,0.0,0.0,0.0,0.0,0.0,0.0,0.0,0.0,0.0,0.0,0.0,0.0,0.0,0.0,0.0,0.0,0.0,0.0,0.0,0.0,2018-02-28 07:42:00
2018-02-28 07:42:00,402,0,0.0,0.0,0.0,0.0,0.0,0.0,0.0,0.0,0.0,0.0,0.0,0.0,0.0,0.0,0.0,0.0,0.0,0.0,0.0,0.0,0.0,0.0,0.0,0.0,0.0,0.0,0.0,0.0,0.0,0.0,0.0,0.0,0.0,0.0,0.0,0.0,0.0,0.0,0.0,0.0,0.0,0.0,0.0,0.0,0.0,0.0,0.0,0.0,0.0,0.0,0.0,0.0,0.0,0.0,0.0,0.0,0.0,0.0,0.0,2018-02-28 07:43:00
2018-02-28 07:43:00,403,0,0.0,0.0,0.0,0.0,0.0,0.0,0.0,0.0,0.0,0.0,0.0,0.0,0.0,0.0,0.0,0.0,0.0,0.0,0.0,0.0,0.0,0.0,0.0,0.0,0.0,0.0,0.0,0.0,0.0,0.0,0.0,0.0,0.0,0.0,0.0,0.0,0.0,0.0,0.0,0.0,0.0,0.0,0.0,0.0,0.0,0.0,0.0,0.0,0.0,0.0,0.0,0.0,0.0,0.0,0.0,0.0,0.0,0.0,0.0,2018-02-28 07:44:00
2018-02-28 07:44:00,404,0,0.0,0.0,0.0,0.0,0.0,0.0,0.0,0.0,0.0,0.0,0.0,0.0,0.0,0.0,0.0,0.0,0.0,0.0,0.0,0.0,0.0,0.0,0.0,0.0,0.0,0.0,0.0,0.0,0.0,0.0,0.0,0.0,0.0,0.0,0.0,0.0,0.0,0.0,0.0,0.0,0.0,0.0,0.0,0.0,0.0,0.0,0.0,0.0,0.0,0.0,0.0,0.0,0.0,0.0,0.0,0.0,0.0,0.0,0.0,2018-02-28 07:45:00
2018-02-28 07:45:00,405,0,0.0,0.0,0.0,0.0,0.0,0.0,0.0,0.0,0.0,0.0,0.0,0.0,0.0,0.0,0.0,0.0,0.0,0.0,0.0,0.0,0.0,0.0,0.0,0.0,0.0,0.0,0.0,0.0,0.0,0.0,0.0,0.0,0.0,0.0,0.0,0.0,0.0,0.0,0.0,0.0,0.0,0.0,0.0,0.0,0.0,0.0,0.0,0.0,0.0,0.0,0.0,0.0,0.0,0.0,0.0,0.0,0.0,0.0,0.0,2018-02-28 07:46:00
2018-02-28 07:46:00,406,0,0.0,0.0,0.0,0.0,0.0,0.0,0.0,0.0,0.0,0.0,0.0,0.0,0.0,0.0,0.0,0.0,0.0,0.0,0.0,0.0,0.0,0.0,0.0,0.0,0.0,0.0,0.0,0.0,0.0,0.0,0.0,0.0,0.0,0.0,0.0,0.0,0.0,0.0,0.0,0.0,0.0,0.0,0.0,0.0,0.0,0.0,0.0,0.0,0.0,0.0,0.0,0.0,0.0,0.0,0.0,0.0,0.0,0.0,0.0,2018-02-28 07:47:00
2018-02-28 07:47:00,407,0,0.0,0.0,0.0,0.0,0.0,0.0,0.0,0.0,0.0,0.0,0.0,0.0,0.0,0.0,0.0,0.0,0.0,0.0,0.0,0.0,0.0,0.0,0.0,0.0,0.0,0.0,0.0,0.0,0.0,0.0,0.0,0.0,0.0,0.0,0.0,0.0,0.0,0.0,0.0,0.0,0.0,0.0,0.0,0.0,0.0,0.0,0.0,0.0,0.0,0.0,0.0,0.0,0.0,0.0,0.0,0.0,0.0,0.0,0.0,2018-02-28 07:48:00
2018-02-28 07:48:00,408,0,0.0,0.0,0.0,0.0,0.0,0.0,0.0,0.0,0.0,0.0,0.0,0.0,0.0,0.0,0.0,0.0,0.0,0.0,0.0,0.0,0.0,0.0,0.0,0.0,0.0,0.0,0.0,0.0,0.0,0.0,0.0,0.0,0.0,0.0,0.0,0.0,0.0,0.0,0.0,0.0,0.0,0.0,0.0,0.0,0.0,0.0,0.0,0.0,0.0,0.0,0.0,0.0,0.0,0.0,0.0,0.0,0.0,0.0,0.0,2018-02-28 07:49:00
2018-02-28 07:49:00,409,0,0.0,0.0,0.0,0.0,0.0,0.0,0.0,0.0,0.0,0.0,0.0,0.0,0.0,0.0,0.0,0.0,0.0,0.0,0.0,0.0,0.0,0.0,0.0,0.0,0.0,0.0,0.0,0.0,0.0,0.0,0.0,0.0,0.0,0.0,0.0,0.0,0.0,0.0,0.0,0.0,0.0,0.0,0.0,0.0,0.0,0.0,0.0,0.0,0.0,0.0,0.0,0.0,0.0,0.0,0.0,0.0,0.0,0.0,0.0,2018-02-28 07:50:00
2018-02-28 07:50:00,410,0,0.0,0.0,0.0,0.0,0.0,0.0,0.0,0.0,0.0,0.0,0.0,0.0,0.0,0.0,0.0,0.0,0.0,0.0,0.0,0.0,0.0,0.0,0.0,0.0,0.0,0.0,0.0,0.0,0.0,0.0,0.0,0.0,0.0,0.0,0.0,0.0,0.0,0.0,0.0,0.0,0.0,0.0,0.0,0.0,0.0,0.0,0.0,0.0,0.0,0.0,0.0,0.0,0.0,0.0,0.0,0.0,0.0,0.0,0.0,2018-02-28 07:51:00
2018-02-28 07:51:00,411,0,0.0,0.0,0.0,0.0,0.0,0.0,0.0,0.0,0.0,0.0,0.0,0.0,0.0,0.0,0.0,0.0,0.0,0.0,0.0,0.0,0.0,0.0,0.0,0.0,0.0,0.0,0.0,0.0,0.0,0.0,0.0,0.0,0.0,0.0,0.0,0.0,0.0,0.0,0.0,0.0,0.0,0.0,0.0,0.0,0.0,0.0,0.0,0.0,0.0,0.0,0.0,0.0,0.0,0.0,0.0,0.0,0.0,0.0,0.0,2018-02-28 07:52:00
2018-02-28 07:52:00,412,0,0.0,0.0,0.0,0.0,0.0,0.0,0.0,0.0,0.0,0.0,0.0,0.0,0.0,0.0,0.0,0.0,0.0,0.0,0.0,0.0,0.0,0.0,0.0,0.0,0.0,0.0,0.0,0.0,0.0,0.0,0.0,0.0,0.0,0.0,0.0,0.0,0.0,0.0,0.0,0.0,0.0,0.0,0.0,0.0,0.0,0.0,0.0,0.0,0.0,0.0,0.0,0.0,0.0,0.0,0.0,0.0,0.0,0.0,0.0,2018-02-28 07:53:00
2018-02-28 07:53:00,413,0,0.0,0.0,0.0,0.0,0.0,0.0,0.0,0.0,0.0,0.0,0.0,0.0,0.0,0.0,0.0,0.0,0.0,0.0,0.0,0.0,0.0,0.0,0.0,0.0,0.0,0.0,0.0,0.0,0.0,0.0,0.0,0.0,0.0,0.0,0.0,0.0,0.0,0.0,0.0,0.0,0.0,0.0,0.0,0.0,0.0,0.0,0.0,0.0,0.0,0.0,0.0,0.0,0.0,0.0,0.0,0.0,0.0,0.0,0.0,2018-02-28 07:54:00
2018-02-28 07:54:00,414,0,0.0,0.0,0.0,0.0,0.0,0.0,0.0,0.0,0.0,0.0,0.0,0.0,0.0,0.0,0.0,0.0,0.0,0.0,0.0,0.0,0.0,0.0,0.0,0.0,0.0,0.0,0.0,0.0,0.0,0.0,0.0,0.0,0.0,0.0,0.0,0.0,0.0,0.0,0.0,0.0,0.0,0.0,0.0,0.0,0.0,0.0,0.0,0.0,0.0,0.0,0.0,0.0,0.0,0.0,0.0,0.0,0.0,0.0,0.0,2018-02-28 07:55:00
2018-02-28 07:55:00,415,0,0.0,0.0,0.0,0.0,0.0,0.0,0.0,0.0,0.0,0.0,0.0,0.0,0.0,0.0,0.0,0.0,0.0,0.0,0.0,0.0,0.0,0.0,0.0,0.0,0.0,0.0,0.0,0.0,0.0,0.0,0.0,0.0,0.0,0.0,0.0,0.0,0.0,0.0,0.0,0.0,0.0,0.0,0.0,0.0,0.0,0.0,0.0,0.0,0.0,0.0,0.0,0.0,0.0,0.0,0.0,0.0,0.0,0.0,0.0,2018-02-28 07:56:00
2018-02-28 07:56:00,416,0,0.0,0.0,0.0,0.0,0.0,0.0,0.0,0.0,0.0,0.0,0.0,0.0,0.0,0.0,0.0,0.0,0.0,0.0,0.0,0.0,0.0,0.0,0.0,0.0,0.0,0.0,0.0,0.0,0.0,0.0,0.0,0.0,0.0,0.0,0.0,0.0,0.0,0.0,0.0,0.0,0.0,0.0,0.0,0.0,0.0,0.0,0.0,0.0,0.0,0.0,0.0,0.0,0.0,0.0,0.0,0.0,0.0,0.0,0.0,2018-02-28 07:57:00
2018-02-28 07:57:00,417,0,0.0,0.0,0.0,0.0,0.0,0.0,0.0,0.0,0.0,0.0,0.0,0.0,0.0,0.0,0.0,0.0,0.0,0.0,0.0,0.0,0.0,0.0,0.0,0.0,0.0,0.0,0.0,0.0,0.0,0.0,0.0,0.0,0.0,0.0,0.0,0.0,0.0,0.0,0.0,0.0,0.0,0.0,0.0,0.0,0.0,0.0,0.0,0.0,0.0,0.0,0.0,0.0,0.0,0.0,0.0,0.0,0.0,0.0,0.0,2018-02-28 07:58:00
2018-02-28 07:58:00,418,0,0.0,0.0,0.0,0.0,0.0,0.0,0.0,0.0,0.0,0.0,0.0,0.0,0.0,0.0,0.0,0.0,0.0,0.0,0.0,0.0,0.0,0.0,0.0,0.0,0.0,0.0,0.0,0.0,0.0,0.0,0.0,0.0,0.0,0.0,0.0,0.0,0.0,0.0,0.0,0.0,0.0,0.0,0.0,0.0,0.0,0.0,0.0,0.0,0.0,0.0,0.0,0.0,0.0,0.0,0.0,0.0,0.0,0.0,0.0,2018-02-28 07:59:00
2018-02-28 07:59:00,419,0,0.0,0.0,0.0,0.0,0.0,0.0,0.0,0.0,0.0,0.0,0.0,0.0,0.0,0.0,0.0,0.0,0.0,0.0,0.0,0.0,0.0,0.0,0.0,0.0,0.0,0.0,0.0,0.0,0.0,0.0,0.0,0.0,0.0,0.0,0.0,0.0,0.0,0.0,0.0,0.0,0.0,0.0,0.0,0.0,0.0,0.0,0.0,0.0,0.0,0.0,0.0,0.0,0.0,0.0,0.0,0.0,0.0,0.0,0.0,2018-02-28 08:00:00
2018-02-28 08:00:00,420,0,0.0,0.0,0.0,0.0,0.0,0.0,0.0,0.0,0.0,0.0,0.0,0.0,0.0,0.0,0.0,0.0,0.0,0.0,0.0,0.0,0.0,0.0,0.0,0.0,0.0,0.0,0.0,0.0,0.0,0.0,0.0,0.0,0.0,0.0,0.0,0.0,0.0,0.0,0.0,0.0,0.0,0.0,0.0,0.0,0.0,0.0,0.0,0.0,0.0,0.0,0.0,0.0,0.0,0.0,0.0,0.0,0.0,0.0,0.0,2018-02-28 08:01:00
2018-02-28 08:01:00,421,0,0.0,0.0,0.0,0.0,0.0,0.0,0.0,0.0,0.0,0.0,0.0,0.0,0.0,0.0,0.0,0.0,0.0,0.0,0.0,0.0,0.0,0.0,0.0,0.0,0.0,0.0,0.0,0.0,0.0,0.0,0.0,0.0,0.0,0.0,0.0,0.0,0.0,0.0,0.0,0.0,0.0,0.0,0.0,0.0,0.0,0.0,0.0,0.0,0.0,0.0,0.0,0.0,0.0,0.0,0.0,0.0,0.0,0.0,0.0,2018-02-28 08:02:00
2018-02-28 08:02:00,422,0,0.0,0.0,0.0,0.0,0.0,0.0,0.0,0.0,0.0,0.0,0.0,0.0,0.0,0.0,0.0,0.0,0.0,0.0,0.0,0.0,0.0,0.0,0.0,0.0,0.0,0.0,0.0,0.0,0.0,0.0,0.0,0.0,0.0,0.0,0.0,0.0,0.0,0.0,0.0,0.0,0.0,0.0,0.0,0.0,0.0,0.0,0.0,0.0,0.0,0.0,0.0,0.0,0.0,0.0,0.0,0.0,0.0,0.0,0.0,2018-02-28 08:03:00
2018-02-28 08:03:00,423,0,0.0,0.0,0.0,0.0,0.0,0.0,0.0,0.0,0.0,0.0,0.0,0.0,0.0,0.0,0.0,0.0,0.0,0.0,0.0,0.0,0.0,0.0,0.0,0.0,0.0,0.0,0.0,0.0,0.0,0.0,0.0,0.0,0.0,0.0,0.0,0.0,0.0,0.0,0.0,0.0,0.0,0.0,0.0,0.0,0.0,0.0,0.0,0.0,0.0,0.0,0.0,0.0,0.0,0.0,0.0,0.0,0.0,0.0,0.0,2018-02-28 08:04:00
2018-02-28 08:04:00,424,0,0.0,0.0,0.0,0.0,0.0,0.0,0.0,0.0,0.0,0.0,0.0,0.0,0.0,0.0,0.0,0.0,0.0,0.0,0.0,0.0,0.0,0.0,0.0,0.0,0.0,0.0,0.0,0.0,0.0,0.0,0.0,0.0,0.0,0.0,0.0,0.0,0.0,0.0,0.0,0.0,0.0,0.0,0.0,0.0,0.0,0.0,0.0,0.0,0.0,0.0,0.0,0.0,0.0,0.0,0.0,0.0,0.0,0.0,0.0,2018-02-28 08:05:00
2018-02-28 08:05:00,425,0,0.0,0.0,0.0,0.0,0.0,0.0,0.0,0.0,0.0,0.0,0.0,0.0,0.0,0.0,0.0,0.0,0.0,0.0,0.0,0.0,0.0,0.0,0.0,0.0,0.0,0.0,0.0,0.0,0.0,0.0,0.0,0.0,0.0,0.0,0.0,0.0,0.0,0.0,0.0,0.0,0.0,0.0,0.0,0.0,0.0,0.0,0.0,0.0,0.0,0.0,0.0,0.0,0.0,0.0,0.0,0.0,0.0,0.0,0.0,2018-02-28 08:06:00
2018-02-28 08:06:00,426,0,0.0,0.0,0.0,0.0,0.0,0.0,0.0,0.0,0.0,0.0,0.0,0.0,0.0,0.0,0.0,0.0,0.0,0.0,0.0,0.0,0.0,0.0,0.0,0.0,0.0,0.0,0.0,0.0,0.0,0.0,0.0,0.0,0.0,0.0,0.0,0.0,0.0,0.0,0.0,0.0,0.0,0.0,0.0,0.0,0.0,0.0,0.0,0.0,0.0,0.0,0.0,0.0,0.0,0.0,0.0,0.0,0.0,0.0,0.0,2018-02-28 08:07:00
2018-02-28 08:07:00,427,0,0.0,0.0,0.0,0.0,0.0,0.0,0.0,0.0,0.0,0.0,0.0,0.0,0.0,0.0,0.0,0.0,0.0,0.0,0.0,0.0,0.0,0.0,0.0,0.0,0.0,0.0,0.0,0.0,0.0,0.0,0.0,0.0,0.0,0.0,0.0,0.0,0.0,0.0,0.0,0.0,0.0,0.0,0.0,0.0,0.0,0.0,0.0,0.0,0.0,0.0,0.0,0.0,0.0,0.0,0.0,0.0,0.0,0.0,0.0,2018-02-28 08:08:00
2018-02-28 08:08:00,428,0,0.0,0.0,0.0,0.0,0.0,0.0,0.0,0.0,0.0,0.0,0.0,0.0,0.0,0.0,0.0,0.0,0.0,0.0,0.0,0.0,0.0,0.0,0.0,0.0,0.0,0.0,0.0,0.0,0.0,0.0,0.0,0.0,0.0,0.0,0.0,0.0,0.0,0.0,0.0,0.0,0.0,0.0,0.0,0.0,0.0,0.0,0.0,0.0,0.0,0.0,0.0,0.0,0.0,0.0,0.0,0.0,0.0,0.0,0.0,2018-02-28 08:09:00
2018-02-28 08:09:00,429,0,0.0,0.0,0.0,0.0,0.0,0.0,0.0,0.0,0.0,0.0,0.0,0.0,0.0,0.0,0.0,0.0,0.0,0.0,0.0,0.0,0.0,0.0,0.0,0.0,0.0,0.0,0.0,0.0,0.0,0.0,0.0,0.0,0.0,0.0,0.0,0.0,0.0,0.0,0.0,0.0,0.0,0.0,0.0,0.0,0.0,0.0,0.0,0.0,0.0,0.0,0.0,0.0,0.0,0.0,0.0,0.0,0.0,0.0,0.0,2018-02-28 08:10:00
2018-02-28 08:10:00,430,0,0.0,0.0,0.0,0.0,0.0,0.0,0.0,0.0,0.0,0.0,0.0,0.0,0.0,0.0,0.0,0.0,0.0,0.0,0.0,0.0,0.0,0.0,0.0,0.0,0.0,0.0,0.0,0.0,0.0,0.0,0.0,0.0,0.0,0.0,0.0,0.0,0.0,0.0,0.0,0.0,0.0,0.0,0.0,0.0,0.0,0.0,0.0,0.0,0.0,0.0,0.0,0.0,0.0,0.0,0.0,0.0,0.0,0.0,0.0,2018-02-28 08:11:00
2018-02-28 08:11:00,431,0,0.0,0.0,0.0,0.0,0.0,0.0,0.0,0.0,0.0,0.0,0.0,0.0,0.0,0.0,0.0,0.0,0.0,0.0,0.0,0.0,0.0,0.0,0.0,0.0,0.0,0.0,0.0,0.0,0.0,0.0,0.0,0.0,0.0,0.0,0.0,0.0,0.0,0.0,0.0,0.0,0.0,0.0,0.0,0.0,0.0,0.0,0.0,0.0,0.0,0.0,0.0,0.0,0.0,0.0,0.0,0.0,0.0,0.0,0.0,2018-02-28 08:12:00
2018-02-28 08:12:00,432,0,0.0,0.0,0.0,0.0,0.0,0.0,0.0,0.0,0.0,0.0,0.0,0.0,0.0,0.0,0.0,0.0,0.0,0.0,0.0,0.0,0.0,0.0,0.0,0.0,0.0,0.0,0.0,0.0,0.0,0.0,0.0,0.0,0.0,0.0,0.0,0.0,0.0,0.0,0.0,0.0,0.0,0.0,0.0,0.0,0.0,0.0,0.0,0.0,0.0,0.0,0.0,0.0,0.0,0.0,0.0,0.0,0.0,0.0,0.0,2018-02-28 08:13:00
2018-02-28 08:13:00,433,0,0.0,0.0,0.0,0.0,0.0,0.0,0.0,0.0,0.0,0.0,0.0,0.0,0.0,0.0,0.0,0.0,0.0,0.0,0.0,0.0,0.0,0.0,0.0,0.0,0.0,0.0,0.0,0.0,0.0,0.0,0.0,0.0,0.0,0.0,0.0,0.0,0.0,0.0,0.0,0.0,0.0,0.0,0.0,0.0,0.0,0.0,0.0,0.0,0.0,0.0,0.0,0.0,0.0,0.0,0.0,0.0,0.0,0.0,0.0,2018-02-28 08:14:00
2018-02-28 08:14:00,434,0,0.0,0.0,0.0,0.0,0.0,0.0,0.0,0.0,0.0,0.0,0.0,0.0,0.0,0.0,0.0,0.0,0.0,0.0,0.0,0.0,0.0,0.0,0.0,0.0,0.0,0.0,0.0,0.0,0.0,0.0,0.0,0.0,0.0,0.0,0.0,0.0,0.0,0.0,0.0,0.0,0.0,0.0,0.0,0.0,0.0,0.0,0.0,0.0,0.0,0.0,0.0,0.0,0.0,0.0,0.0,0.0,0.0,0.0,0.0,2018-02-28 08:15:00
2018-02-28 08:15:00,435,0,0.0,0.0,0.0,0.0,0.0,0.0,0.0,0.0,0.0,0.0,0.0,0.0,0.0,0.0,0.0,0.0,0.0,0.0,0.0,0.0,0.0,0.0,0.0,0.0,0.0,0.0,0.0,0.0,0.0,0.0,0.0,0.0,0.0,0.0,0.0,0.0,0.0,0.0,0.0,0.0,0.0,0.0,0.0,0.0,0.0,0.0,0.0,0.0,0.0,0.0,0.0,0.0,0.0,0.0,0.0,0.0,0.0,0.0,0.0,2018-02-28 08:16:00
2018-02-28 08:16:00,436,0,0.0,0.0,0.0,0.0,0.0,0.0,0.0,0.0,0.0,0.0,0.0,0.0,0.0,0.0,0.0,0.0,0.0,0.0,0.0,0.0,0.0,0.0,0.0,0.0,0.0,0.0,0.0,0.0,0.0,0.0,0.0,0.0,0.0,0.0,0.0,0.0,0.0,0.0,0.0,0.0,0.0,0.0,0.0,0.0,0.0,0.0,0.0,0.0,0.0,0.0,0.0,0.0,0.0,0.0,0.0,0.0,0.0,0.0,0.0,2018-02-28 08:17:00
2018-02-28 08:17:00,437,0,0.0,0.0,0.0,0.0,0.0,0.0,0.0,0.0,0.0,0.0,0.0,0.0,0.0,0.0,0.0,0.0,0.0,0.0,0.0,0.0,0.0,0.0,0.0,0.0,0.0,0.0,0.0,0.0,0.0,0.0,0.0,0.0,0.0,0.0,0.0,0.0,0.0,0.0,0.0,0.0,0.0,0.0,0.0,0.0,0.0,0.0,0.0,0.0,0.0,0.0,0.0,0.0,0.0,0.0,0.0,0.0,0.0,0.0,0.0,2018-02-28 08:18:00
2018-02-28 08:18:00,438,0,0.0,0.0,0.0,0.0,0.0,0.0,0.0,0.0,0.0,0.0,0.0,0.0,0.0,0.0,0.0,0.0,0.0,0.0,0.0,0.0,0.0,0.0,0.0,0.0,0.0,0.0,0.0,0.0,0.0,0.0,0.0,0.0,0.0,0.0,0.0,0.0,0.0,0.0,0.0,0.0,0.0,0.0,0.0,0.0,0.0,0.0,0.0,0.0,0.0,0.0,0.0,0.0,0.0,0.0,0.0,0.0,0.0,0.0,0.0,2018-02-28 08:19:00
2018-02-28 08:19:00,439,0,0.0,0.0,0.0,0.0,0.0,0.0,0.0,0.0,0.0,0.0,0.0,0.0,0.0,0.0,0.0,0.0,0.0,0.0,0.0,0.0,0.0,0.0,0.0,0.0,0.0,0.0,0.0,0.0,0.0,0.0,0.0,0.0,0.0,0.0,0.0,0.0,0.0,0.0,0.0,0.0,0.0,0.0,0.0,0.0,0.0,0.0,0.0,0.0,0.0,0.0,0.0,0.0,0.0,0.0,0.0,0.0,0.0,0.0,0.0,2018-02-28 08:20:00
2018-02-28 08:20:00,440,0,0.0,0.0,0.0,0.0,0.0,0.0,0.0,0.0,0.0,0.0,0.0,0.0,0.0,0.0,0.0,0.0,0.0,0.0,0.0,0.0,0.0,0.0,0.0,0.0,0.0,0.0,0.0,0.0,0.0,5.0,118415381.4,75.4,0.0,0.0,0.0,1595149.410757168,1830072.617338568,13949790.0,110073.0,1595149.410757168,0.0,0.0,0.0,0.0,0.0,0.0,0.0,0.0,0.0,0.0,0.0,0.63686082638,0.0,0.0,35687081.06666666,28242963.86325068,9964528.9,1813926.287232152,0.0,2018-02-28 08:21:00
2018-02-28 08:21:00,441,0,5.0,118415381.4,75.4,0.0,0.0,0.0,1595149.410757168,1830072.617338568,13949790.0,110073.0,1595149.410757168,0.0,0.0,0.0,0.0,0.0,0.0,0.0,0.0,0.0,0.0,0.0,0.63686082638,0.0,0.0,35687081.06666666,28242963.86325068,9964528.9,1813926.287232152,5350.0,18655013.993271027,6.055140186915888,6.558317757009346,1805338.0,22538828.0,925533.735652586,1499314.7418240565,119455389.0,0.0,1519074.3325508432,1272093.8053437986,170.0,758.0,1577.0,17.0,170.0,0.0,0.0,0.0,110.46714746547602,143.81335232969158,0.0,0.0,0.734392523364486,273724.7152030807,136879.34493023387,5501884.602987067,96273.72646728334,0.0,2018-02-28 08:22:00
2018-02-28 08:22:00,442,0,5350.0,18655013.993271027,6.055140186915888,6.558317757009346,1805338.0,22538828.0,925533.735652586,1499314.7418240565,119455389.0,0.0,1519074.3325508432,1272093.8053437986,170.0,758.0,1577.0,17.0,170.0,0.0,0.0,0.0,110.46714746547602,143.81335232969158,0.0,0.0,0.734392523364486,273724.7152030807,136879.34493023387,5501884.602987067,96273.72646728334,810.0,7523679.083950617,3.411111111111111,2.6419753086419755,191308.0,487179.0,1016787.9362135384,1514931.14729084,80600000.0,0.0,1862249.199006579,1849116.9902732945,4.0,309.0,144.0,18.0,4.0,0.0,0.0,0.0,66.3750882848763,88.9615652677074,0.0,75555.70875451309,0.6567901234567901,238514.58950629632,217242.97766560092,3204817.2773841377,233219.0489874762,0.0,2018-02-28 08:23:00
2018-02-28 08:23:00,443,0,810.0,7523679.083950617,3.411111111111111,2.6419753086419755,191308.0,487179.0,1016787.9362135384,1514931.14729084,80600000.0,0.0,1862249.199006579,1849116.9902732945,4.0,309.0,144.0,18.0,4.0,0.0,0.0,0.0,66.3750882848763,88.9615652677074,0.0,75555.70875451309,0.6567901234567901,238514.58950629632,217242.97766560092,3204817.2773841377,233219.0489874762,984.0,9324462.163617888,4.192073170731708,2.283536585365854,189965.0,466881.0,1134021.0793994276,1554991.697508081,65529580.0,0.0,1745307.811690211,1359919.7085246255,51.0,576.0,144.0,0.0,51.0,0.0,0.0,0.0,49.01676431828607,71.86342339723353,0.0,109436.93364499684,0.5477642276422764,976423.9158608534,478018.6053044277,3683119.517478648,119961.7883650814,0.0,2018-02-28 08:24:00
2018-02-28 08:24:00,444,0,984.0,9324462.163617888,4.192073170731708,2.283536585365854,189965.0,466881.0,1134021.0793994276,1554991.697508081,65529580.0,0.0,1745307.811690211,1359919.7085246255,51.0,576.0,144.0,0.0,51.0,0.0,0.0,0.0,49.01676431828607,71.86342339723353,0.0,109436.93364499684,0.5477642276422764,976423.9158608534,478018.6053044277,3683119.517478648,119961.7883650814,1249.0,3898766.601281025,2.745396317053643,1.4915932746196958,182045.0,409416.0,794128.7383493918,956451.720879338,75580438.0,0.0,1509892.7488157924,1263885.8020278537,299.0,697.0,130.0,22.0,299.0,0.0,0.0,0.0,47.4869671655976,56.26022313428006,0.0,0.0,0.4963971176941553,120623.36395173642,83794.63609533745,2052842.799475872,63730.77380875315,0.0,2018-02-28 08:25:00
2018-02-28 08:25:00,445,0,1249.0,3898766.601281025,2.745396317053643,1.4915932746196958,182045.0,409416.0,794128.7383493918,956451.720879338,75580438.0,0.0,1509892.7488157924,1263885.8020278537,299.0,697.0,130.0,22.0,299.0,0.0,0.0,0.0,47.4869671655976,56.26022313428006,0.0,0.0,0.4963971176941553,120623.36395173642,83794.63609533745,2052842.799475872,63730.77380875315,1085.0,15151473.14562212,5.635023041474654,5.7778801843317975,340448.0,4229669.0,886939.7857083118,1450085.3433779243,110000000.0,0.0,1350189.3665711605,1033325.3774572506,26.0,127.0,230.0,0.0,26.0,0.0,0.0,0.0,94.01829643052378,111.5646872985539,0.0,0.0,0.7428571428571429,1096532.3894553296,349220.2087944572,4309716.484830302,296353.42408677214,0.0,2018-02-28 08:26:00
2018-02-28 08:26:00,446,0,1085.0,15151473.14562212,5.635023041474654,5.7778801843317975,340448.0,4229669.0,886939.7857083118,1450085.3433779243,110000000.0,0.0,1350189.3665711605,1033325.3774572506,26.0,127.0,230.0,0.0,26.0,0.0,0.0,0.0,94.01829643052378,111.5646872985539,0.0,0.0,0.7428571428571429,1096532.3894553296,349220.2087944572,4309716.484830302,296353.42408677214,1696.0,11730764.480542451,3.932193396226415,3.875,378115.0,2987854.0,854304.2134366985,1475827.062250999,69211996.0,0.0,1777353.157281135,1583703.2761157206,32.0,227.0,375.0,2.0,32.0,0.0,0.0,0.0,79.87064092089688,94.66117928212884,0.0,178250.23664575344,0.7659198113207547,111906.62748039389,22531.76481759101,3644291.56568105,43873.58490299439,0.0,2018-02-28 08:27:00
2018-02-28 08:27:00,447,0,1696.0,11730764.480542451,3.932193396226415,3.875,378115.0,2987854.0,854304.2134366985,1475827.062250999,69211996.0,0.0,1777353.157281135,1583703.2761157206,32.0,227.0,375.0,2.0,32.0,0.0,0.0,0.0,79.87064092089688,94.66117928212884,0.0,178250.23664575344,0.7659198113207547,111906.62748039389,22531.76481759101,3644291.56568105,43873.58490299439,627.0,17959092.751196172,7.066985645933015,4.637958532695375,249592.0,1190418.0,1078104.4247251824,1747218.715050824,61030371.0,0.0,1457747.4575317835,1232659.0473728522,26.0,202.0,175.0,1.0,26.0,0.0,0.0,0.0,96.26015357307624,142.03845180970686,0.0,0.0,0.6012759170653907,1495573.2134600305,815809.6007273739,5579803.92878319,370429.4603436676,0.0,2018-02-28 08:28:00
2018-02-28 08:28:00,448,0,627.0,17959092.751196172,7.066985645933015,4.637958532695375,249592.0,1190418.0,1078104.4247251824,1747218.715050824,61030371.0,0.0,1457747.4575317835,1232659.0473728522,26.0,202.0,175.0,1.0,26.0,0.0,0.0,0.0,96.26015357307624,142.03845180970686,0.0,0.0,0.6012759170653907,1495573.2134600305,815809.6007273739,5579803.92878319,370429.4603436676,608.0,9087048.481907897,3.8996710526315774,2.960526315789474,207808.0,489768.0,1625012.196893229,2436977.9295116174,64154642.0,0.0,3385694.9285622854,3062635.8172681155,59.0,295.0,137.0,10.0,59.0,0.0,0.0,0.0,73.09173971127994,106.49775208678668,0.0,0.0,0.5296052631578947,141517.50424639654,72733.5320103601,5688690.713150419,121893.44293984996,0.0,2018-02-28 08:29:00
2018-02-28 08:29:00,449,0,608.0,9087048.481907897,3.8996710526315774,2.960526315789474,207808.0,489768.0,1625012.196893229,2436977.9295116174,64154642.0,0.0,3385694.9285622854,3062635.8172681155,59.0,295.0,137.0,10.0,59.0,0.0,0.0,0.0,73.09173971127994,106.49775208678668,0.0,0.0,0.5296052631578947,141517.50424639654,72733.5320103601,5688690.713150419,121893.44293984996,743.0,12847534.952893674,5.500672947510094,3.838492597577389,236224.0,1498031.0,895408.7134189632,1372271.5873271648,85000000.0,0.0,1434685.804777222,1389175.027754787,63.0,230.0,134.0,11.0,63.0,0.0,0.0,0.0,73.82230133124617,91.75501122416756,0.0,0.0,0.5720053835800808,1094637.6219910986,823649.6830955643,3970924.991682381,321957.1122390776,0.0,2018-02-28 08:30:00
2018-02-28 08:30:00,450,0,743.0,12847534.952893674,5.500672947510094,3.838492597577389,236224.0,1498031.0,895408.7134189632,1372271.5873271648,85000000.0,0.0,1434685.804777222,1389175.027754787,63.0,230.0,134.0,11.0,63.0,0.0,0.0,0.0,73.82230133124617,91.75501122416756,0.0,0.0,0.5720053835800808,1094637.6219910986,823649.6830955643,3970924.991682381,321957.1122390776,1552.0,12868772.226804124,47.345360824742265,166.98904639175257,746488.0,366920423.0,964584.033814196,1718173.706181763,82339129.0,0.0,1959139.008128248,1786840.926805774,65.0,236.0,375.0,3.0,65.0,0.0,0.0,0.0,110.03661427527403,126.72852040660356,0.0,0.0,0.8086340206185567,95632.2547809473,50249.08618255343,5463791.987369526,418152.9639390457,0.0,2018-02-28 08:31:00
2018-02-28 08:31:00,451,0,1552.0,12868772.226804124,47.345360824742265,166.98904639175257,746488.0,366920423.0,964584.033814196,1718173.706181763,82339129.0,0.0,1959139.008128248,1786840.926805774,65.0,236.0,375.0,3.0,65.0,0.0,0.0,0.0,110.03661427527403,126.72852040660356,0.0,0.0,0.8086340206185567,95632.2547809473,50249.08618255343,5463791.987369526,418152.9639390457,810.0,17871209.17530864,88.57777777777778,189.9975308641976,310667.0,218027498.0,980337.8584090638,2085704.849253834,109811388.0,0.0,1542525.9222586935,1157963.1552061767,69.0,208.0,258.0,10.0,69.0,0.0,0.0,0.0,126.21836361974864,165.8201626427352,0.0,0.0,0.5753086419753086,948940.042272938,317529.7821605743,5344687.586773823,535231.5402265023,0.0,2018-02-28 08:32:00
2018-02-28 08:32:00,452,0,810.0,17871209.17530864,88.57777777777778,189.9975308641976,310667.0,218027498.0,980337.8584090638,2085704.849253834,109811388.0,0.0,1542525.9222586935,1157963.1552061767,69.0,208.0,258.0,10.0,69.0,0.0,0.0,0.0,126.21836361974864,165.8201626427352,0.0,0.0,0.5753086419753086,948940.042272938,317529.7821605743,5344687.586773823,535231.5402265023,1008.0,17278466.29761905,31.901785714285715,85.3422619047619,1540325.0,118551999.0,934463.2769987404,1854641.66145688,97700000.0,0.0,1515320.4112917446,1077494.503137295,49.0,280.0,252.0,3.0,49.0,0.0,0.0,0.0,100.37351415501726,126.04931939634682,0.0,0.0,0.6765873015873016,629817.1152923509,211278.33529694212,5691597.403641225,265407.8052027722,0.0,2018-02-28 08:33:00
2018-02-28 08:33:00,453,0,1008.0,17278466.29761905,31.901785714285715,85.3422619047619,1540325.0,118551999.0,934463.2769987404,1854641.66145688,97700000.0,0.0,1515320.4112917446,1077494.503137295,49.0,280.0,252.0,3.0,49.0,0.0,0.0,0.0,100.37351415501726,126.04931939634682,0.0,0.0,0.6765873015873016,629817.1152923509,211278.33529694212,5691597.403641225,265407.8052027722,1305.0,15282322.502681991,4.880459770114943,4.454406130268199,446587.0,2632754.0,1161088.3462837248,1861531.7030336405,86935013.0,0.0,1628701.9087829662,1310067.4573043864,112.0,367.0,308.0,8.0,112.0,0.0,0.0,0.0,88.87943359872774,120.5556687916252,0.0,0.0,0.6406130268199234,286177.1701350289,179049.34477042552,5843933.329009988,462585.3393680961,0.0,2018-02-28 08:34:00
2018-02-28 08:34:00,454,0,1305.0,15282322.502681991,4.880459770114943,4.454406130268199,446587.0,2632754.0,1161088.3462837248,1861531.7030336405,86935013.0,0.0,1628701.9087829662,1310067.4573043864,112.0,367.0,308.0,8.0,112.0,0.0,0.0,0.0,88.87943359872774,120.5556687916252,0.0,0.0,0.6406130268199234,286177.1701350289,179049.34477042552,5843933.329009988,462585.3393680961,732.0,12629651.846994536,5.834699453551913,5.352459016393443,234497.0,2584605.0,1198172.1604924726,1102686.9877623804,73601816.0,0.0,1415473.3968924272,663096.269031316,52.0,250.0,128.0,8.0,52.0,0.0,0.0,0.0,72.00512799016434,95.27651432392284,0.0,0.0,0.6407103825136612,797906.8719632269,484005.6493235146,4031219.292539104,408884.83629793726,0.0,2018-02-28 08:35:00
2018-02-28 08:35:00,455,0,732.0,12629651.846994536,5.834699453551913,5.352459016393443,234497.0,2584605.0,1198172.1604924726,1102686.9877623804,73601816.0,0.0,1415473.3968924272,663096.269031316,52.0,250.0,128.0,8.0,52.0,0.0,0.0,0.0,72.00512799016434,95.27651432392284,0.0,0.0,0.6407103825136612,797906.8719632269,484005.6493235146,4031219.292539104,408884.83629793726,1788.0,16863309.011744965,5.745525727069351,6.017897091722595,739507.0,5769759.0,658458.9330313904,1536055.4164031364,59732357.0,0.0,1124856.1020739332,1019442.7442713724,90.0,390.0,527.0,8.0,90.0,0.0,0.0,0.0,105.12457066283127,143.15458160936006,0.0,0.0,0.6879194630872483,245354.8888844772,79777.57363175876,5330157.170983026,234484.22256055992,0.0,2018-02-28 08:36:00
2018-02-28 08:36:00,456,0,1788.0,16863309.011744965,5.745525727069351,6.017897091722595,739507.0,5769759.0,658458.9330313904,1536055.4164031364,59732357.0,0.0,1124856.1020739332,1019442.7442713724,90.0,390.0,527.0,8.0,90.0,0.0,0.0,0.0,105.12457066283127,143.15458160936006,0.0,0.0,0.6879194630872483,245354.8888844772,79777.57363175876,5330157.170983026,234484.22256055992,1343.0,15792939.85927029,5.209977661950856,4.475800446760982,384469.0,2929776.0,1083303.3531035653,1452562.9520857504,109780919.0,0.0,1535500.800214987,969885.2079772608,89.0,391.0,308.0,13.0,89.0,0.0,0.0,0.0,89.8706527354146,119.38805620926216,0.0,0.0,0.5964259121370067,571816.3486209197,219813.27418429067,5290626.078962704,209569.1897528291,0.0,2018-02-28 08:37:00
2018-02-28 08:37:00,457,0,1343.0,15792939.85927029,5.209977661950856,4.475800446760982,384469.0,2929776.0,1083303.3531035653,1452562.9520857504,109780919.0,0.0,1535500.800214987,969885.2079772608,89.0,391.0,308.0,13.0,89.0,0.0,0.0,0.0,89.8706527354146,119.38805620926216,0.0,0.0,0.5964259121370067,571816.3486209197,219813.27418429067,5290626.078962704,209569.1897528291,889.0,11789695.721034871,5.7109111361079865,5.901012373453319,361971.0,3599913.0,920118.0835204194,1404496.7265944297,59922030.0,0.0,1258520.9171750972,959391.4123205304,47.0,340.0,165.0,10.0,47.0,0.0,0.0,0.0,72.34198967676603,100.42237170904916,0.0,398906.7908024797,0.5838020247469067,253889.0541184453,187829.35552188195,4598930.601076108,469023.82367005537,0.0,2018-02-28 08:38:00
2018-02-28 08:38:00,458,0,889.0,11789695.721034871,5.7109111361079865,5.901012373453319,361971.0,3599913.0,920118.0835204194,1404496.7265944297,59922030.0,0.0,1258520.9171750972,959391.4123205304,47.0,340.0,165.0,10.0,47.0,0.0,0.0,0.0,72.34198967676603,100.42237170904916,0.0,398906.7908024797,0.5838020247469067,253889.0541184453,187829.35552188195,4598930.601076108,469023.82367005537,926.0,10331858.435205184,4.6781857451403885,2.970842332613391,274956.0,740627.0,846131.8369643543,1326087.3640235804,108312139.0,0.0,1249561.1439026035,1067360.840706055,165.0,434.0,166.0,11.0,165.0,0.0,0.0,0.0,69.31072929799612,97.23580467986264,0.0,0.0,0.541036717062635,767120.9332612882,388709.05094789766,3660240.5929765296,144485.06206735002,0.0,2018-02-28 08:39:00
2018-02-28 08:39:00,459,0,926.0,10331858.435205184,4.6781857451403885,2.970842332613391,274956.0,740627.0,846131.8369643543,1326087.3640235804,108312139.0,0.0,1249561.1439026035,1067360.840706055,165.0,434.0,166.0,11.0,165.0,0.0,0.0,0.0,69.31072929799612,97.23580467986264,0.0,0.0,0.541036717062635,767120.9332612882,388709.05094789766,3660240.5929765296,144485.06206735002,876.0,17702631.514840182,11.39840182648402,18.366438356164384,442006.0,18461271.0,1546234.3381036948,1545144.2142783983,60703388.0,0.0,2023833.9903487545,1141066.883142591,63.0,270.0,227.0,3.0,63.0,0.0,0.0,0.0,107.44260658480307,137.61939391332328,0.0,74435.51902061362,0.6015981735159818,90863.25651735852,47603.164929653874,5185477.090048015,231242.2657952389,0.0,2018-02-28 08:40:00
2018-02-28 08:40:00,460,0,876.0,17702631.514840182,11.39840182648402,18.366438356164384,442006.0,18461271.0,1546234.3381036948,1545144.2142783983,60703388.0,0.0,2023833.9903487545,1141066.883142591,63.0,270.0,227.0,3.0,63.0,0.0,0.0,0.0,107.44260658480307,137.61939391332328,0.0,74435.51902061362,0.6015981735159818,90863.25651735852,47603.164929653874,5185477.090048015,231242.2657952389,781.0,16707938.417413572,6.387964148527529,5.47887323943662,293831.0,2386290.0,985583.1146347158,1490067.6103649249,59900000.0,0.0,1421613.9591243786,1217540.5249973142,45.0,201.0,219.0,5.0,45.0,0.0,0.0,0.0,86.21737263354775,119.17556302841832,0.0,0.0,0.6261203585147247,780393.5724264869,645044.4272591049,4961650.072867271,337335.9098191701,0.0,2018-02-28 08:41:00
2018-02-28 08:41:00,461,0,781.0,16707938.417413572,6.387964148527529,5.47887323943662,293831.0,2386290.0,985583.1146347158,1490067.6103649249,59900000.0,0.0,1421613.9591243786,1217540.5249973142,45.0,201.0,219.0,5.0,45.0,0.0,0.0,0.0,86.21737263354775,119.17556302841832,0.0,0.0,0.6261203585147247,780393.5724264869,645044.4272591049,4961650.072867271,337335.9098191701,511.0,10467732.583170254,4.540117416829745,3.681017612524462,200375.0,489458.0,980637.0821261776,1246529.741447098,118000000.0,0.0,1240711.9985922417,940797.1782938772,32.0,203.0,114.0,6.0,32.0,0.0,0.0,0.0,79.86154646141019,115.35215252110586,32236.12961822453,122299.36590860668,0.5205479452054794,254202.5535971193,213538.30053994947,4076870.793187656,108424.1220410479,0.0,2018-02-28 08:42:00
2018-02-28 08:42:00,462,0,511.0,10467732.583170254,4.540117416829745,3.681017612524462,200375.0,489458.0,980637.0821261776,1246529.741447098,118000000.0,0.0,1240711.9985922417,940797.1782938772,32.0,203.0,114.0,6.0,32.0,0.0,0.0,0.0,79.86154646141019,115.35215252110586,32236.12961822453,122299.36590860668,0.5205479452054794,254202.5535971193,213538.30053994947,4076870.793187656,108424.1220410479,934.0,17500181.843683083,6.690578158458244,8.88865096359743,508739.0,7406301.0,1320266.731015673,1439498.8635493263,60700000.0,0.0,1729928.385384971,1057418.493410125,55.0,243.0,239.0,3.0,55.0,0.0,0.0,0.0,114.05453449268768,135.0354938091923,0.0,0.0,0.6937901498929336,578551.8886671751,494914.86737704265,5275284.521577404,272245.71909396746,0.0,2018-02-28 08:43:00
2018-02-28 08:43:00,463,0,934.0,17500181.843683083,6.690578158458244,8.88865096359743,508739.0,7406301.0,1320266.731015673,1439498.8635493263,60700000.0,0.0,1729928.385384971,1057418.493410125,55.0,243.0,239.0,3.0,55.0,0.0,0.0,0.0,114.05453449268768,135.0354938091923,0.0,0.0,0.6937901498929336,578551.8886671751,494914.86737704265,5275284.521577404,272245.71909396746,523.0,11828970.619502869,5.458891013384322,4.5659655831739965,242188.0,917357.0,840086.1274537701,1099866.0389744255,58900000.0,0.0,1067136.1694193715,668476.6771552728,42.0,178.0,135.0,5.0,42.0,0.0,0.0,0.0,88.85993097630899,127.27274070110477,0.0,0.0,0.5544933078393881,655902.5245958666,256577.6208129685,3466236.301380671,139695.0272564558,0.0,2018-02-28 08:44:00
2018-02-28 08:44:00,464,0,523.0,11828970.619502869,5.458891013384322,4.5659655831739965,242188.0,917357.0,840086.1274537701,1099866.0389744255,58900000.0,0.0,1067136.1694193715,668476.6771552728,42.0,178.0,135.0,5.0,42.0,0.0,0.0,0.0,88.85993097630899,127.27274070110477,0.0,0.0,0.5544933078393881,655902.5245958666,256577.6208129685,3466236.301380671,139695.0272564558,675.0,13473759.822222222,7.940740740740741,8.318518518518518,440805.0,4333002.0,1150269.056234917,1301510.6919286803,60339734.0,0.0,1529320.1483341611,1220446.6465229443,18.0,219.0,203.0,0.0,18.0,0.0,0.0,0.0,106.2783423433563,142.02406926249364,0.0,70578.19846495613,0.5437037037037037,1189916.6642277646,198854.67170514428,3953601.339374543,247211.2876090083,0.0,2018-02-28 08:45:00
2018-02-28 08:45:00,465,0,675.0,13473759.822222222,7.940740740740741,8.318518518518518,440805.0,4333002.0,1150269.056234917,1301510.6919286803,60339734.0,0.0,1529320.1483341611,1220446.6465229443,18.0,219.0,203.0,0.0,18.0,0.0,0.0,0.0,106.2783423433563,142.02406926249364,0.0,70578.19846495613,0.5437037037037037,1189916.6642277646,198854.67170514428,3953601.339374543,247211.2876090083,1302.0,13295723.447004609,5.329493087557604,5.04147465437788,507821.0,3374858.0,911384.530069258,1163043.9691856855,82814459.0,0.0,1242879.2229995416,952358.2227135216,54.0,307.0,327.0,6.0,54.0,0.0,0.0,0.0,101.30293392423565,135.88208967796191,0.0,0.0,0.6536098310291859,355573.87863352435,190870.6400892438,4339777.7744082045,123785.40780871928,0.0,2018-02-28 08:46:00
2018-02-28 08:46:00,466,0,1302.0,13295723.447004609,5.329493087557604,5.04147465437788,507821.0,3374858.0,911384.530069258,1163043.9691856855,82814459.0,0.0,1242879.2229995416,952358.2227135216,54.0,307.0,327.0,6.0,54.0,0.0,0.0,0.0,101.30293392423565,135.88208967796191,0.0,0.0,0.6536098310291859,355573.87863352435,190870.6400892438,4339777.7744082045,123785.40780871928,1269.0,19214754.84554768,6.727344365642238,8.459416863672184,566254.0,7965298.0,774545.9467519926,1795704.8280535135,103000000.0,0.0,1329519.0075392076,1319411.3020639478,43.0,251.0,347.0,1.0,43.0,0.0,0.0,0.0,113.20873585668188,144.0324724698315,0.0,0.0,0.7092198581560284,420653.57794522616,186367.2372166688,7077259.657050164,219624.7119928161,0.0,2018-02-28 08:47:00
2018-02-28 08:47:00,467,0,1269.0,19214754.84554768,6.727344365642238,8.459416863672184,566254.0,7965298.0,774545.9467519926,1795704.8280535135,103000000.0,0.0,1329519.0075392076,1319411.3020639478,43.0,251.0,347.0,1.0,43.0,0.0,0.0,0.0,113.20873585668188,144.0324724698315,0.0,0.0,0.7092198581560284,420653.57794522616,186367.2372166688,7077259.657050164,219624.7119928161,766.0,11067719.16840731,4.906005221932115,3.815926892950392,317820.0,891160.0,1055980.9720650665,1107093.2759478593,106320636.0,0.0,1291346.7777176972,649269.4457859454,28.0,259.0,203.0,3.0,28.0,0.0,0.0,0.0,93.18754074576384,131.663397509994,0.0,0.0,0.5926892950391645,844206.3060246882,264845.4608615647,3665798.0049130544,276144.0825764656,0.0,2018-02-28 08:48:00
2018-02-28 08:48:00,468,0,766.0,11067719.16840731,4.906005221932115,3.815926892950392,317820.0,891160.0,1055980.9720650665,1107093.2759478593,106320636.0,0.0,1291346.7777176972,649269.4457859454,28.0,259.0,203.0,3.0,28.0,0.0,0.0,0.0,93.18754074576384,131.663397509994,0.0,0.0,0.5926892950391645,844206.3060246882,264845.4608615647,3665798.0049130544,276144.0825764656,1229.0,11515165.128559804,4.823433685923515,5.802278275020342,526963.0,4875470.0,1115906.7970602608,1502719.7816353268,86971176.0,0.0,1507449.0604971696,993446.3549564854,106.0,389.0,314.0,6.0,106.0,0.0,0.0,0.0,96.59192504581864,123.248555081242,0.0,0.0,0.6501220504475184,228705.78169440152,55405.621875319375,4273743.430533676,1301550.1041510175,0.0,2018-02-28 08:49:00
2018-02-28 08:49:00,469,0,1229.0,11515165.128559804,4.823433685923515,5.802278275020342,526963.0,4875470.0,1115906.7970602608,1502719.7816353268,86971176.0,0.0,1507449.0604971696,993446.3549564854,106.0,389.0,314.0,6.0,106.0,0.0,0.0,0.0,96.59192504581864,123.248555081242,0.0,0.0,0.6501220504475184,228705.78169440152,55405.621875319375,4273743.430533676,1301550.1041510175,1082.0,12446317.232902031,4.902033271719039,3.5794824399260627,291420.0,1513471.0,607918.0514254967,1241933.5183642027,72498255.0,0.0,966254.7964827165,929074.4717713,122.0,357.0,253.0,3.0,122.0,0.0,0.0,0.0,78.61507515706478,103.94320882958796,0.0,0.0,0.6035120147874307,700613.0738194745,378434.634865184,3973556.2887288127,197728.78336644016,0.0,2018-02-28 08:50:00
2018-02-28 08:50:00,470,0,1082.0,12446317.232902031,4.902033271719039,3.5794824399260627,291420.0,1513471.0,607918.0514254967,1241933.5183642027,72498255.0,0.0,966254.7964827165,929074.4717713,122.0,357.0,253.0,3.0,122.0,0.0,0.0,0.0,78.61507515706478,103.94320882958796,0.0,0.0,0.6035120147874307,700613.0738194745,378434.634865184,3973556.2887288127,197728.78336644016,450.0,7157274.462222222,4.311111111111111,2.973333333333333,177321.0,423680.0,1821954.928169217,784298.7782935366,62600000.0,0.0,1909557.3632190952,696541.1890365954,17.0,127.0,110.0,2.0,17.0,0.0,0.0,0.0,102.39199059625356,124.94827475246645,0.0,0.0,0.4488888888888889,391492.0122222222,216036.1745094993,3543784.953333333,199135.48022129096,0.0,2018-02-28 08:51:00
2018-02-28 08:51:00,471,0,450.0,7157274.462222222,4.311111111111111,2.973333333333333,177321.0,423680.0,1821954.928169217,784298.7782935366,62600000.0,0.0,1909557.3632190952,696541.1890365954,17.0,127.0,110.0,2.0,17.0,0.0,0.0,0.0,102.39199059625356,124.94827475246645,0.0,0.0,0.4488888888888889,391492.0122222222,216036.1745094993,3543784.953333333,199135.48022129096,734.0,14088748.648501365,6.489100817438692,6.1880108991825615,279719.0,3242439.0,988965.605150044,1239519.9882572806,59939043.0,0.0,1348662.092413094,1061284.1147859416,18.0,195.0,229.0,0.0,18.0,0.0,0.0,0.0,113.0169192058958,143.05848417295476,0.0,0.0,0.5817438692098093,916455.8362781928,255443.4813355289,4261508.698451119,181803.442594221,0.0,2018-02-28 08:52:00
2018-02-28 08:52:00,472,0,734.0,14088748.648501365,6.489100817438692,6.1880108991825615,279719.0,3242439.0,988965.605150044,1239519.9882572806,59939043.0,0.0,1348662.092413094,1061284.1147859416,18.0,195.0,229.0,0.0,18.0,0.0,0.0,0.0,113.0169192058958,143.05848417295476,0.0,0.0,0.5817438692098093,916455.8362781928,255443.4813355289,4261508.698451119,181803.442594221,1829.0,14693392.368507382,5.139967195188627,5.282121377802078,673134.0,5209456.0,588917.3325322744,1268706.2102048225,97101830.0,0.0,1090710.4861160691,1035452.9489587144,70.0,316.0,492.0,3.0,70.0,0.0,0.0,0.0,102.43535560754658,133.4977166755745,0.0,0.0,0.7266265718972116,241436.49993761352,85735.35809680348,4213269.456466624,64210.011007680536,0.0,2018-02-28 08:53:00
2018-02-28 08:53:00,473,0,1829.0,14693392.368507382,5.139967195188627,5.282121377802078,673134.0,5209456.0,588917.3325322744,1268706.2102048225,97101830.0,0.0,1090710.4861160691,1035452.9489587144,70.0,316.0,492.0,3.0,70.0,0.0,0.0,0.0,102.43535560754658,133.4977166755745,0.0,0.0,0.7266265718972116,241436.49993761352,85735.35809680348,4213269.456466624,64210.011007680536,1293.0,14196710.27764888,4.779582366589327,4.078112915699923,362654.0,2190971.0,1200738.8555326357,1283732.4236760912,99384314.0,0.0,1704630.6222117569,1146286.941381772,31.0,292.0,308.0,5.0,31.0,0.0,0.0,0.0,85.54954627062259,111.41027793532892,0.0,96910.89662548788,0.674400618716164,529790.4103635268,103177.31106231223,4244892.513566079,155951.1880458862,0.0,2018-02-28 08:54:00
2018-02-28 08:54:00,474,0,1293.0,14196710.27764888,4.779582366589327,4.078112915699923,362654.0,2190971.0,1200738.8555326357,1283732.4236760912,99384314.0,0.0,1704630.6222117569,1146286.941381772,31.0,292.0,308.0,5.0,31.0,0.0,0.0,0.0,85.54954627062259,111.41027793532892,0.0,96910.89662548788,0.674400618716164,529790.4103635268,103177.31106231223,4244892.513566079,155951.1880458862,2643.0,13987446.58910329,5.206961785849414,5.58948164964056,966342.0,8657676.0,590156.3853159065,1130665.2450456342,60000000.0,0.0,973722.77131284,838651.4484522765,88.0,544.0,631.0,11.0,88.0,0.0,0.0,0.0,96.17833217651082,124.5942993035132,0.0,0.0,0.7162315550510783,215112.24365286253,167557.0486793439,3949628.620796736,153874.16197912378,0.0,2018-02-28 08:55:00
2018-02-28 08:55:00,475,0,2643.0,13987446.58910329,5.206961785849414,5.58948164964056,966342.0,8657676.0,590156.3853159065,1130665.2450456342,60000000.0,0.0,973722.77131284,838651.4484522765,88.0,544.0,631.0,11.0,88.0,0.0,0.0,0.0,96.17833217651082,124.5942993035132,0.0,0.0,0.7162315550510783,215112.24365286253,167557.0486793439,3949628.620796736,153874.16197912378,675.0,7813187.263703704,4.032592592592593,2.2533333333333334,163962.0,409872.0,747611.8091401366,1087262.6208082312,60434828.0,0.0,896979.7699198498,786272.1311224242,76.0,375.0,103.0,16.0,76.0,0.0,0.0,0.0,56.40791478762148,74.51630770035244,0.0,0.0,0.5096296296296297,691821.7430482605,156916.57142577774,3619900.452464646,164165.38945994063,0.0,2018-02-28 08:56:00
2018-02-28 08:56:00,476,0,675.0,7813187.263703704,4.032592592592593,2.2533333333333334,163962.0,409872.0,747611.8091401366,1087262.6208082312,60434828.0,0.0,896979.7699198498,786272.1311224242,76.0,375.0,103.0,16.0,76.0,0.0,0.0,0.0,56.40791478762148,74.51630770035244,0.0,0.0,0.5096296296296297,691821.7430482605,156916.57142577774,3619900.452464646,164165.38945994063,1204.0,12890585.99833887,4.92109634551495,4.670265780730897,340748.0,3336607.0,1128263.9527223036,1238023.6446620144,82800000.0,0.0,1575236.7318292276,892544.4066256633,76.0,417.0,259.0,8.0,76.0,0.0,0.0,0.0,76.28847104689635,97.01128162043416,0.0,0.0,0.617109634551495,485764.7835460915,141591.99173594455,4156152.7662852034,85609.50646926995,0.0,2018-02-28 08:57:00
2018-02-28 08:57:00,477,0,1204.0,12890585.99833887,4.92109634551495,4.670265780730897,340748.0,3336607.0,1128263.9527223036,1238023.6446620144,82800000.0,0.0,1575236.7318292276,892544.4066256633,76.0,417.0,259.0,8.0,76.0,0.0,0.0,0.0,76.28847104689635,97.01128162043416,0.0,0.0,0.617109634551495,485764.7835460915,141591.99173594455,4156152.7662852034,85609.50646926995,957.0,8904895.312434692,4.2936259143155695,5.016718913270638,202676.0,3918942.0,510575.5190252696,778652.2356040331,72599196.0,0.0,720708.6550132959,724343.1959790488,106.0,302.0,184.0,10.0,106.0,0.0,0.0,0.0,77.51905711439906,95.34059947385006,0.0,0.0,0.619644723092999,266939.55027546466,100526.42738723324,2547967.565712264,166658.98127316343,0.0,2018-02-28 08:58:00
2018-02-28 08:58:00,478,0,957.0,8904895.312434692,4.2936259143155695,5.016718913270638,202676.0,3918942.0,510575.5190252696,778652.2356040331,72599196.0,0.0,720708.6550132959,724343.1959790488,106.0,302.0,184.0,10.0,106.0,0.0,0.0,0.0,77.51905711439906,95.34059947385006,0.0,0.0,0.619644723092999,266939.55027546466,100526.42738723324,2547967.565712264,166658.98127316343,1283.0,14013916.88854248,4.698363211223694,4.067030397505846,393014.0,1970276.0,890662.4247643617,1277970.9548215556,74900000.0,0.0,1355807.8117632775,967349.1312617188,50.0,253.0,262.0,7.0,50.0,0.0,0.0,0.0,85.2418780839187,109.79013946526844,0.0,184651.79052564444,0.7084957131722526,527203.123306783,235624.02720835732,4061823.737175728,117418.13690364778,0.0,2018-02-28 08:59:00
2018-02-28 08:59:00,479,0,1283.0,14013916.88854248,4.698363211223694,4.067030397505846,393014.0,1970276.0,890662.4247643617,1277970.9548215556,74900000.0,0.0,1355807.8117632775,967349.1312617188,50.0,253.0,262.0,7.0,50.0,0.0,0.0,0.0,85.2418780839187,109.79013946526844,0.0,184651.79052564444,0.7084957131722526,527203.123306783,235624.02720835732,4061823.737175728,117418.13690364778,1620.0,12561341.255555555,4.50925925925926,4.311111111111111,459208.0,3156803.0,833575.3207818497,1132641.4756692422,59936593.0,0.0,1151109.7679057077,884094.2660209249,75.0,363.0,384.0,5.0,75.0,0.0,0.0,0.0,93.40681253878346,125.67346751266729,0.0,0.0,0.6907407407407408,223762.43082814504,68211.31090460058,4166751.701740904,148220.48325365366,0.0,2018-02-28 09:00:00
2018-02-28 09:00:00,480,0,1620.0,12561341.255555555,4.50925925925926,4.311111111111111,459208.0,3156803.0,833575.3207818497,1132641.4756692422,59936593.0,0.0,1151109.7679057077,884094.2660209249,75.0,363.0,384.0,5.0,75.0,0.0,0.0,0.0,93.40681253878346,125.67346751266729,0.0,0.0,0.6907407407407408,223762.43082814504,68211.31090460058,4166751.701740904,148220.48325365366,804.0,13493817.218905471,5.236318407960199,4.001243781094527,302149.0,1233459.0,878881.372958645,1352125.5674015654,60014752.0,0.0,1229182.526644513,983040.1148681554,47.0,281.0,192.0,8.0,47.0,0.0,0.0,0.0,76.18421536848147,104.12626877982436,0.0,0.0,0.5485074626865671,691181.482483316,446011.8707919511,4302419.448147497,357585.30512257933,0.0,2018-02-28 09:01:00
2018-02-28 09:01:00,481,0,804.0,13493817.218905471,5.236318407960199,4.001243781094527,302149.0,1233459.0,878881.372958645,1352125.5674015654,60014752.0,0.0,1229182.526644513,983040.1148681554,47.0,281.0,192.0,8.0,47.0,0.0,0.0,0.0,76.18421536848147,104.12626877982436,0.0,0.0,0.5485074626865671,691181.482483316,446011.8707919511,4302419.448147497,357585.30512257933,757.0,10746047.861294584,4.618229854689564,3.854689564068692,236293.0,1256871.0,882924.1982341751,1065435.0141195406,59936638.0,0.0,1204404.9792981315,899588.3301927363,37.0,264.0,189.0,3.0,37.0,0.0,0.0,0.0,83.54307197486723,118.7713522549193,0.0,0.0,0.5640686922060766,202085.3925487082,170455.09941267245,3396150.0542429844,168700.23795677323,0.0,2018-02-28 09:02:00
2018-02-28 09:02:00,482,0,757.0,10746047.861294584,4.618229854689564,3.854689564068692,236293.0,1256871.0,882924.1982341751,1065435.0141195406,59936638.0,0.0,1204404.9792981315,899588.3301927363,37.0,264.0,189.0,3.0,37.0,0.0,0.0,0.0,83.54307197486723,118.7713522549193,0.0,0.0,0.5640686922060766,202085.3925487082,170455.09941267245,3396150.0542429844,168700.23795677323,971.0,13738197.460350154,4.719876416065912,3.834191555097837,322972.0,1197416.0,1211718.7061482274,1343262.863071365,62324186.0,0.0,1625656.6193696714,999033.9570357924,115.0,295.0,207.0,7.0,115.0,0.0,0.0,0.0,75.11480771113398,101.69064167898104,0.0,0.0,0.619979402677652,496556.6100663293,206919.22233109752,4492773.412325993,481987.0770929536,0.0,2018-02-28 09:03:00
2018-02-28 09:03:00,483,0,971.0,13738197.460350154,4.719876416065912,3.834191555097837,322972.0,1197416.0,1211718.7061482274,1343262.863071365,62324186.0,0.0,1625656.6193696714,999033.9570357924,115.0,295.0,207.0,7.0,115.0,0.0,0.0,0.0,75.11480771113398,101.69064167898104,0.0,0.0,0.619979402677652,496556.6100663293,206919.22233109752,4492773.412325993,481987.0770929536,698.0,11012607.845272206,4.297994269340975,3.1117478510028653,195474.0,587266.0,1108398.6274472652,1373287.926463645,63817092.0,0.0,1486463.3130659382,1199235.27817959,63.0,188.0,185.0,2.0,63.0,0.0,0.0,0.0,77.34179792731103,103.97787377227534,0.0,0.0,0.6174785100286533,466191.6699668006,337080.28532629606,4010402.230594141,328503.57576952816,0.0,2018-02-28 09:04:00
2018-02-28 09:04:00,484,0,698.0,11012607.845272206,4.297994269340975,3.1117478510028653,195474.0,587266.0,1108398.6274472652,1373287.926463645,63817092.0,0.0,1486463.3130659382,1199235.27817959,63.0,188.0,185.0,2.0,63.0,0.0,0.0,0.0,77.34179792731103,103.97787377227534,0.0,0.0,0.6174785100286533,466191.6699668006,337080.28532629606,4010402.230594141,328503.57576952816,568.0,17165842.70774648,5.209507042253521,3.8767605633802815,243192.0,568754.0,2028394.595046912,1774006.3234005284,60000000.0,0.0,2443341.541577839,1156445.359238939,35.0,188.0,110.0,5.0,35.0,0.0,0.0,0.0,79.2341190721234,110.39376684611426,38519.611457897256,407097.0823791301,0.5686619718309859,821457.5995085347,443570.9860977074,6367027.371988178,438774.6008130029,0.0,2018-02-28 09:05:00
2018-02-28 09:05:00,485,0,568.0,17165842.70774648,5.209507042253521,3.8767605633802815,243192.0,568754.0,2028394.595046912,1774006.3234005284,60000000.0,0.0,2443341.541577839,1156445.359238939,35.0,188.0,110.0,5.0,35.0,0.0,0.0,0.0,79.2341190721234,110.39376684611426,38519.611457897256,407097.0823791301,0.5686619718309859,821457.5995085347,443570.9860977074,6367027.371988178,438774.6008130029,475.0,17003423.867368422,5.7368421052631575,4.334736842105263,173131.0,848403.0,1897313.291835368,1842686.41791976,60813838.0,0.0,2357693.8136562994,1602730.2664040918,50.0,180.0,121.0,0.0,50.0,0.0,0.0,0.0,90.7821342797278,135.2295424317413,0.0,74575.88559324206,0.4926315789473684,591338.1132483128,202088.41737642183,6333049.230347591,579423.6787753202,0.0,2018-02-28 09:06:00
2018-02-28 09:06:00,486,0,475.0,17003423.867368422,5.7368421052631575,4.334736842105263,173131.0,848403.0,1897313.291835368,1842686.41791976,60813838.0,0.0,2357693.8136562994,1602730.2664040918,50.0,180.0,121.0,0.0,50.0,0.0,0.0,0.0,90.7821342797278,135.2295424317413,0.0,74575.88559324206,0.4926315789473684,591338.1132483128,202088.41737642183,6333049.230347591,579423.6787753202,2601.0,15161230.18531334,5.018838908112264,4.87043444828912,929723.0,5565250.0,572556.3311797801,1236636.6073548452,60015234.0,0.0,991678.0478191256,955333.7764405374,89.0,424.0,654.0,8.0,89.0,0.0,0.0,0.0,98.40234753029036,131.11943741427385,0.0,0.0,0.7185697808535179,221353.05585289063,125779.76859775392,4160260.7669860674,94400.3517002696,0.0,2018-02-28 09:07:00
2018-02-28 09:07:00,487,0,2601.0,15161230.18531334,5.018838908112264,4.87043444828912,929723.0,5565250.0,572556.3311797801,1236636.6073548452,60015234.0,0.0,991678.0478191256,955333.7764405374,89.0,424.0,654.0,8.0,89.0,0.0,0.0,0.0,98.40234753029036,131.11943741427385,0.0,0.0,0.7185697808535179,221353.05585289063,125779.76859775392,4160260.7669860674,94400.3517002696,759.0,14686777.930171276,5.384716732542819,4.797101449275362,237171.0,1988759.0,1672404.6339507357,1471484.9148670863,59874050.0,0.0,2010119.5032275552,1144319.9553351838,91.0,294.0,176.0,9.0,91.0,0.0,0.0,0.0,81.76243680125995,113.371790832844,0.0,0.0,0.5349143610013175,488979.82967455673,233997.8970138656,5674066.384598822,500534.84532849706,0.0,2018-02-28 09:08:00
2018-02-28 09:08:00,488,0,759.0,14686777.930171276,5.384716732542819,4.797101449275362,237171.0,1988759.0,1672404.6339507357,1471484.9148670863,59874050.0,0.0,2010119.5032275552,1144319.9553351838,91.0,294.0,176.0,9.0,91.0,0.0,0.0,0.0,81.76243680125995,113.371790832844,0.0,0.0,0.5349143610013175,488979.82967455673,233997.8970138656,5674066.384598822,500534.84532849706,1041.0,11603180.261287224,4.345821325648415,3.950048030739673,391214.0,1263693.0,849307.3138802183,1125993.4688817472,71428518.0,0.0,1092992.186726984,901633.844221509,38.0,319.0,205.0,0.0,38.0,0.0,0.0,0.0,77.06575966833967,101.99276616578916,0.0,396910.5881383317,0.6935638808837656,247219.08607246968,141754.44007458177,3714787.2252383786,275942.8548735752,0.0,2018-02-28 09:09:00
2018-02-28 09:09:00,489,0,1041.0,11603180.261287224,4.345821325648415,3.950048030739673,391214.0,1263693.0,849307.3138802183,1125993.4688817472,71428518.0,0.0,1092992.186726984,901633.844221509,38.0,319.0,205.0,0.0,38.0,0.0,0.0,0.0,77.06575966833967,101.99276616578916,0.0,396910.5881383317,0.6935638808837656,247219.08607246968,141754.44007458177,3714787.2252383786,275942.8548735752,2398.0,15667271.740200168,5.957464553794829,6.217264386989157,868096.0,10113912.0,705388.1253175567,1390165.0731126324,75000000.0,0.0,1149888.58908196,1101066.1201739972,176.0,599.0,634.0,19.0,176.0,0.0,0.0,0.0,100.59789128483908,129.11337068719905,0.0,0.0,0.6305254378648875,209917.3156919092,126713.93439252196,4498146.971303688,178814.9021043671,0.0,2018-02-28 09:10:00
2018-02-28 09:10:00,490,0,2398.0,15667271.740200168,5.957464553794829,6.217264386989157,868096.0,10113912.0,705388.1253175567,1390165.0731126324,75000000.0,0.0,1149888.58908196,1101066.1201739972,176.0,599.0,634.0,19.0,176.0,0.0,0.0,0.0,100.59789128483908,129.11337068719905,0.0,0.0,0.6305254378648875,209917.3156919092,126713.93439252196,4498146.971303688,178814.9021043671,1102.0,17309763.48911071,5.549001814882033,5.762250453720508,498632.0,3422730.0,1374714.7741093996,1652319.7578637411,60110956.0,0.0,1820972.385904469,958762.6513440132,77.0,302.0,250.0,6.0,77.0,0.0,0.0,0.0,97.08142968720998,124.6423998637313,0.0,0.0,0.6669691470054446,407219.9725130932,278611.0970761918,6385293.047811875,258695.1571983389,0.0,2018-02-28 09:11:00
2018-02-28 09:11:00,491,0,1102.0,17309763.48911071,5.549001814882033,5.762250453720508,498632.0,3422730.0,1374714.7741093996,1652319.7578637411,60110956.0,0.0,1820972.385904469,958762.6513440132,77.0,302.0,250.0,6.0,77.0,0.0,0.0,0.0,97.08142968720998,124.6423998637313,0.0,0.0,0.6669691470054446,407219.9725130932,278611.0970761918,6385293.047811875,258695.1571983389,1441.0,9623027.82165163,6.460791117279667,5.850798056904927,937057.0,2580161.0,583316.4072038322,1045863.4774097966,115000000.0,0.0,913815.1009321704,879112.6254593926,42.0,331.0,719.0,9.0,42.0,0.0,0.0,0.0,108.01175314432976,187.44120333099053,0.0,0.0,0.4809160305343511,281047.2628245052,108512.35468106106,3168669.0138677093,233081.7439262829,0.0,2018-02-28 09:12:00
2018-02-28 09:12:00,492,0,1441.0,9623027.82165163,6.460791117279667,5.850798056904927,937057.0,2580161.0,583316.4072038322,1045863.4774097966,115000000.0,0.0,913815.1009321704,879112.6254593926,42.0,331.0,719.0,9.0,42.0,0.0,0.0,0.0,108.01175314432976,187.44120333099053,0.0,0.0,0.4809160305343511,281047.2628245052,108512.35468106106,3168669.0138677093,233081.7439262829,2268.0,9031719.339065256,6.592151675485009,6.264991181657848,1872360.0,2955318.0,498006.459332617,949388.6605615437,101240373.0,0.0,860661.8570496303,707349.1818849999,139.0,411.0,1253.0,14.0,139.0,0.0,0.0,0.0,118.17747533407872,211.2032803204928,0.0,0.0,0.4700176366843033,328005.87547320075,166722.34159541957,2490840.6894383384,190849.26196418816,0.0,2018-02-28 09:13:00
2018-02-28 09:13:00,493,0,2268.0,9031719.339065256,6.592151675485009,6.264991181657848,1872360.0,2955318.0,498006.459332617,949388.6605615437,101240373.0,0.0,860661.8570496303,707349.1818849999,139.0,411.0,1253.0,14.0,139.0,0.0,0.0,0.0,118.17747533407872,211.2032803204928,0.0,0.0,0.4700176366843033,328005.87547320075,166722.34159541957,2490840.6894383384,190849.26196418816,2184.0,7111079.986721612,6.7866300366300365,6.298534798534798,1863795.0,2972023.0,755454.675939878,901426.5279142366,114432944.0,0.0,1099185.369841057,729983.1266143498,105.0,344.0,1385.0,10.0,105.0,0.0,0.0,0.0,129.7611516609059,235.25697171645805,0.0,0.0,0.4299450549450549,438236.5747176755,44937.96187350476,2413539.365268916,159664.21675982332,0.0,2018-02-28 09:14:00
2018-02-28 09:14:00,494,0,2184.0,7111079.986721612,6.7866300366300365,6.298534798534798,1863795.0,2972023.0,755454.675939878,901426.5279142366,114432944.0,0.0,1099185.369841057,729983.1266143498,105.0,344.0,1385.0,10.0,105.0,0.0,0.0,0.0,129.7611516609059,235.25697171645805,0.0,0.0,0.4299450549450549,438236.5747176755,44937.96187350476,2413539.365268916,159664.21675982332,2120.0,11310536.98962264,7.477358490566037,7.755660377358491,1847164.0,6149659.0,535642.9625399038,1116042.1378815856,114000000.0,0.0,953875.9747888694,859657.4621978939,33.0,179.0,1241.0,2.0,33.0,0.0,0.0,0.0,133.6966418753023,230.6421596505337,0.0,0.0,0.4896226415094339,549093.5806544309,214055.24393603092,3597011.380065659,218238.7709647664,0.0,2018-02-28 09:15:00
2018-02-28 09:15:00,495,0,2120.0,11310536.98962264,7.477358490566037,7.755660377358491,1847164.0,6149659.0,535642.9625399038,1116042.1378815856,114000000.0,0.0,953875.9747888694,859657.4621978939,33.0,179.0,1241.0,2.0,33.0,0.0,0.0,0.0,133.6966418753023,230.6421596505337,0.0,0.0,0.4896226415094339,549093.5806544309,214055.24393603092,3597011.380065659,218238.7709647664,1100.0,11348088.706363635,6.743636363636363,6.010909090909091,811374.0,2637153.0,781616.6656427674,1165176.9585606572,117000000.0,0.0,1062360.7590081007,948853.2088498174,57.0,221.0,517.0,6.0,57.0,0.0,0.0,0.0,125.67626584648164,200.3279780327516,0.0,0.0,0.3672727272727272,372047.6243859836,181071.52126741884,3810869.029607479,277335.9357761295,0.0,2018-02-28 09:16:00
2018-02-28 09:16:00,496,0,1100.0,11348088.706363635,6.743636363636363,6.010909090909091,811374.0,2637153.0,781616.6656427674,1165176.9585606572,117000000.0,0.0,1062360.7590081007,948853.2088498174,57.0,221.0,517.0,6.0,57.0,0.0,0.0,0.0,125.67626584648164,200.3279780327516,0.0,0.0,0.3672727272727272,372047.6243859836,181071.52126741884,3810869.029607479,277335.9357761295,2269.0,13036988.151167916,6.75275451740855,6.947113265755839,1422308.0,8774086.0,813815.1556924869,1197366.894131021,105472823.0,0.0,1188700.7564532177,847612.8910477776,98.0,380.0,907.0,11.0,98.0,0.0,0.0,0.0,117.93141420655851,178.23423107327034,0.0,0.0,0.5187307183781401,317197.8222496408,189075.6839358577,4040294.761111241,379269.919260557,0.0,2018-02-28 09:17:00
2018-02-28 09:17:00,497,0,2269.0,13036988.151167916,6.75275451740855,6.947113265755839,1422308.0,8774086.0,813815.1556924869,1197366.894131021,105472823.0,0.0,1188700.7564532177,847612.8910477776,98.0,380.0,907.0,11.0,98.0,0.0,0.0,0.0,117.93141420655851,178.23423107327034,0.0,0.0,0.5187307183781401,317197.8222496408,189075.6839358577,4040294.761111241,379269.919260557,1728.0,9381601.333333334,6.175347222222222,5.585069444444445,1144943.0,3290879.0,553599.7229197482,1159366.2647560963,115000000.0,0.0,907075.4937113432,832598.6345038557,44.0,271.0,818.0,8.0,44.0,0.0,0.0,0.0,117.91577200554676,192.61012500428865,0.0,0.0,0.4224537037037037,214823.0233263165,40063.05928756373,3974443.353631641,217984.193623153,0.0,2018-02-28 09:18:00
2018-02-28 09:18:00,498,0,1728.0,9381601.333333334,6.175347222222222,5.585069444444445,1144943.0,3290879.0,553599.7229197482,1159366.2647560963,115000000.0,0.0,907075.4937113432,832598.6345038557,44.0,271.0,818.0,8.0,44.0,0.0,0.0,0.0,117.91577200554676,192.61012500428865,0.0,0.0,0.4224537037037037,214823.0233263165,40063.05928756373,3974443.353631641,217984.193623153,1403.0,8004892.62722737,7.565930149679259,7.111903064861012,1186191.0,4632730.0,711636.367425472,989140.9001585247,86700000.0,0.0,941528.2991207308,647428.5687781337,39.0,233.0,772.0,1.0,39.0,0.0,0.0,0.0,132.15005804513166,228.88528730709527,0.0,0.0,0.2530292230933713,393720.1373744288,134812.8543713418,3276940.011386573,218248.7406170252,0.0,2018-02-28 09:19:00
2018-02-28 09:19:00,499,0,1403.0,8004892.62722737,7.565930149679259,7.111903064861012,1186191.0,4632730.0,711636.367425472,989140.9001585247,86700000.0,0.0,941528.2991207308,647428.5687781337,39.0,233.0,772.0,1.0,39.0,0.0,0.0,0.0,132.15005804513166,228.88528730709527,0.0,0.0,0.2530292230933713,393720.1373744288,134812.8543713418,3276940.011386573,218248.7406170252,1677.0,7274716.533691115,6.742993440667859,5.989862850327967,1313727.0,3004754.0,704988.9818166265,770780.3290942939,59905205.0,0.0,928455.3445294906,609372.5313865714,28.0,217.0,961.0,2.0,28.0,0.0,0.0,0.0,132.42456832005487,228.4888543642264,0.0,39531.74098697858,0.3124627310673822,212878.0873134087,59074.1607868998,2686649.492596032,79166.7879669174,0.0,2018-02-28 09:20:00
2018-02-28 09:20:00,500,0,1677.0,7274716.533691115,6.742993440667859,5.989862850327967,1313727.0,3004754.0,704988.9818166265,770780.3290942939,59905205.0,0.0,928455.3445294906,609372.5313865714,28.0,217.0,961.0,2.0,28.0,0.0,0.0,0.0,132.42456832005487,228.4888543642264,0.0,39531.74098697858,0.3124627310673822,212878.0873134087,59074.1607868998,2686649.492596032,79166.7879669174,840.0,15082159.867857143,5.71547619047619,5.703571428571428,353799.0,3091317.0,940370.8435922688,1552769.3534361748,59937109.0,0.0,1268600.90630341,1291672.5669417002,29.0,181.0,232.0,5.0,29.0,0.0,0.0,0.0,119.96300665661536,146.53133752667011,12182.598812856024,172449.04772625942,0.6130952380952381,615129.4565109863,26261.68192526184,4811965.535605375,165013.03592176133,0.0,2018-02-28 09:21:00
2018-02-28 09:21:00,501,0,840.0,15082159.867857143,5.71547619047619,5.703571428571428,353799.0,3091317.0,940370.8435922688,1552769.3534361748,59937109.0,0.0,1268600.90630341,1291672.5669417002,29.0,181.0,232.0,5.0,29.0,0.0,0.0,0.0,119.96300665661536,146.53133752667011,12182.598812856024,172449.04772625942,0.6130952380952381,615129.4565109863,26261.68192526184,4811965.535605375,165013.03592176133,976.0,14267608.721311476,4.815573770491803,4.645491803278689,262427.0,2526763.0,1476553.938498923,1184597.1645675383,59936325.0,0.0,1815837.5047465004,1028895.4610182272,31.0,186.0,228.0,0.0,31.0,0.0,0.0,0.0,84.53838105395205,103.93878968212395,0.0,125294.68767343104,0.6516393442622951,272686.50111345726,63138.308938857575,4512027.656342883,116990.85706323304,0.0,2018-02-28 09:22:00
2018-02-28 09:22:00,502,0,976.0,14267608.721311476,4.815573770491803,4.645491803278689,262427.0,2526763.0,1476553.938498923,1184597.1645675383,59936325.0,0.0,1815837.5047465004,1028895.4610182272,31.0,186.0,228.0,0.0,31.0,0.0,0.0,0.0,84.53838105395205,103.93878968212395,0.0,125294.68767343104,0.6516393442622951,272686.50111345726,63138.308938857575,4512027.656342883,116990.85706323304,819.0,8518507.683760684,4.096459096459096,2.7887667887667886,226815.0,647790.0,1345034.8228672107,890082.6080182362,72138390.0,0.0,1566493.3620737032,729620.9436000255,64.0,291.0,142.0,15.0,64.0,0.0,0.0,0.0,75.30410223956238,97.8318728797734,0.0,680841.2788783613,0.5787545787545788,495895.62876004766,219254.68365109185,3067729.118291536,180804.7141261742,0.0,2018-02-28 09:23:00
2018-02-28 09:23:00,503,0,819.0,8518507.683760684,4.096459096459096,2.7887667887667886,226815.0,647790.0,1345034.8228672107,890082.6080182362,72138390.0,0.0,1566493.3620737032,729620.9436000255,64.0,291.0,142.0,15.0,64.0,0.0,0.0,0.0,75.30410223956238,97.8318728797734,0.0,680841.2788783613,0.5787545787545788,495895.62876004766,219254.68365109185,3067729.118291536,180804.7141261742,1133.0,14247952.48455428,4.823477493380406,4.184466019417476,328954.0,1948747.0,769080.3251673279,1392864.2182539466,59936333.0,0.0,1217916.393260292,1107035.5485135696,83.0,326.0,265.0,2.0,83.0,0.0,0.0,0.0,81.85583264199691,111.55977623632684,0.0,151996.24577150986,0.6054721977052074,226149.4158293758,230272.99114217507,4714061.418581354,124167.105893699,0.0,2018-02-28 09:24:00
2018-02-28 09:24:00,504,0,1133.0,14247952.48455428,4.823477493380406,4.184466019417476,328954.0,1948747.0,769080.3251673279,1392864.2182539466,59936333.0,0.0,1217916.393260292,1107035.5485135696,83.0,326.0,265.0,2.0,83.0,0.0,0.0,0.0,81.85583264199691,111.55977623632684,0.0,151996.24577150986,0.6054721977052074,226149.4158293758,230272.99114217507,4714061.418581354,124167.105893699,490.0,11365538.142857144,4.563265306122449,3.126530612244898,164337.0,561303.0,2897448.2449734937,1114666.513705894,59937046.0,0.0,3115988.159328639,951396.6394113484,36.0,214.0,106.0,3.0,36.0,0.0,0.0,0.0,75.56181813083163,107.42136963937102,0.0,156828.93371447953,0.4836734693877551,793843.6607295708,77444.50025135097,5337253.987957576,302494.1373068283,0.0,2018-02-28 09:25:00
2018-02-28 09:25:00,505,0,490.0,11365538.142857144,4.563265306122449,3.126530612244898,164337.0,561303.0,2897448.2449734937,1114666.513705894,59937046.0,0.0,3115988.159328639,951396.6394113484,36.0,214.0,106.0,3.0,36.0,0.0,0.0,0.0,75.56181813083163,107.42136963937102,0.0,156828.93371447953,0.4836734693877551,793843.6607295708,77444.50025135097,5337253.987957576,302494.1373068283,1603.0,14421620.349968808,4.6743605739238925,4.184029943855271,425060.0,2639917.0,733148.3458664642,1512698.1543110884,67336633.0,0.0,1205023.6089007056,1112060.6009675784,111.0,320.0,347.0,8.0,111.0,0.0,0.0,0.0,82.5928139159373,108.21637813802664,0.0,0.0,0.686837180286962,326393.525010328,82223.06191924216,5356933.580183553,322924.87237319705,0.0,2018-02-28 09:26:00
2018-02-28 09:26:00,506,0,1603.0,14421620.349968808,4.6743605739238925,4.184029943855271,425060.0,2639917.0,733148.3458664642,1512698.1543110884,67336633.0,0.0,1205023.6089007056,1112060.6009675784,111.0,320.0,347.0,8.0,111.0,0.0,0.0,0.0,82.5928139159373,108.21637813802664,0.0,0.0,0.686837180286962,326393.525010328,82223.06191924216,5356933.580183553,322924.87237319705,2094.0,14332110.55921681,5.298949379178605,5.585004775549188,652799.0,6906635.0,635337.2968376648,1357721.4881240437,59937008.0,0.0,1037986.5401537413,994959.7913135173,106.0,394.0,586.0,11.0,106.0,0.0,0.0,0.0,107.6459657734162,145.69675168304371,0.0,0.0,0.7020057306590258,214334.033250996,113660.06512477768,4687884.38149619,226967.43083675325,0.0,2018-02-28 09:27:00
2018-02-28 09:27:00,507,0,2094.0,14332110.55921681,5.298949379178605,5.585004775549188,652799.0,6906635.0,635337.2968376648,1357721.4881240437,59937008.0,0.0,1037986.5401537413,994959.7913135173,106.0,394.0,586.0,11.0,106.0,0.0,0.0,0.0,107.6459657734162,145.69675168304371,0.0,0.0,0.7020057306590258,214334.033250996,113660.06512477768,4687884.38149619,226967.43083675325,879.0,7383191.718998862,3.5415244596131967,2.4379977246871443,206989.0,571618.0,1388236.6440193446,796779.0590773533,59937158.0,0.0,1547022.4911640154,593841.6545109767,45.0,285.0,152.0,6.0,45.0,0.0,0.0,0.0,66.48682465908429,84.63127949365051,0.0,0.0,0.626848691695108,388506.5938217616,90405.14300653207,3248684.7199356365,85195.82913088718,0.0,2018-02-28 09:28:00
2018-02-28 09:28:00,508,0,879.0,7383191.718998862,3.5415244596131967,2.4379977246871443,206989.0,571618.0,1388236.6440193446,796779.0590773533,59937158.0,0.0,1547022.4911640154,593841.6545109767,45.0,285.0,152.0,6.0,45.0,0.0,0.0,0.0,66.48682465908429,84.63127949365051,0.0,0.0,0.626848691695108,388506.5938217616,90405.14300653207,3248684.7199356365,85195.82913088718,754.0,6212811.923076923,3.6710875331564985,2.1644562334217508,194496.0,398443.0,887781.8331014893,1214385.7830846517,59937119.0,0.0,1117997.8946133184,786957.695627436,125.0,452.0,118.0,12.0,125.0,0.0,0.0,0.0,56.20167801654164,76.57192580402308,0.0,984799.0485169666,0.4018567639257294,138592.57296437983,87435.96279875305,3105176.9145526886,244940.1942669544,0.0,2018-02-28 09:29:00
2018-02-28 09:29:00,509,0,754.0,6212811.923076923,3.6710875331564985,2.1644562334217508,194496.0,398443.0,887781.8331014893,1214385.7830846517,59937119.0,0.0,1117997.8946133184,786957.695627436,125.0,452.0,118.0,12.0,125.0,0.0,0.0,0.0,56.20167801654164,76.57192580402308,0.0,984799.0485169666,0.4018567639257294,138592.57296437983,87435.96279875305,3105176.9145526886,244940.1942669544,1725.0,16978027.5142029,6.194202898550724,6.297971014492753,1075205.0,6998928.0,860211.0553168469,1465686.435154806,59937051.0,0.0,1283839.3700675522,1099850.6784118747,131.0,367.0,426.0,6.0,131.0,0.0,0.0,0.0,91.05167349833508,111.46864599008266,0.0,0.0,0.6857971014492754,399767.4191357249,242531.1690089509,5055427.516594381,373930.8490229207,0.0,2018-02-28 09:30:00
2018-02-28 09:30:00,510,0,1725.0,16978027.5142029,6.194202898550724,6.297971014492753,1075205.0,6998928.0,860211.0553168469,1465686.435154806,59937051.0,0.0,1283839.3700675522,1099850.6784118747,131.0,367.0,426.0,6.0,131.0,0.0,0.0,0.0,91.05167349833508,111.46864599008266,0.0,0.0,0.6857971014492754,399767.4191357249,242531.1690089509,5055427.516594381,373930.8490229207,799.0,10651527.245306632,3.667083854818523,3.2090112640801003,202002.0,825860.0,1319102.7950509533,1031543.0298129208,59937238.0,0.0,1563948.0496314631,838161.1863012236,30.0,144.0,177.0,8.0,30.0,0.0,0.0,0.0,83.04233321623605,108.5953785176502,0.0,0.0,0.6595744680851063,125133.5015043203,25596.62176011614,4159052.323780534,62813.139885793615,0.0,2018-02-28 09:31:00
2018-02-28 09:31:00,511,0,799.0,10651527.245306632,3.667083854818523,3.2090112640801003,202002.0,825860.0,1319102.7950509533,1031543.0298129208,59937238.0,0.0,1563948.0496314631,838161.1863012236,30.0,144.0,177.0,8.0,30.0,0.0,0.0,0.0,83.04233321623605,108.5953785176502,0.0,0.0,0.6595744680851063,125133.5015043203,25596.62176011614,4159052.323780534,62813.139885793615,878.0,13217182.200455582,4.892938496583144,3.753986332574032,344190.0,899176.0,910039.8347350394,1372232.2217976155,59939477.0,0.0,1236739.0180504443,1095702.7581813592,36.0,319.0,195.0,14.0,36.0,0.0,0.0,0.0,77.39849372542585,109.00812627793042,0.0,0.0,0.571753986332574,458901.2749728272,170383.19940754375,3972359.0844795792,216831.79454723484,0.0,2018-02-28 09:32:00
2018-02-28 09:32:00,512,0,878.0,13217182.200455582,4.892938496583144,3.753986332574032,344190.0,899176.0,910039.8347350394,1372232.2217976155,59939477.0,0.0,1236739.0180504443,1095702.7581813592,36.0,319.0,195.0,14.0,36.0,0.0,0.0,0.0,77.39849372542585,109.00812627793042,0.0,0.0,0.571753986332574,458901.2749728272,170383.19940754375,3972359.0844795792,216831.79454723484,750.0,8990173.96,4.168,2.776,224037.0,556373.0,877220.8789536953,930399.939521498,59937256.0,0.0,1125351.6248969198,852341.8019003536,101.0,332.0,159.0,16.0,101.0,0.0,0.0,0.0,70.56833057616947,102.09391691110896,0.0,723229.7732763477,0.472,339031.4275919863,122663.15379024844,3090568.109198667,76132.75561604867,0.0,2018-02-28 09:33:00
2018-02-28 09:33:00,513,0,750.0,8990173.96,4.168,2.776,224037.0,556373.0,877220.8789536953,930399.939521498,59937256.0,0.0,1125351.6248969198,852341.8019003536,101.0,332.0,159.0,16.0,101.0,0.0,0.0,0.0,70.56833057616947,102.09391691110896,0.0,723229.7732763477,0.472,339031.4275919863,122663.15379024844,3090568.109198667,76132.75561604867,1603.0,14236200.791640673,4.615720524017467,4.310043668122271,575412.0,2510719.0,944978.0461876336,1288611.7083093936,59933031.0,0.0,1325763.0577004864,950802.937475283,55.0,320.0,392.0,6.0,55.0,0.0,0.0,0.0,95.8334198712398,126.77272299837026,0.0,0.0,0.72613849033063,437287.5119254034,168892.82223015462,4500322.309229068,157275.77172786987,0.0,2018-02-28 09:34:00
2018-02-28 09:34:00,514,0,1603.0,14236200.791640673,4.615720524017467,4.310043668122271,575412.0,2510719.0,944978.0461876336,1288611.7083093936,59933031.0,0.0,1325763.0577004864,950802.937475283,55.0,320.0,392.0,6.0,55.0,0.0,0.0,0.0,95.8334198712398,126.77272299837026,0.0,0.0,0.72613849033063,437287.5119254034,168892.82223015462,4500322.309229068,157275.77172786987,1033.0,18395262.24588577,6.343659244917715,6.732817037754114,412898.0,4997916.0,815834.0050853963,1595971.171416341,59937096.0,0.0,1301163.5270120322,1152709.2281193952,44.0,254.0,289.0,3.0,44.0,0.0,0.0,0.0,110.40041619294918,142.5747155153471,0.0,0.0,0.6524685382381413,323080.73035883217,113563.83313621664,5962601.410125046,175886.92575893673,0.0,2018-02-28 09:35:00
2018-02-28 09:35:00,515,0,1033.0,18395262.24588577,6.343659244917715,6.732817037754114,412898.0,4997916.0,815834.0050853963,1595971.171416341,59937096.0,0.0,1301163.5270120322,1152709.2281193952,44.0,254.0,289.0,3.0,44.0,0.0,0.0,0.0,110.40041619294918,142.5747155153471,0.0,0.0,0.6524685382381413,323080.73035883217,113563.83313621664,5962601.410125046,175886.92575893673,942.0,16299303.567940552,5.646496815286624,5.5615711252653925,366610.0,2927956.0,1399078.780055774,1532135.5648187634,59937085.0,0.0,1843766.73485059,1241772.5033690024,56.0,274.0,241.0,2.0,56.0,0.0,0.0,0.0,87.37674804541082,118.0308715981672,0.0,0.0,0.6061571125265393,651000.6225390546,131455.60461412484,5595053.7354567405,275816.40481133363,0.0,2018-02-28 09:36:00
2018-02-28 09:36:00,516,0,942.0,16299303.567940552,5.646496815286624,5.5615711252653925,366610.0,2927956.0,1399078.780055774,1532135.5648187634,59937085.0,0.0,1843766.73485059,1241772.5033690024,56.0,274.0,241.0,2.0,56.0,0.0,0.0,0.0,87.37674804541082,118.0308715981672,0.0,0.0,0.6061571125265393,651000.6225390546,131455.60461412484,5595053.7354567405,275816.40481133363,512.0,7696708.59375,3.99609375,2.23828125,136376.0,294812.0,1361894.796985243,865751.683658407,59937114.0,0.0,1436899.1488397256,772619.0150709414,74.0,281.0,95.0,2.0,74.0,0.0,0.0,0.0,59.79008703920176,81.23375825478848,0.0,332496.7575671358,0.40625,423425.4017370774,357962.20762341743,2952574.810570431,324528.99079812603,0.0,2018-02-28 09:37:00
2018-02-28 09:37:00,517,0,512.0,7696708.59375,3.99609375,2.23828125,136376.0,294812.0,1361894.796985243,865751.683658407,59937114.0,0.0,1436899.1488397256,772619.0150709414,74.0,281.0,95.0,2.0,74.0,0.0,0.0,0.0,59.79008703920176,81.23375825478848,0.0,332496.7575671358,0.40625,423425.4017370774,357962.20762341743,2952574.810570431,324528.99079812603,2173.0,18175006.711458813,5.165209387942936,4.705936493327197,864394.0,3502268.0,724654.050606463,1699578.7660218936,59936269.0,0.0,1267685.087780227,1184519.9518714948,141.0,441.0,570.0,8.0,141.0,0.0,0.0,0.0,96.9679190131433,131.1501074000177,0.0,0.0,0.698573400828348,355578.9225183899,118128.62320287242,5860457.214859801,248281.3628032192,0.0,2018-02-28 09:38:00
2018-02-28 09:38:00,518,0,2173.0,18175006.711458813,5.165209387942936,4.705936493327197,864394.0,3502268.0,724654.050606463,1699578.7660218936,59936269.0,0.0,1267685.087780227,1184519.9518714948,141.0,441.0,570.0,8.0,141.0,0.0,0.0,0.0,96.9679190131433,131.1501074000177,0.0,0.0,0.698573400828348,355578.9225183899,118128.62320287242,5860457.214859801,248281.3628032192,1860.0,15692869.754838709,5.211827956989247,5.453763440860215,604715.0,5689549.0,1010223.524906612,1426126.0432836695,94200000.0,0.0,1461454.437968216,1112735.434897852,91.0,355.0,458.0,2.0,91.0,0.0,0.0,0.0,97.55807094828312,127.80702562541973,0.0,0.0,0.7086021505376344,161003.80478221062,116097.9158913043,5438143.981463665,226580.73261728545,0.0,2018-02-28 09:39:00
2018-02-28 09:39:00,519,0,1860.0,15692869.754838709,5.211827956989247,5.453763440860215,604715.0,5689549.0,1010223.524906612,1426126.0432836695,94200000.0,0.0,1461454.437968216,1112735.434897852,91.0,355.0,458.0,2.0,91.0,0.0,0.0,0.0,97.55807094828312,127.80702562541973,0.0,0.0,0.7086021505376344,161003.80478221062,116097.9158913043,5438143.981463665,226580.73261728545,1256.0,16174579.914808918,5.730891719745223,6.717356687898089,516512.0,5785500.0,940064.123309346,1579584.0722301586,103094370.0,0.0,1429580.1072574465,1305817.3246553864,56.0,368.0,258.0,13.0,56.0,0.0,0.0,0.0,87.58003851620238,109.68079693377142,0.0,0.0,0.6576433121019108,283257.75743339525,251483.06876529168,5524152.79413235,442589.9553064284,0.0,2018-02-28 09:40:00
2018-02-28 09:40:00,520,0,1256.0,16174579.914808918,5.730891719745223,6.717356687898089,516512.0,5785500.0,940064.123309346,1579584.0722301586,103094370.0,0.0,1429580.1072574465,1305817.3246553864,56.0,368.0,258.0,13.0,56.0,0.0,0.0,0.0,87.58003851620238,109.68079693377142,0.0,0.0,0.6576433121019108,283257.75743339525,251483.06876529168,5524152.79413235,442589.9553064284,1215.0,10772161.917695474,4.137448559670782,2.831275720164609,371044.0,926295.0,813366.0200041181,1527430.4117894317,59937370.0,0.0,1143774.3334165986,1227915.756138962,200.0,591.0,222.0,13.0,200.0,0.0,0.0,0.0,68.18864954200527,94.56452533301471,0.0,0.0,0.4567901234567901,223213.4090459928,64930.30191319337,4379194.007297244,237347.3094496055,0.0,2018-02-28 09:41:00
2018-02-28 09:41:00,521,0,1215.0,10772161.917695474,4.137448559670782,2.831275720164609,371044.0,926295.0,813366.0200041181,1527430.4117894317,59937370.0,0.0,1143774.3334165986,1227915.756138962,200.0,591.0,222.0,13.0,200.0,0.0,0.0,0.0,68.18864954200527,94.56452533301471,0.0,0.0,0.4567901234567901,223213.4090459928,64930.30191319337,4379194.007297244,237347.3094496055,1186.0,16062920.466273189,5.3161888701517706,5.38026981450253,477865.0,3760734.0,1223386.6497641276,1336371.6840199246,59936294.0,0.0,1661072.513190219,1162253.8684523513,157.0,452.0,243.0,18.0,157.0,0.0,0.0,0.0,93.87927499835564,118.16132577364648,0.0,0.0,0.5978077571669477,375682.80248474114,202098.25735543144,4858996.069679856,380439.95888308826,0.0,2018-02-28 09:42:00
2018-02-28 09:42:00,522,0,1186.0,16062920.466273189,5.3161888701517706,5.38026981450253,477865.0,3760734.0,1223386.6497641276,1336371.6840199246,59936294.0,0.0,1661072.513190219,1162253.8684523513,157.0,452.0,243.0,18.0,157.0,0.0,0.0,0.0,93.87927499835564,118.16132577364648,0.0,0.0,0.5978077571669477,375682.80248474114,202098.25735543144,4858996.069679856,380439.95888308826,904.0,13366100.867256638,4.842920353982301,3.678097345132744,321128.0,958664.0,972463.7717810192,1507487.4253356748,64300000.0,0.0,1440823.031186272,1380250.9236950392,88.0,313.0,196.0,12.0,88.0,0.0,0.0,0.0,80.88067823760232,113.16753507921858,0.0,0.0,0.5486725663716814,365438.9974411722,332098.9704890215,4055745.006747821,419975.73121679225,0.0,2018-02-28 09:43:00
2018-02-28 09:43:00,523,0,904.0,13366100.867256638,4.842920353982301,3.678097345132744,321128.0,958664.0,972463.7717810192,1507487.4253356748,64300000.0,0.0,1440823.031186272,1380250.9236950392,88.0,313.0,196.0,12.0,88.0,0.0,0.0,0.0,80.88067823760232,113.16753507921858,0.0,0.0,0.5486725663716814,365438.9974411722,332098.9704890215,4055745.006747821,419975.73121679225,1393.0,12995190.987796124,4.630294328786791,4.262742282842785,508874.0,2043492.0,706015.6973371884,1249362.7702844085,59936571.0,0.0,1076894.2289822164,1110087.1792227996,118.0,450.0,339.0,12.0,118.0,0.0,0.0,0.0,87.77155954560172,121.9871195806282,0.0,0.0,0.6109117013639627,278807.8822072875,99461.95881578478,4134782.64433484,193867.36840277803,0.0,2018-02-28 09:44:00
2018-02-28 09:44:00,524,0,1393.0,12995190.987796124,4.630294328786791,4.262742282842785,508874.0,2043492.0,706015.6973371884,1249362.7702844085,59936571.0,0.0,1076894.2289822164,1110087.1792227996,118.0,450.0,339.0,12.0,118.0,0.0,0.0,0.0,87.77155954560172,121.9871195806282,0.0,0.0,0.6109117013639627,278807.8822072875,99461.95881578478,4134782.64433484,193867.36840277803,831.0,13692891.00120337,5.884476534296029,5.108303249097473,309756.0,2542680.0,1584053.1874957213,1340676.862007602,60000000.0,0.0,2016934.8161138403,1068962.864803236,77.0,278.0,183.0,10.0,77.0,0.0,0.0,0.0,82.71048395110216,110.89553076859724,0.0,272152.0536397757,0.5487364620938628,560933.6955124899,524294.6983102494,4494542.282625351,662063.1199245311,0.0,2018-02-28 09:45:00
2018-02-28 09:45:00,525,0,831.0,13692891.00120337,5.884476534296029,5.108303249097473,309756.0,2542680.0,1584053.1874957213,1340676.862007602,60000000.0,0.0,2016934.8161138403,1068962.864803236,77.0,278.0,183.0,10.0,77.0,0.0,0.0,0.0,82.71048395110216,110.89553076859724,0.0,272152.0536397757,0.5487364620938628,560933.6955124899,524294.6983102494,4494542.282625351,662063.1199245311,994.0,12600693.405432597,5.297786720321931,5.576458752515091,347506.0,3465985.0,906678.4734857765,1617684.5499564623,59936290.0,0.0,1356671.754418389,1086043.394959646,69.0,262.0,237.0,6.0,69.0,0.0,0.0,0.0,86.19598285825694,112.56007891346891,0.0,0.0,0.6388329979879276,262275.2801476191,115419.37018707085,4819379.57268512,573880.5362627624,0.0,2018-02-28 09:46:00
2018-02-28 09:46:00,526,0,994.0,12600693.405432597,5.297786720321931,5.576458752515091,347506.0,3465985.0,906678.4734857765,1617684.5499564623,59936290.0,0.0,1356671.754418389,1086043.394959646,69.0,262.0,237.0,6.0,69.0,0.0,0.0,0.0,86.19598285825694,112.56007891346891,0.0,0.0,0.6388329979879276,262275.2801476191,115419.37018707085,4819379.57268512,573880.5362627624,1021.0,13065361.833496572,5.044074436826641,4.257590597453477,321283.0,1986658.0,1009092.680270168,1283585.6860062887,59936396.0,0.0,1379665.4511292384,835576.4746341875,81.0,253.0,260.0,4.0,81.0,0.0,0.0,0.0,90.88182959724378,117.79240071830628,0.0,0.0,0.5925563173359452,456001.7085818452,369380.5300537039,4396546.253732928,345991.5140906853,0.0,2018-02-28 09:47:00
2018-02-28 09:47:00,527,0,1021.0,13065361.833496572,5.044074436826641,4.257590597453477,321283.0,1986658.0,1009092.680270168,1283585.6860062887,59936396.0,0.0,1379665.4511292384,835576.4746341875,81.0,253.0,260.0,4.0,81.0,0.0,0.0,0.0,90.88182959724378,117.79240071830628,0.0,0.0,0.5925563173359452,456001.7085818452,369380.5300537039,4396546.253732928,345991.5140906853,1852.0,15836803.127969762,5.564794816414687,6.29805615550756,1176887.0,7612369.0,1036075.632123732,1375719.8130245376,59936392.0,0.0,1519292.1244898534,1111306.806828505,80.0,341.0,535.0,6.0,80.0,0.0,0.0,0.0,120.91480343803796,140.95565276069345,12451.421753469947,175271.02350414754,0.7230021598272138,168133.43969169562,53264.78927426541,4561896.198998723,246204.25209256925,0.0,2018-02-28 09:48:00
2018-02-28 09:48:00,528,0,1852.0,15836803.127969762,5.564794816414687,6.29805615550756,1176887.0,7612369.0,1036075.632123732,1375719.8130245376,59936392.0,0.0,1519292.1244898534,1111306.806828505,80.0,341.0,535.0,6.0,80.0,0.0,0.0,0.0,120.91480343803796,140.95565276069345,12451.421753469947,175271.02350414754,0.7230021598272138,168133.43969169562,53264.78927426541,4561896.198998723,246204.25209256925,1877.0,14477175.725093234,4.72562599893447,6.003196590303676,458793.0,8047855.0,713111.8846299208,1255501.365527728,71046703.0,0.0,1156317.0193932566,1003817.7549332402,81.0,385.0,433.0,7.0,81.0,0.0,0.0,0.0,85.30542501400718,104.28820923626702,0.0,0.0,0.7101758124667021,256839.147461016,121352.32177895558,3973287.4401491033,246603.80009446864,0.0,2018-02-28 09:49:00
2018-02-28 09:49:00,529,0,1877.0,14477175.725093234,4.72562599893447,6.003196590303676,458793.0,8047855.0,713111.8846299208,1255501.365527728,71046703.0,0.0,1156317.0193932566,1003817.7549332402,81.0,385.0,433.0,7.0,81.0,0.0,0.0,0.0,85.30542501400718,104.28820923626702,0.0,0.0,0.7101758124667021,256839.147461016,121352.32177895558,3973287.4401491033,246603.80009446864,925.0,10355525.014054054,4.029189189189189,3.0291891891891893,203244.0,1010715.0,1265268.3940937088,1388152.4364918096,115324516.0,0.0,1726235.843352823,1166225.318721033,77.0,414.0,233.0,7.0,77.0,0.0,0.0,0.0,62.45304934872076,89.85863403548184,0.0,0.0,0.534054054054054,312000.431534818,93427.96072184398,4061410.669724324,151345.9257210181,0.0,2018-02-28 09:50:00
2018-02-28 09:50:00,530,0,925.0,10355525.014054054,4.029189189189189,3.0291891891891893,203244.0,1010715.0,1265268.3940937088,1388152.4364918096,115324516.0,0.0,1726235.843352823,1166225.318721033,77.0,414.0,233.0,7.0,77.0,0.0,0.0,0.0,62.45304934872076,89.85863403548184,0.0,0.0,0.534054054054054,312000.431534818,93427.96072184398,4061410.669724324,151345.9257210181,1956.0,13388896.48210634,4.8343558282208585,4.457055214723926,641035.0,4272168.0,924656.4099022272,1288543.135250038,112977067.0,0.0,1299627.3768164702,953749.4026775318,128.0,483.0,450.0,12.0,128.0,0.0,0.0,0.0,88.55022374836017,108.7199814544799,0.0,0.0,0.6666666666666666,321469.8875240192,149300.62860765593,4358856.9922730215,520390.8367292296,0.0,2018-02-28 09:51:00
2018-02-28 09:51:00,531,0,1956.0,13388896.48210634,4.8343558282208585,4.457055214723926,641035.0,4272168.0,924656.4099022272,1288543.135250038,112977067.0,0.0,1299627.3768164702,953749.4026775318,128.0,483.0,450.0,12.0,128.0,0.0,0.0,0.0,88.55022374836017,108.7199814544799,0.0,0.0,0.6666666666666666,321469.8875240192,149300.62860765593,4358856.9922730215,520390.8367292296,2156.0,10925908.354359929,4.487012987012987,4.308905380333952,588924.0,4359997.0,534808.9723053122,1160062.983890755,59936294.0,0.0,901030.668989932,816051.1439066889,126.0,445.0,523.0,15.0,126.0,0.0,0.0,0.0,91.07189778920088,119.18698691287148,0.0,0.0,0.6790352504638218,169603.92708557032,107330.4281370143,3812321.194361432,120716.92274171456,0.0,2018-02-28 09:52:00
2018-02-28 09:52:00,532,0,2156.0,10925908.354359929,4.487012987012987,4.308905380333952,588924.0,4359997.0,534808.9723053122,1160062.983890755,59936294.0,0.0,901030.668989932,816051.1439066889,126.0,445.0,523.0,15.0,126.0,0.0,0.0,0.0,91.07189778920088,119.18698691287148,0.0,0.0,0.6790352504638218,169603.92708557032,107330.4281370143,3812321.194361432,120716.92274171456,1806.0,8654694.677187154,3.44905869324474,2.9656699889258027,320638.0,2159226.0,841199.517101351,892460.0982005323,73100000.0,0.0,1058462.7150344655,711094.9537485203,71.0,347.0,336.0,4.0,71.0,0.0,0.0,0.0,68.73889849023548,83.01062781947547,0.0,0.0,0.7270210409745294,376824.03583769134,48473.30065728825,3149809.9902008623,136933.77005028634,0.0,2018-02-28 09:53:00
2018-02-28 09:53:00,533,0,1806.0,8654694.677187154,3.44905869324474,2.9656699889258027,320638.0,2159226.0,841199.517101351,892460.0982005323,73100000.0,0.0,1058462.7150344655,711094.9537485203,71.0,347.0,336.0,4.0,71.0,0.0,0.0,0.0,68.73889849023548,83.01062781947547,0.0,0.0,0.7270210409745294,376824.03583769134,48473.30065728825,3149809.9902008623,136933.77005028634,1158.0,9647939.159758205,4.301381692573402,3.715889464594128,316517.0,2119480.0,714857.5699723959,929742.7018074768,59936310.0,0.0,951462.594722568,701226.5772228608,104.0,372.0,246.0,9.0,104.0,0.0,0.0,0.0,80.76731976856702,103.9733568950552,0.0,0.0,0.6044905008635578,251197.60865784585,84875.78911881932,2868245.3237899984,175935.38955782546,0.0,2018-02-28 09:54:00
2018-02-28 09:54:00,534,0,1158.0,9647939.159758205,4.301381692573402,3.715889464594128,316517.0,2119480.0,714857.5699723959,929742.7018074768,59936310.0,0.0,951462.594722568,701226.5772228608,104.0,372.0,246.0,9.0,104.0,0.0,0.0,0.0,80.76731976856702,103.9733568950552,0.0,0.0,0.6044905008635578,251197.60865784585,84875.78911881932,2868245.3237899984,175935.38955782546,636.0,9254307.613207549,4.193396226415095,3.341194968553459,186012.0,732150.0,756365.3589028703,1252814.6880651452,59938028.0,0.0,1028037.1093458151,949479.7378520896,62.0,262.0,154.0,6.0,62.0,0.0,0.0,0.0,71.415440050886,101.40822217112108,0.0,0.0,0.5455974842767296,158370.3036496617,115749.8321501886,3565015.2530136267,142745.75265033494,0.0,2018-02-28 09:55:00
2018-02-28 09:55:00,535,0,636.0,9254307.613207549,4.193396226415095,3.341194968553459,186012.0,732150.0,756365.3589028703,1252814.6880651452,59938028.0,0.0,1028037.1093458151,949479.7378520896,62.0,262.0,154.0,6.0,62.0,0.0,0.0,0.0,71.415440050886,101.40822217112108,0.0,0.0,0.5455974842767296,158370.3036496617,115749.8321501886,3565015.2530136267,142745.75265033494,733.0,15362980.427012278,5.544338335607094,4.416098226466576,231573.0,1887382.0,2070050.36650829,1449533.1108544844,59936572.0,0.0,2450804.213407187,994536.895148508,66.0,266.0,142.0,2.0,66.0,0.0,0.0,0.0,84.26437001775267,112.53093743552265,0.0,0.0,0.5238744884038199,864706.2982016719,281085.26259724994,6246795.032213609,318688.8554113725,0.0,2018-02-28 09:56:00
2018-02-28 09:56:00,536,0,733.0,15362980.427012278,5.544338335607094,4.416098226466576,231573.0,1887382.0,2070050.36650829,1449533.1108544844,59936572.0,0.0,2450804.213407187,994536.895148508,66.0,266.0,142.0,2.0,66.0,0.0,0.0,0.0,84.26437001775267,112.53093743552265,0.0,0.0,0.5238744884038199,864706.2982016719,281085.26259724994,6246795.032213609,318688.8554113725,1520.0,18032817.925,5.632236842105264,5.85328947368421,574015.0,4444228.0,877203.5686206325,1846020.741284365,118163164.0,0.0,1405708.7201034925,1574027.6257398848,99.0,259.0,443.0,2.0,99.0,0.0,0.0,0.0,98.0941621410498,133.80850035819952,0.0,0.0,0.6960526315789474,176984.58508367205,34249.67631448304,6157279.481274917,173502.5186818143,0.0,2018-02-28 09:57:00
2018-02-28 09:57:00,537,0,1520.0,18032817.925,5.632236842105264,5.85328947368421,574015.0,4444228.0,877203.5686206325,1846020.741284365,118163164.0,0.0,1405708.7201034925,1574027.6257398848,99.0,259.0,443.0,2.0,99.0,0.0,0.0,0.0,98.0941621410498,133.80850035819952,0.0,0.0,0.6960526315789474,176984.58508367205,34249.67631448304,6157279.481274917,173502.5186818143,1305.0,13211211.626819924,5.025287356321839,4.47816091954023,412781.0,2742516.0,704543.3965870934,1399170.486426662,106000000.0,0.0,1163550.077055986,1101214.4583275374,88.0,291.0,324.0,7.0,88.0,0.0,0.0,0.0,88.69693311054407,121.09411494058214,0.0,0.0,0.6183908045977011,395632.86638175725,203724.58737792645,4621308.204398883,176723.0686552766,0.0,2018-02-28 09:58:00
2018-02-28 09:58:00,538,0,1305.0,13211211.626819924,5.025287356321839,4.47816091954023,412781.0,2742516.0,704543.3965870934,1399170.486426662,106000000.0,0.0,1163550.077055986,1101214.4583275374,88.0,291.0,324.0,7.0,88.0,0.0,0.0,0.0,88.69693311054407,121.09411494058214,0.0,0.0,0.6183908045977011,395632.86638175725,203724.58737792645,4621308.204398883,176723.0686552766,658.0,10164552.68237082,4.75531914893617,3.4468085106382977,299885.0,647394.0,1922492.240623613,1090230.9491422244,94026705.0,0.0,2286795.328133734,1152036.1301923448,64.0,333.0,145.0,9.0,64.0,0.0,0.0,0.0,79.7776058293383,116.88416538682978,0.0,0.0,0.4361702127659574,1068813.479741172,132728.20273709405,3849349.441211246,162936.51162390673,0.0,2018-02-28 09:59:00
2018-02-28 09:59:00,539,0,658.0,10164552.68237082,4.75531914893617,3.4468085106382977,299885.0,647394.0,1922492.240623613,1090230.9491422244,94026705.0,0.0,2286795.328133734,1152036.1301923448,64.0,333.0,145.0,9.0,64.0,0.0,0.0,0.0,79.7776058293383,116.88416538682978,0.0,0.0,0.4361702127659574,1068813.479741172,132728.20273709405,3849349.441211246,162936.51162390673,1040.0,11027866.647115383,4.558653846153846,3.2365384615384616,294031.0,1277631.0,672771.9167157564,1178077.597223717,60000000.0,0.0,969792.3839583716,883509.8532706602,148.0,434.0,200.0,25.0,148.0,0.0,0.0,0.0,76.5127853446647,102.757388053985,0.0,0.0,0.4961538461538461,354474.9198951355,334379.49050606985,3843784.771421562,219936.17023101007,0.0,2018-02-28 10:00:00
2018-02-28 10:00:00,540,0,1040.0,11027866.647115383,4.558653846153846,3.2365384615384616,294031.0,1277631.0,672771.9167157564,1178077.597223717,60000000.0,0.0,969792.3839583716,883509.8532706602,148.0,434.0,200.0,25.0,148.0,0.0,0.0,0.0,76.5127853446647,102.757388053985,0.0,0.0,0.4961538461538461,354474.9198951355,334379.49050606985,3843784.771421562,219936.17023101007,883.0,17130825.58776897,6.265005662514156,6.65911664779162,349637.0,3801424.0,1000556.5460061256,1592006.778647387,103166567.0,0.0,1551317.6960619627,1466595.1039857117,99.0,251.0,212.0,4.0,99.0,0.0,0.0,0.0,90.55430121102854,120.71581528743862,0.0,0.0,0.6126840317100792,421538.12222794985,213012.5776629874,5620617.297715624,240099.03860318405,0.0,2018-02-28 10:01:00
2018-02-28 10:01:00,541,0,883.0,17130825.58776897,6.265005662514156,6.65911664779162,349637.0,3801424.0,1000556.5460061256,1592006.778647387,103166567.0,0.0,1551317.6960619627,1466595.1039857117,99.0,251.0,212.0,4.0,99.0,0.0,0.0,0.0,90.55430121102854,120.71581528743862,0.0,0.0,0.6126840317100792,421538.12222794985,213012.5776629874,5620617.297715624,240099.03860318405,1347.0,18243678.52264291,5.860430586488493,6.994803266518189,549574.0,6551430.0,1157125.9631535371,1646837.9180474773,59936339.0,0.0,1611695.4953116495,1103658.1340973407,71.0,238.0,376.0,6.0,71.0,0.0,0.0,0.0,106.6408277786392,137.70147774070037,0.0,0.0,0.6770601336302895,215341.7390995648,211429.2121287171,6039218.846413499,184330.24947073864,0.0,2018-02-28 10:02:00
2018-02-28 10:02:00,542,0,1347.0,18243678.52264291,5.860430586488493,6.994803266518189,549574.0,6551430.0,1157125.9631535371,1646837.9180474773,59936339.0,0.0,1611695.4953116495,1103658.1340973407,71.0,238.0,376.0,6.0,71.0,0.0,0.0,0.0,106.6408277786392,137.70147774070037,0.0,0.0,0.6770601336302895,215341.7390995648,211429.2121287171,6039218.846413499,184330.24947073864,1282.0,11073389.29329173,4.664586583463339,3.9032761310452417,494330.0,1738909.0,691227.6667301339,1050126.0044752143,75549284.0,0.0,983865.7740263396,827989.7383850395,74.0,437.0,302.0,10.0,74.0,0.0,0.0,0.0,87.56317071967028,119.29737623990684,0.0,0.0,0.608424336973479,398613.2845908021,96316.63401998156,3063383.0021283184,115031.79281121097,0.0,2018-02-28 10:03:00
2018-02-28 10:03:00,543,0,1282.0,11073389.29329173,4.664586583463339,3.9032761310452417,494330.0,1738909.0,691227.6667301339,1050126.0044752143,75549284.0,0.0,983865.7740263396,827989.7383850395,74.0,437.0,302.0,10.0,74.0,0.0,0.0,0.0,87.56317071967028,119.29737623990684,0.0,0.0,0.608424336973479,398613.2845908021,96316.63401998156,3063383.0021283184,115031.79281121097,638.0,7315784.927899687,4.067398119122257,2.4827586206896552,171721.0,420600.0,1119740.176978368,833995.4344445707,59936400.0,0.0,1245178.2459732413,702946.705831684,96.0,379.0,108.0,8.0,96.0,0.0,0.0,0.0,60.57691612858872,89.07077844209624,0.0,439102.4376179056,0.4310344827586206,391586.4768119963,124547.33278681574,2812392.1599036288,127104.42369219092,0.0,2018-02-28 10:04:00
2018-02-28 10:04:00,544,0,638.0,7315784.927899687,4.067398119122257,2.4827586206896552,171721.0,420600.0,1119740.176978368,833995.4344445707,59936400.0,0.0,1245178.2459732413,702946.705831684,96.0,379.0,108.0,8.0,96.0,0.0,0.0,0.0,60.57691612858872,89.07077844209624,0.0,439102.4376179056,0.4310344827586206,391586.4768119963,124547.33278681574,2812392.1599036288,127104.42369219092,842.0,16637313.885985749,6.636579572446556,3.9263657957244655,364086.0,902414.0,1417733.3118491266,1589252.217810123,59936421.0,0.0,1838085.4696671711,1258228.4737123777,111.0,285.0,213.0,10.0,111.0,0.0,0.0,0.0,74.30990060311461,104.92789163704762,0.0,0.0,0.4904988123515439,632655.8711579388,130536.6903998308,5954565.103454258,145579.01421195018,0.0,2018-02-28 10:05:00
2018-02-28 10:05:00,545,0,842.0,16637313.885985749,6.636579572446556,3.9263657957244655,364086.0,902414.0,1417733.3118491266,1589252.217810123,59936421.0,0.0,1838085.4696671711,1258228.4737123777,111.0,285.0,213.0,10.0,111.0,0.0,0.0,0.0,74.30990060311461,104.92789163704762,0.0,0.0,0.4904988123515439,632655.8711579388,130536.6903998308,5954565.103454258,145579.01421195018,1562.0,15575826.51984635,7.069782330345711,8.297695262483995,992919.0,10541013.0,613475.3528902753,1233336.8348043323,59936773.0,0.0,993394.4216220172,1029121.397729281,55.0,296.0,434.0,11.0,55.0,0.0,0.0,0.0,110.62008522817932,142.33504567483317,0.0,0.0,0.6728553137003841,121403.0194985096,99074.10929219805,4223409.846732178,148851.28743234352,0.0,2018-02-28 10:06:00
2018-02-28 10:06:00,546,0,1562.0,15575826.51984635,7.069782330345711,8.297695262483995,992919.0,10541013.0,613475.3528902753,1233336.8348043323,59936773.0,0.0,993394.4216220172,1029121.397729281,55.0,296.0,434.0,11.0,55.0,0.0,0.0,0.0,110.62008522817932,142.33504567483317,0.0,0.0,0.6728553137003841,121403.0194985096,99074.10929219805,4223409.846732178,148851.28743234352,659.0,18168858.705614567,8.095599393019727,5.462822458270106,328199.0,1946444.0,1642974.9147330506,1483116.1082218152,59999812.0,0.0,2012867.5044058808,1075549.8343162686,52.0,206.0,171.0,4.0,52.0,0.0,0.0,0.0,92.24359723995389,123.3952016180226,0.0,0.0,0.6069802731411229,815162.1336346127,927642.512569492,6125620.4762883615,377983.3500479148,0.0,2018-02-28 10:07:00
2018-02-28 10:07:00,547,0,659.0,18168858.705614567,8.095599393019727,5.462822458270106,328199.0,1946444.0,1642974.9147330506,1483116.1082218152,59999812.0,0.0,2012867.5044058808,1075549.8343162686,52.0,206.0,171.0,4.0,52.0,0.0,0.0,0.0,92.24359723995389,123.3952016180226,0.0,0.0,0.6069802731411229,815162.1336346127,927642.512569492,6125620.4762883615,377983.3500479148,844.0,15613872.565165875,5.91350710900474,6.245260663507109,237563.0,4052492.0,1069174.7911470863,1485530.986233487,65500000.0,0.0,1473259.3074251653,1154425.394010937,75.0,294.0,176.0,4.0,75.0,0.0,0.0,0.0,90.01732939583601,112.03687758958009,0.0,0.0,0.6196682464454977,271408.66912078526,42909.07318854446,5679524.497745884,161518.12678114296,0.0,2018-02-28 10:08:00
2018-02-28 10:08:00,548,0,844.0,15613872.565165875,5.91350710900474,6.245260663507109,237563.0,4052492.0,1069174.7911470863,1485530.986233487,65500000.0,0.0,1473259.3074251653,1154425.394010937,75.0,294.0,176.0,4.0,75.0,0.0,0.0,0.0,90.01732939583601,112.03687758958009,0.0,0.0,0.6196682464454977,271408.66912078526,42909.07318854446,5679524.497745884,161518.12678114296,1358.0,12912109.6634757,5.471281296023564,3.810014727540501,429569.0,1734044.0,676326.4775647564,1244283.4477397394,74227205.0,0.0,1000069.5190298096,1064052.9158859577,72.0,348.0,318.0,6.0,72.0,0.0,0.0,0.0,74.34899449142644,95.23586560884884,0.0,0.0,0.6516936671575847,242612.7401712369,219538.19396728804,3096659.6371598365,173349.80697241717,0.0,2018-02-28 10:09:00
2018-02-28 10:09:00,549,0,1358.0,12912109.6634757,5.471281296023564,3.810014727540501,429569.0,1734044.0,676326.4775647564,1244283.4477397394,74227205.0,0.0,1000069.5190298096,1064052.9158859577,72.0,348.0,318.0,6.0,72.0,0.0,0.0,0.0,74.34899449142644,95.23586560884884,0.0,0.0,0.6516936671575847,242612.7401712369,219538.19396728804,3096659.6371598365,173349.80697241717,492.0,11133128.345528455,4.392276422764228,2.798780487804878,146061.0,408380.0,2121971.697263535,1193806.9096313224,60000000.0,0.0,2309920.072542622,933680.3597650898,47.0,214.0,100.0,5.0,47.0,0.0,0.0,0.0,72.23388189857785,100.78256367021382,0.0,0.0,0.4552845528455284,570464.1381744291,215090.0141029544,5049224.677494457,203510.3035197712,0.0,2018-02-28 10:10:00
2018-02-28 10:10:00,550,0,492.0,11133128.345528455,4.392276422764228,2.798780487804878,146061.0,408380.0,2121971.697263535,1193806.9096313224,60000000.0,0.0,2309920.072542622,933680.3597650898,47.0,214.0,100.0,5.0,47.0,0.0,0.0,0.0,72.23388189857785,100.78256367021382,0.0,0.0,0.4552845528455284,570464.1381744291,215090.0141029544,5049224.677494457,203510.3035197712,831.0,19154466.860409144,6.978339350180505,5.914560770156438,375280.0,2765400.0,1137805.582325928,1705994.5255984073,60015495.0,0.0,1615526.7723884096,1329112.4749469648,69.0,289.0,187.0,2.0,69.0,0.0,0.0,0.0,88.79535929427436,115.16190404111602,0.0,433526.9536015693,0.5872442839951865,622226.6816551916,379379.0916905174,5781309.729042114,243186.6678977393,0.0,2018-02-28 10:11:00
2018-02-28 10:11:00,551,0,831.0,19154466.860409144,6.978339350180505,5.914560770156438,375280.0,2765400.0,1137805.582325928,1705994.5255984073,60015495.0,0.0,1615526.7723884096,1329112.4749469648,69.0,289.0,187.0,2.0,69.0,0.0,0.0,0.0,88.79535929427436,115.16190404111602,0.0,433526.9536015693,0.5872442839951865,622226.6816551916,379379.0916905174,5781309.729042114,243186.6678977393,675.0,11416487.432592591,5.054814814814815,3.871111111111111,303372.0,737133.0,824939.5832742042,1234530.6374208068,92700000.0,0.0,1051978.704973376,1304369.826124846,48.0,235.0,177.0,5.0,48.0,0.0,0.0,0.0,85.73553335274859,128.36591746354028,0.0,283223.44839715166,0.5466666666666666,385943.1342191319,227645.5767971286,3639057.714407709,116976.26057601752,0.0,2018-02-28 10:12:00
2018-02-28 10:12:00,552,0,675.0,11416487.432592591,5.054814814814815,3.871111111111111,303372.0,737133.0,824939.5832742042,1234530.6374208068,92700000.0,0.0,1051978.704973376,1304369.826124846,48.0,235.0,177.0,5.0,48.0,0.0,0.0,0.0,85.73553335274859,128.36591746354028,0.0,283223.44839715166,0.5466666666666666,385943.1342191319,227645.5767971286,3639057.714407709,116976.26057601752,1061.0,14795620.311027331,4.790763430725731,4.106503298774741,329444.0,1574629.0,1429172.7905860082,1307428.292466177,86909238.0,0.0,1837267.4904104937,1192744.1990548535,44.0,273.0,257.0,9.0,44.0,0.0,0.0,0.0,80.29688731928671,103.2783019875705,0.0,0.0,0.647502356267672,416733.3428464846,210595.0821622272,4098625.4468602585,226944.17383535724,0.0,2018-02-28 10:13:00
2018-02-28 10:13:00,553,0,1061.0,14795620.311027331,4.790763430725731,4.106503298774741,329444.0,1574629.0,1429172.7905860082,1307428.292466177,86909238.0,0.0,1837267.4904104937,1192744.1990548535,44.0,273.0,257.0,9.0,44.0,0.0,0.0,0.0,80.29688731928671,103.2783019875705,0.0,0.0,0.647502356267672,416733.3428464846,210595.0821622272,4098625.4468602585,226944.17383535724,996.0,14050512.664658634,4.770080321285141,5.39859437751004,341641.0,3300867.0,880835.3381136667,1504194.3540632315,100633222.0,0.0,1368676.752910067,1081822.0135814492,98.0,286.0,213.0,6.0,98.0,0.0,0.0,0.0,89.78151857618393,112.92148539693352,0.0,0.0,0.6506024096385542,102415.08661572495,38635.23648978128,5259683.983413773,283795.47269404505,0.0,2018-02-28 10:14:00
2018-02-28 10:14:00,554,0,996.0,14050512.664658634,4.770080321285141,5.39859437751004,341641.0,3300867.0,880835.3381136667,1504194.3540632315,100633222.0,0.0,1368676.752910067,1081822.0135814492,98.0,286.0,213.0,6.0,98.0,0.0,0.0,0.0,89.78151857618393,112.92148539693352,0.0,0.0,0.6506024096385542,102415.08661572495,38635.23648978128,5259683.983413773,283795.47269404505,570.0,7955050.066666666,4.836842105263158,3.847368421052632,250427.0,580564.0,800011.9670395144,1090509.4214361035,87117611.0,0.0,866247.9646458148,1082938.6328518826,16.0,212.0,169.0,7.0,16.0,0.0,0.0,0.0,83.38851849766772,126.80197427634282,0.0,48408.66273710885,0.5649122807017544,766132.8536167056,250357.9995185044,3275262.162437622,114248.9699758164,0.0,2018-02-28 10:15:00
2018-02-28 10:15:00,555,0,570.0,7955050.066666666,4.836842105263158,3.847368421052632,250427.0,580564.0,800011.9670395144,1090509.4214361035,87117611.0,0.0,866247.9646458148,1082938.6328518826,16.0,212.0,169.0,7.0,16.0,0.0,0.0,0.0,83.38851849766772,126.80197427634282,0.0,48408.66273710885,0.5649122807017544,766132.8536167056,250357.9995185044,3275262.162437622,114248.9699758164,895.0,14556481.212290503,5.204469273743017,4.283798882681564,384866.0,1428210.0,1604475.4663269478,1359912.0508113464,66500000.0,0.0,1952588.920219603,1057298.4234288477,62.0,236.0,281.0,12.0,62.0,0.0,0.0,0.0,102.819140213082,148.63451739238033,0.0,0.0,0.5865921787709497,378293.1778379041,191616.3754328127,5447519.090806201,208561.7648117538,0.0,2018-02-28 10:16:00
2018-02-28 10:16:00,556,0,895.0,14556481.212290503,5.204469273743017,4.283798882681564,384866.0,1428210.0,1604475.4663269478,1359912.0508113464,66500000.0,0.0,1952588.920219603,1057298.4234288477,62.0,236.0,281.0,12.0,62.0,0.0,0.0,0.0,102.819140213082,148.63451739238033,0.0,0.0,0.5865921787709497,378293.1778379041,191616.3754328127,5447519.090806201,208561.7648117538,1139.0,14520244.85338016,5.187006145741879,4.478489903424056,423596.0,1787080.0,941559.7007682072,1463152.9290077558,80174208.0,0.0,1373951.970258908,1291280.7250238142,59.0,213.0,363.0,4.0,59.0,0.0,0.0,0.0,92.9058614916799,131.7319732362641,0.0,0.0,0.6101843722563652,400832.1509727549,123884.05655589313,4803359.181328678,205320.21685189387,0.0,2018-02-28 10:17:00
2018-02-28 10:17:00,557,0,1139.0,14520244.85338016,5.187006145741879,4.478489903424056,423596.0,1787080.0,941559.7007682072,1463152.9290077558,80174208.0,0.0,1373951.970258908,1291280.7250238142,59.0,213.0,363.0,4.0,59.0,0.0,0.0,0.0,92.9058614916799,131.7319732362641,0.0,0.0,0.6101843722563652,400832.1509727549,123884.05655589313,4803359.181328678,205320.21685189387,739.0,18231234.9797023,5.2841677943166445,4.715832205683356,315751.0,1178683.0,1545144.2586091354,1596690.9126110957,59839862.0,0.0,2033447.5955615093,1459559.9282622251,35.0,169.0,202.0,0.0,35.0,0.0,0.0,0.0,93.45177912625304,128.943588918387,0.0,82405.0342845504,0.6576454668470907,379102.89140152535,370571.0184399981,5862683.041795095,382000.0288763808,0.0,2018-02-28 10:18:00
2018-02-28 10:18:00,558,0,739.0,18231234.9797023,5.2841677943166445,4.715832205683356,315751.0,1178683.0,1545144.2586091354,1596690.9126110957,59839862.0,0.0,2033447.5955615093,1459559.9282622251,35.0,169.0,202.0,0.0,35.0,0.0,0.0,0.0,93.45177912625304,128.943588918387,0.0,82405.0342845504,0.6576454668470907,379102.89140152535,370571.0184399981,5862683.041795095,382000.0288763808,972.0,16232935.23765432,6.730452674897119,7.598765432098766,495219.0,5019218.0,1836751.2748178309,1475399.68524368,59937059.0,0.0,2250561.9319769843,1079082.1098811158,99.0,327.0,214.0,15.0,99.0,0.0,0.0,0.0,84.00522071014281,112.54598339407212,0.0,0.0,0.5761316872427984,274868.4243254116,74898.3695493161,5907046.835835771,347577.67951472243,0.0,2018-02-28 10:19:00
2018-02-28 10:19:00,559,0,972.0,16232935.23765432,6.730452674897119,7.598765432098766,495219.0,5019218.0,1836751.2748178309,1475399.68524368,59937059.0,0.0,2250561.9319769843,1079082.1098811158,99.0,327.0,214.0,15.0,99.0,0.0,0.0,0.0,84.00522071014281,112.54598339407212,0.0,0.0,0.5761316872427984,274868.4243254116,74898.3695493161,5907046.835835771,347577.67951472243,1036.0,11549088.324324325,4.168918918918919,3.2857142857142856,293081.0,932571.0,812849.1305399835,1166181.4554964968,62958905.0,0.0,1160778.766948683,1007932.8094774858,66.0,276.0,151.0,19.0,66.0,0.0,0.0,0.0,68.7260319187306,82.393925387189,0.0,0.0,0.6814671814671814,368759.896898962,169891.2278160363,3989533.545542581,387946.5492162117,0.0,2018-02-28 10:20:00
2018-02-28 10:20:00,560,0,1036.0,11549088.324324325,4.168918918918919,3.2857142857142856,293081.0,932571.0,812849.1305399835,1166181.4554964968,62958905.0,0.0,1160778.766948683,1007932.8094774858,66.0,276.0,151.0,19.0,66.0,0.0,0.0,0.0,68.7260319187306,82.393925387189,0.0,0.0,0.6814671814671814,368759.896898962,169891.2278160363,3989533.545542581,387946.5492162117,1240.0,13212743.448387098,4.912096774193548,4.551612903225807,516492.0,2435845.0,1026261.7609550738,1125354.470487732,59937067.0,0.0,1365709.1940358507,876617.323434678,79.0,322.0,260.0,18.0,79.0,0.0,0.0,0.0,90.30042849555215,114.75388438039516,0.0,0.0,0.6064516129032258,146337.14083460422,109211.85280419372,3979661.66471637,91414.57575451408,0.0,2018-02-28 10:21:00
2018-02-28 10:21:00,561,0,1240.0,13212743.448387098,4.912096774193548,4.551612903225807,516492.0,2435845.0,1026261.7609550738,1125354.470487732,59937067.0,0.0,1365709.1940358507,876617.323434678,79.0,322.0,260.0,18.0,79.0,0.0,0.0,0.0,90.30042849555215,114.75388438039516,0.0,0.0,0.6064516129032258,146337.14083460422,109211.85280419372,3979661.66471637,91414.57575451408,1262.0,13040505.32725832,4.632329635499207,4.154516640253566,381430.0,1820653.0,1053449.6825577735,1160160.215774025,60100000.0,0.0,1398260.6431530656,827612.0857958285,79.0,255.0,227.0,11.0,79.0,0.0,0.0,0.0,77.93801763043795,92.13417353396032,0.0,0.0,0.6996830427892234,447924.7690271347,135873.3997541193,4618096.190058663,231022.7508351024,0.0,2018-02-28 10:22:00
2018-02-28 10:22:00,562,0,1262.0,13040505.32725832,4.632329635499207,4.154516640253566,381430.0,1820653.0,1053449.6825577735,1160160.215774025,60100000.0,0.0,1398260.6431530656,827612.0857958285,79.0,255.0,227.0,11.0,79.0,0.0,0.0,0.0,77.93801763043795,92.13417353396032,0.0,0.0,0.6996830427892234,447924.7690271347,135873.3997541193,4618096.190058663,231022.7508351024,886.0,14311594.88826185,4.823927765237021,4.606094808126411,468247.0,1406697.0,681244.6875114016,1334027.805134194,59937032.0,0.0,1082490.98816615,994945.7287330412,82.0,272.0,193.0,18.0,82.0,0.0,0.0,0.0,80.81929622800351,104.9415244241912,0.0,0.0,0.6106094808126411,154260.7273075026,72053.3936269212,4238476.463755024,203299.08390918348,0.0,2018-02-28 10:23:00
2018-02-28 10:23:00,563,0,886.0,14311594.88826185,4.823927765237021,4.606094808126411,468247.0,1406697.0,681244.6875114016,1334027.805134194,59937032.0,0.0,1082490.98816615,994945.7287330412,82.0,272.0,193.0,18.0,82.0,0.0,0.0,0.0,80.81929622800351,104.9415244241912,0.0,0.0,0.6106094808126411,154260.7273075026,72053.3936269212,4238476.463755024,203299.08390918348,2457.0,14918084.277574278,5.240537240537241,5.4493284493284495,903278.0,6586853.0,957374.5033433462,1335328.0693210787,111119546.0,0.0,1386738.2687413327,937614.4260084282,106.0,456.0,572.0,17.0,106.0,0.0,0.0,0.0,94.27355890025612,119.6466336274565,0.0,0.0,0.7244607244607245,182103.09304274412,94927.63236632748,4900865.055747173,259188.62700166804,0.0,2018-02-28 10:24:00
2018-02-28 10:24:00,564,0,2457.0,14918084.277574278,5.240537240537241,5.4493284493284495,903278.0,6586853.0,957374.5033433462,1335328.0693210787,111119546.0,0.0,1386738.2687413327,937614.4260084282,106.0,456.0,572.0,17.0,106.0,0.0,0.0,0.0,94.27355890025612,119.6466336274565,0.0,0.0,0.7244607244607245,182103.09304274412,94927.63236632748,4900865.055747173,259188.62700166804,862.0,8808260.820185615,4.117169373549884,3.176334106728538,339221.0,724612.0,842451.3724998808,932916.2980431546,59937133.0,0.0,1106354.3785513106,660971.7258393829,82.0,384.0,165.0,14.0,82.0,0.0,0.0,0.0,64.80401852489165,80.73590932014048,0.0,523291.5039014906,0.5626450116009281,243534.4856743338,179674.1040261355,2780183.39554401,234333.36800903943,0.0,2018-02-28 10:25:00
2018-02-28 10:25:00,565,0,862.0,8808260.820185615,4.117169373549884,3.176334106728538,339221.0,724612.0,842451.3724998808,932916.2980431546,59937133.0,0.0,1106354.3785513106,660971.7258393829,82.0,384.0,165.0,14.0,82.0,0.0,0.0,0.0,64.80401852489165,80.73590932014048,0.0,523291.5039014906,0.5626450116009281,243534.4856743338,179674.1040261355,2780183.39554401,234333.36800903943,931.0,8685632.694951665,4.183673469387755,3.100966702470462,275168.0,627587.0,718721.133012924,1323436.8079598993,60000000.0,0.0,1080304.3150524013,918545.9860507966,117.0,395.0,126.0,4.0,117.0,0.0,0.0,0.0,59.83648007774264,76.0267866373999,0.0,504395.8799169832,0.5316863587540279,336038.9452490335,203800.574090146,3282661.286567009,148724.0345050141,0.0,2018-02-28 10:26:00
2018-02-28 10:26:00,566,0,931.0,8685632.694951665,4.183673469387755,3.100966702470462,275168.0,627587.0,718721.133012924,1323436.8079598993,60000000.0,0.0,1080304.3150524013,918545.9860507966,117.0,395.0,126.0,4.0,117.0,0.0,0.0,0.0,59.83648007774264,76.0267866373999,0.0,504395.8799169832,0.5316863587540279,336038.9452490335,203800.574090146,3282661.286567009,148724.0345050141,1230.0,16722943.590243902,4.953658536585366,6.6536585365853655,479911.0,6213512.0,1546669.0524184962,1497336.7313305673,109494725.0,0.0,2079939.673188629,1181006.4490209045,97.0,261.0,250.0,7.0,97.0,0.0,0.0,0.0,92.5803249429022,105.8807520330578,0.0,0.0,0.7138211382113822,179442.0134370866,182872.62251714023,5681388.586317475,209952.57830411824,0.0,2018-02-28 10:27:00
2018-02-28 10:27:00,567,0,1230.0,16722943.590243902,4.953658536585366,6.6536585365853655,479911.0,6213512.0,1546669.0524184962,1497336.7313305673,109494725.0,0.0,2079939.673188629,1181006.4490209045,97.0,261.0,250.0,7.0,97.0,0.0,0.0,0.0,92.5803249429022,105.8807520330578,0.0,0.0,0.7138211382113822,179442.0134370866,182872.62251714023,5681388.586317475,209952.57830411824,1385.0,15803199.86137184,5.055595667870036,4.935740072202166,543353.0,2677368.0,946734.703978976,1557391.1340492342,93037305.0,0.0,1632111.085488201,1376534.0967710223,57.0,248.0,355.0,2.0,57.0,0.0,0.0,0.0,96.64320206134197,126.84381649693798,0.0,0.0,0.7220216606498195,507307.6380053429,203095.0259750508,4764573.616156498,335499.7572648444,0.0,2018-02-28 10:28:00
2018-02-28 10:28:00,568,0,1385.0,15803199.86137184,5.055595667870036,4.935740072202166,543353.0,2677368.0,946734.703978976,1557391.1340492342,93037305.0,0.0,1632111.085488201,1376534.0967710223,57.0,248.0,355.0,2.0,57.0,0.0,0.0,0.0,96.64320206134197,126.84381649693798,0.0,0.0,0.7220216606498195,507307.6380053429,203095.0259750508,4764573.616156498,335499.7572648444,2371.0,15960503.669337831,5.419232391396036,8.72501054407423,828703.0,17763795.0,793274.8631265783,1490962.1664429118,116002701.0,0.0,1378914.382485535,1256712.4534618957,65.0,466.0,593.0,5.0,65.0,0.0,0.0,0.0,95.3793361781367,120.1867540189723,0.0,0.0,0.7570645297342893,224286.848178001,93634.36550462796,4597839.556784374,289617.8615795302,0.0,2018-02-28 10:29:00
2018-02-28 10:29:00,569,0,2371.0,15960503.669337831,5.419232391396036,8.72501054407423,828703.0,17763795.0,793274.8631265783,1490962.1664429118,116002701.0,0.0,1378914.382485535,1256712.4534618957,65.0,466.0,593.0,5.0,65.0,0.0,0.0,0.0,95.3793361781367,120.1867540189723,0.0,0.0,0.7570645297342893,224286.848178001,93634.36550462796,4597839.556784374,289617.8615795302,845.0,12001049.710059172,4.285207100591716,3.22603550295858,307396.0,638649.0,1692557.0664760012,1229596.361721827,59833910.0,0.0,1985027.3640246887,890971.7376203643,119.0,423.0,112.0,12.0,119.0,0.0,0.0,0.0,68.08520842737894,82.61720134024202,0.0,0.0,0.4875739644970414,568021.9342493427,304459.71650361025,4509252.0901415935,346901.7507341021,0.0,2018-02-28 10:30:00
2018-02-28 10:30:00,570,0,845.0,12001049.710059172,4.285207100591716,3.22603550295858,307396.0,638649.0,1692557.0664760012,1229596.361721827,59833910.0,0.0,1985027.3640246887,890971.7376203643,119.0,423.0,112.0,12.0,119.0,0.0,0.0,0.0,68.08520842737894,82.61720134024202,0.0,0.0,0.4875739644970414,568021.9342493427,304459.71650361025,4509252.0901415935,346901.7507341021,1104.0,11939528.147644928,4.129528985507246,3.17481884057971,326056.0,1009684.0,820129.0093078371,1478535.701485565,59937087.0,0.0,1256561.5680597608,969529.414232594,105.0,402.0,186.0,8.0,105.0,0.0,0.0,0.0,70.29126631925698,89.98540971931929,0.0,0.0,0.6114130434782609,580992.8927302018,364612.0805655882,4441952.433050443,419095.9725098328,0.0,2018-02-28 10:31:00
2018-02-28 10:31:00,571,0,1104.0,11939528.147644928,4.129528985507246,3.17481884057971,326056.0,1009684.0,820129.0093078371,1478535.701485565,59937087.0,0.0,1256561.5680597608,969529.414232594,105.0,402.0,186.0,8.0,105.0,0.0,0.0,0.0,70.29126631925698,89.98540971931929,0.0,0.0,0.6114130434782609,580992.8927302018,364612.0805655882,4441952.433050443,419095.9725098328,1087.0,17058146.087396502,9.106715731370745,10.03771849126035,690685.0,6752881.0,1026587.3931849422,1620435.109740195,60000000.0,0.0,1526676.112764622,1283060.2090472293,117.0,348.0,227.0,14.0,117.0,0.0,0.0,0.0,87.76630738990092,114.7631044710436,0.0,0.0,0.6053357865685373,222940.63249748704,198156.9422056597,5682397.814251975,250672.8047788556,0.0,2018-02-28 10:32:00
2018-02-28 10:32:00,572,0,1087.0,17058146.087396502,9.106715731370745,10.03771849126035,690685.0,6752881.0,1026587.3931849422,1620435.109740195,60000000.0,0.0,1526676.112764622,1283060.2090472293,117.0,348.0,227.0,14.0,117.0,0.0,0.0,0.0,87.76630738990092,114.7631044710436,0.0,0.0,0.6053357865685373,222940.63249748704,198156.9422056597,5682397.814251975,250672.8047788556,1164.0,13938551.6314433,7.152061855670103,27.15549828178694,467501.0,39857214.0,1246770.1699504617,1400205.183468011,59936510.0,0.0,1583973.236401698,890587.0554018426,89.0,266.0,298.0,4.0,89.0,0.0,0.0,0.0,104.95039927121864,129.78944965044133,0.0,0.0,0.7225085910652921,175754.41012458567,129639.1495495336,5159466.555493635,498029.7970348775,0.0,2018-02-28 10:33:00
2018-02-28 10:33:00,573,0,1164.0,13938551.6314433,7.152061855670103,27.15549828178694,467501.0,39857214.0,1246770.1699504617,1400205.183468011,59936510.0,0.0,1583973.236401698,890587.0554018426,89.0,266.0,298.0,4.0,89.0,0.0,0.0,0.0,104.95039927121864,129.78944965044133,0.0,0.0,0.7225085910652921,175754.41012458567,129639.1495495336,5159466.555493635,498029.7970348775,1098.0,14635222.890710382,5.9143897996357016,6.861566484517304,481660.0,5488250.0,879833.6904201595,1284519.0482083852,112279309.0,0.0,1482334.859042847,1306015.651319131,140.0,402.0,207.0,12.0,140.0,0.0,0.0,0.0,85.52033974975181,108.56043690372596,0.0,0.0,0.6083788706739527,228300.39223956305,189411.9699808718,3623386.969376839,212169.6398441693,0.0,2018-02-28 10:34:00
2018-02-28 10:34:00,574,0,1098.0,14635222.890710382,5.9143897996357016,6.861566484517304,481660.0,5488250.0,879833.6904201595,1284519.0482083852,112279309.0,0.0,1482334.859042847,1306015.651319131,140.0,402.0,207.0,12.0,140.0,0.0,0.0,0.0,85.52033974975181,108.56043690372596,0.0,0.0,0.6083788706739527,228300.39223956305,189411.9699808718,3623386.969376839,212169.6398441693,619.0,15145298.308562197,5.176090468497577,4.27140549273021,275022.0,709836.0,1458540.0542210897,1498957.7875207346,59936414.0,0.0,1858941.4719227,1184749.4897262324,34.0,220.0,141.0,1.0,34.0,0.0,0.0,0.0,83.96796114640226,115.90237199179498,0.0,0.0,0.6203554119547657,351917.341534872,315258.96119580645,5141654.781839861,296945.5536539236,0.0,2018-02-28 10:35:00
2018-02-28 10:35:00,575,0,619.0,15145298.308562197,5.176090468497577,4.27140549273021,275022.0,709836.0,1458540.0542210897,1498957.7875207346,59936414.0,0.0,1858941.4719227,1184749.4897262324,34.0,220.0,141.0,1.0,34.0,0.0,0.0,0.0,83.96796114640226,115.90237199179498,0.0,0.0,0.6203554119547657,351917.341534872,315258.96119580645,5141654.781839861,296945.5536539236,782.0,15989947.826086955,5.274936061381074,4.8554987212276215,404440.0,1318111.0,1764551.3123197667,1232511.254891031,90000000.0,0.0,2124039.580206624,966845.75740236,64.0,246.0,194.0,5.0,64.0,0.0,0.0,0.0,84.10675157031662,111.87357772511815,0.0,0.0,0.5895140664961637,795505.6759572242,356469.91788496095,5014394.337008101,284733.65281853394,0.0,2018-02-28 10:36:00
2018-02-28 10:36:00,576,0,782.0,15989947.826086955,5.274936061381074,4.8554987212276215,404440.0,1318111.0,1764551.3123197667,1232511.254891031,90000000.0,0.0,2124039.580206624,966845.75740236,64.0,246.0,194.0,5.0,64.0,0.0,0.0,0.0,84.10675157031662,111.87357772511815,0.0,0.0,0.5895140664961637,795505.6759572242,356469.91788496095,5014394.337008101,284733.65281853394,807.0,16853479.091697644,5.656753407682776,5.22180916976456,439604.0,1030603.0,758975.6540410758,1721175.104164027,59936443.0,0.0,1282960.5365720764,1465424.290294787,48.0,178.0,159.0,4.0,48.0,0.0,0.0,0.0,79.40691239701945,105.8873080094078,0.0,0.0,0.6530359355638166,384368.2753884076,148950.9821877086,5924499.303802687,341748.2221142505,0.0,2018-02-28 10:37:00
2018-02-28 10:37:00,577,0,807.0,16853479.091697644,5.656753407682776,5.22180916976456,439604.0,1030603.0,758975.6540410758,1721175.104164027,59936443.0,0.0,1282960.5365720764,1465424.290294787,48.0,178.0,159.0,4.0,48.0,0.0,0.0,0.0,79.40691239701945,105.8873080094078,0.0,0.0,0.6530359355638166,384368.2753884076,148950.9821877086,5924499.303802687,341748.2221142505,824.0,19842103.69417476,10.923543689320388,12.405339805825244,1737832.0,6785936.0,1663193.8604064926,1790049.4357903327,58951899.0,0.0,2147799.4036922925,1206208.668847059,62.0,209.0,180.0,0.0,62.0,0.0,0.0,0.0,101.78737327790158,125.7473500143733,0.0,0.0,0.6601941747572816,652162.0920570535,387105.6238909508,6356823.6424507145,655759.0173298698,0.0,2018-02-28 10:38:00
2018-02-28 10:38:00,578,0,824.0,19842103.69417476,10.923543689320388,12.405339805825244,1737832.0,6785936.0,1663193.8604064926,1790049.4357903327,58951899.0,0.0,2147799.4036922925,1206208.668847059,62.0,209.0,180.0,0.0,62.0,0.0,0.0,0.0,101.78737327790158,125.7473500143733,0.0,0.0,0.6601941747572816,652162.0920570535,387105.6238909508,6356823.6424507145,655759.0173298698,1560.0,16234354.305128206,5.714743589743589,6.137820512820513,752345.0,5235263.0,1065041.9250904263,1600559.0647348997,112005161.0,0.0,1521687.3604226485,1217171.8412891547,111.0,367.0,378.0,28.0,111.0,0.0,0.0,0.0,97.4545424927102,129.32013688051103,0.0,0.0,0.6788461538461539,260827.79772939035,118123.4171176687,5462871.476810376,262266.12382072414,0.0,2018-02-28 10:39:00
2018-02-28 10:39:00,579,0,1560.0,16234354.305128206,5.714743589743589,6.137820512820513,752345.0,5235263.0,1065041.9250904263,1600559.0647348997,112005161.0,0.0,1521687.3604226485,1217171.8412891547,111.0,367.0,378.0,28.0,111.0,0.0,0.0,0.0,97.4545424927102,129.32013688051103,0.0,0.0,0.6788461538461539,260827.79772939035,118123.4171176687,5462871.476810376,262266.12382072414,752.0,12003877.65824468,8.065159574468085,5.825797872340425,969454.0,672817.0,704903.607850847,910578.2616489223,58500000.0,0.0,985402.0646283132,818433.346082544,69.0,321.0,162.0,13.0,69.0,0.0,0.0,0.0,73.16670166698138,103.90987752216915,0.0,0.0,0.4827127659574468,1314047.5300753044,369902.2754083496,2535696.5988385705,264240.2714487544,0.0,2018-02-28 10:40:00
2018-02-28 10:40:00,580,0,752.0,12003877.65824468,8.065159574468085,5.825797872340425,969454.0,672817.0,704903.607850847,910578.2616489223,58500000.0,0.0,985402.0646283132,818433.346082544,69.0,321.0,162.0,13.0,69.0,0.0,0.0,0.0,73.16670166698138,103.90987752216915,0.0,0.0,0.4827127659574468,1314047.5300753044,369902.2754083496,2535696.5988385705,264240.2714487544,1879.0,15269631.530601384,5.208621607237893,5.774348057477382,736887.0,6049857.0,1062310.1526761027,1339357.2963633689,83800000.0,0.0,1539143.2720225162,1048383.785087731,124.0,394.0,467.0,11.0,124.0,0.0,0.0,0.0,93.67145005599129,119.30061185517056,0.0,0.0,0.6875997871208089,122854.5593061429,94870.17582507482,4803264.892050459,81706.94115602151,0.0,2018-02-28 10:41:00
2018-02-28 10:41:00,581,0,1879.0,15269631.530601384,5.208621607237893,5.774348057477382,736887.0,6049857.0,1062310.1526761027,1339357.2963633689,83800000.0,0.0,1539143.2720225162,1048383.785087731,124.0,394.0,467.0,11.0,124.0,0.0,0.0,0.0,93.67145005599129,119.30061185517056,0.0,0.0,0.6875997871208089,122854.5593061429,94870.17582507482,4803264.892050459,81706.94115602151,887.0,14512173.4735062,12.634723788049603,10.32130777903044,3301583.0,3640469.0,892787.276774401,1048254.728279148,59000000.0,0.0,1253118.8570905116,926603.7161809548,128.0,337.0,188.0,8.0,128.0,0.0,0.0,0.0,88.87557407625694,113.49730739600598,0.0,0.0,0.5467869222096956,640854.5835856901,482032.4947374033,3998328.70934948,330967.443038252,0.0,2018-02-28 10:42:00
2018-02-28 10:42:00,582,0,887.0,14512173.4735062,12.634723788049603,10.32130777903044,3301583.0,3640469.0,892787.276774401,1048254.728279148,59000000.0,0.0,1253118.8570905116,926603.7161809548,128.0,337.0,188.0,8.0,128.0,0.0,0.0,0.0,88.87557407625694,113.49730739600598,0.0,0.0,0.5467869222096956,640854.5835856901,482032.4947374033,3998328.70934948,330967.443038252,818.0,11103740.344743276,7.784841075794621,6.316625916870415,928981.0,3009366.0,912299.7870178646,1234930.7557505704,69327480.0,0.0,1190183.2240066135,1001306.2635969826,66.0,291.0,186.0,6.0,66.0,0.0,0.0,0.0,90.53128649376944,123.54523966382982,0.0,136660.7345993528,0.5293398533007335,306018.43060268136,243212.2017749785,4115564.071791472,380525.2122830934,0.0,2018-02-28 10:43:00
2018-02-28 10:43:00,583,0,818.0,11103740.344743276,7.784841075794621,6.316625916870415,928981.0,3009366.0,912299.7870178646,1234930.7557505704,69327480.0,0.0,1190183.2240066135,1001306.2635969826,66.0,291.0,186.0,6.0,66.0,0.0,0.0,0.0,90.53128649376944,123.54523966382982,0.0,136660.7345993528,0.5293398533007335,306018.43060268136,243212.2017749785,4115564.071791472,380525.2122830934,1138.0,11854291.204745168,5.437609841827768,4.422671353251318,666891.0,1696610.0,1268918.6136493755,939761.8258105617,59400000.0,0.0,1521971.2180830266,634123.7827948255,123.0,370.0,238.0,10.0,123.0,0.0,0.0,0.0,74.53627692684043,94.03389154420684,0.0,0.0,0.6063268892794376,442242.4602770029,486134.3821571733,3285076.0455833874,261273.0135439153,0.0,2018-02-28 10:44:00
2018-02-28 10:44:00,584,0,1138.0,11854291.204745168,5.437609841827768,4.422671353251318,666891.0,1696610.0,1268918.6136493755,939761.8258105617,59400000.0,0.0,1521971.2180830266,634123.7827948255,123.0,370.0,238.0,10.0,123.0,0.0,0.0,0.0,74.53627692684043,94.03389154420684,0.0,0.0,0.6063268892794376,442242.4602770029,486134.3821571733,3285076.0455833874,261273.0135439153,715.0,13460043.095104896,7.696503496503497,5.246153846153846,411799.0,1532817.0,988157.151539838,1523172.3534285838,59936581.0,0.0,1378866.241597627,1225341.4229805807,70.0,204.0,172.0,9.0,70.0,0.0,0.0,0.0,93.32360359808656,127.68567743728184,0.0,0.0,0.5202797202797202,526887.3501360246,227279.2244736268,4788685.076614259,275742.505724757,0.0,2018-02-28 10:45:00
2018-02-28 10:45:00,585,0,715.0,13460043.095104896,7.696503496503497,5.246153846153846,411799.0,1532817.0,988157.151539838,1523172.3534285838,59936581.0,0.0,1378866.241597627,1225341.4229805807,70.0,204.0,172.0,9.0,70.0,0.0,0.0,0.0,93.32360359808656,127.68567743728184,0.0,0.0,0.5202797202797202,526887.3501360246,227279.2244736268,4788685.076614259,275742.505724757,1264.0,19389179.51107595,8.180379746835444,9.46360759493671,587870.0,9623918.0,907540.9058366287,1423632.0812137784,58967134.0,0.0,1403364.3233551036,1166366.238360305,71.0,251.0,341.0,8.0,71.0,0.0,4.0,0.0,106.76856646446534,139.38221654511162,0.0,0.0,0.6756329113924051,372784.3089328614,273610.7406254196,4687093.079093282,186223.4300769216,0.0,2018-02-28 10:46:00
2018-02-28 10:46:00,586,0,1264.0,19389179.51107595,8.180379746835444,9.46360759493671,587870.0,9623918.0,907540.9058366287,1423632.0812137784,58967134.0,0.0,1403364.3233551036,1166366.238360305,71.0,251.0,341.0,8.0,71.0,0.0,4.0,0.0,106.76856646446534,139.38221654511162,0.0,0.0,0.6756329113924051,372784.3089328614,273610.7406254196,4687093.079093282,186223.4300769216,2059.0,16962176.06410879,6.028654686741136,5.542496357455075,880703.0,5079670.0,1515269.8722546909,1337959.9112502076,89900000.0,0.0,1903608.0500759028,1087415.229760014,96.0,357.0,587.0,11.0,96.0,0.0,8.0,0.0,100.16530577586708,136.85056798388325,0.0,0.0,0.718795531811559,330393.62671688205,140263.0175601112,5540208.672538491,158885.87097471335,0.0,2018-02-28 10:47:00
2018-02-28 10:47:00,587,0,2059.0,16962176.06410879,6.028654686741136,5.542496357455075,880703.0,5079670.0,1515269.8722546909,1337959.9112502076,89900000.0,0.0,1903608.0500759028,1087415.229760014,96.0,357.0,587.0,11.0,96.0,0.0,8.0,0.0,100.16530577586708,136.85056798388325,0.0,0.0,0.718795531811559,330393.62671688205,140263.0175601112,5540208.672538491,158885.87097471335,1421.0,11002734.962702325,5.059113300492611,4.568613652357494,641605.0,2415060.0,837743.169847847,931455.9575756752,89844693.0,0.0,1024581.562192998,855137.670598162,95.0,509.0,321.0,12.0,95.0,0.0,24.0,0.0,81.01922223289148,111.31236045399451,0.0,0.0,0.5784658691062632,354480.0467674781,246879.31890267288,2642664.3134679007,256369.01269815164,0.0,2018-02-28 10:48:00
2018-02-28 10:48:00,588,0,1421.0,11002734.962702325,5.059113300492611,4.568613652357494,641605.0,2415060.0,837743.169847847,931455.9575756752,89844693.0,0.0,1024581.562192998,855137.670598162,95.0,509.0,321.0,12.0,95.0,0.0,24.0,0.0,81.01922223289148,111.31236045399451,0.0,0.0,0.5784658691062632,354480.0467674781,246879.31890267288,2642664.3134679007,256369.01269815164,1228.0,9276605.393322475,5.216612377850163,3.9096091205211727,483880.0,2186599.0,873186.5783152296,1174894.94843955,59936578.0,0.0,1041395.3253304624,774707.6529093481,107.0,457.0,270.0,17.0,107.0,0.0,24.0,0.0,75.93617470431026,103.38030560893436,0.0,0.0,0.5415309446254072,551644.3347029015,354647.57474390103,3599789.245764952,317017.8852985411,0.0,2018-02-28 10:49:00
2018-02-28 10:49:00,589,0,1228.0,9276605.393322475,5.216612377850163,3.9096091205211727,483880.0,2186599.0,873186.5783152296,1174894.94843955,59936578.0,0.0,1041395.3253304624,774707.6529093481,107.0,457.0,270.0,17.0,107.0,0.0,24.0,0.0,75.93617470431026,103.38030560893436,0.0,0.0,0.5415309446254072,551644.3347029015,354647.57474390103,3599789.245764952,317017.8852985411,5209.0,4328985.942983299,4.568055288923018,3.615665194855058,13995388.0,5481788.0,341422.7189693968,435736.86909735785,117372877.0,0.0,434475.13029335096,346717.3929117036,201.0,520.0,403.0,22.0,201.0,0.0,57.0,0.0,29.184028249802115,35.60803436962914,0.0,0.0,0.8650412747168362,117382.8100590752,22548.75182960761,1522248.5428165337,99940.11815522794,1.0,2018-02-28 10:50:00
2018-02-28 10:50:00,590,1,5209.0,4328985.942983299,4.568055288923018,3.615665194855058,13995388.0,5481788.0,341422.7189693968,435736.86909735785,117372877.0,0.0,434475.13029335096,346717.3929117036,201.0,520.0,403.0,22.0,201.0,0.0,57.0,0.0,29.184028249802115,35.60803436962914,0.0,0.0,0.8650412747168362,117382.8100590752,22548.75182960761,1522248.5428165337,99940.11815522794,970.0,10520498.955670103,6.038144329896907,6.018556701030928,388719.0,3934337.0,936547.461648455,1247566.1551299377,104000000.0,0.0,1139742.1596241782,1292058.7802444422,67.0,214.0,229.0,11.0,67.0,0.0,24.0,0.0,82.32377508979546,107.62424177180526,0.0,93313.3000057383,0.5721649484536082,504087.12428224896,189113.90521540967,3584733.344334693,300417.2975045465,1.0,2018-02-28 10:51:00
2018-02-28 10:51:00,591,1,970.0,10520498.955670103,6.038144329896907,6.018556701030928,388719.0,3934337.0,936547.461648455,1247566.1551299377,104000000.0,0.0,1139742.1596241782,1292058.7802444422,67.0,214.0,229.0,11.0,67.0,0.0,24.0,0.0,82.32377508979546,107.62424177180526,0.0,93313.3000057383,0.5721649484536082,504087.12428224896,189113.90521540967,3584733.344334693,300417.2975045465,1442.0,16748483.324549235,5.865464632454923,5.793342579750346,857505.0,3575627.0,1158872.013077129,1439725.429424082,70374372.0,0.0,1454752.6268100017,1313457.8768326566,69.0,293.0,372.0,0.0,69.0,0.0,24.0,0.0,94.9389395091441,122.64888923361865,0.0,0.0,0.7427184466019418,440763.24561325536,60807.03491892223,4723970.000365149,351417.7803173439,1.0,2018-02-28 10:52:00
2018-02-28 10:52:00,592,1,1442.0,16748483.324549235,5.865464632454923,5.793342579750346,857505.0,3575627.0,1158872.013077129,1439725.429424082,70374372.0,0.0,1454752.6268100017,1313457.8768326566,69.0,293.0,372.0,0.0,69.0,0.0,24.0,0.0,94.9389395091441,122.64888923361865,0.0,0.0,0.7427184466019418,440763.24561325536,60807.03491892223,4723970.000365149,351417.7803173439,2078.0,14567941.962463908,5.144850818094321,4.809913378248316,806274.0,4340927.0,926903.8139403611,1325811.9135183364,59936528.0,0.0,1315537.1233098242,995635.8556147432,177.0,507.0,582.0,16.0,177.0,0.0,4.0,0.0,93.49280517084075,128.28062810676093,0.0,0.0,0.6010587102983638,163727.2522926723,127282.09205560168,4719604.838968647,133893.5996162416,1.0,2018-02-28 10:53:00
2018-02-28 10:53:00,593,1,2078.0,14567941.962463908,5.144850818094321,4.809913378248316,806274.0,4340927.0,926903.8139403611,1325811.9135183364,59936528.0,0.0,1315537.1233098242,995635.8556147432,177.0,507.0,582.0,16.0,177.0,0.0,4.0,0.0,93.49280517084075,128.28062810676093,0.0,0.0,0.6010587102983638,163727.2522926723,127282.09205560168,4719604.838968647,133893.5996162416,1505.0,11983700.319601327,5.102325581395349,4.356810631229236,536092.0,2164288.0,731201.1723487108,1240529.1234215766,74500018.0,0.0,937823.2391886644,1126217.4728357557,74.0,358.0,415.0,12.0,74.0,0.0,4.0,0.0,84.90455372343389,119.98245788495932,0.0,0.0,0.6910299003322259,434009.9114789888,200503.723126637,3847703.567297916,550064.6468264745,1.0,2018-02-28 10:54:00
2018-02-28 10:54:00,594,1,1505.0,11983700.319601327,5.102325581395349,4.356810631229236,536092.0,2164288.0,731201.1723487108,1240529.1234215766,74500018.0,0.0,937823.2391886644,1126217.4728357557,74.0,358.0,415.0,12.0,74.0,0.0,4.0,0.0,84.90455372343389,119.98245788495932,0.0,0.0,0.6910299003322259,434009.9114789888,200503.723126637,3847703.567297916,550064.6468264745,1173.0,7196772.212276215,3.939471440750213,2.975277067348679,392335.0,782875.0,1272436.6943715787,974498.2732047556,59936514.0,0.0,1313319.7168695834,854000.8074657762,113.0,438.0,269.0,9.0,113.0,0.0,24.0,0.0,63.45212919282311,89.08276930416564,0.0,0.0,0.5592497868712702,427565.2381318889,34457.334117931605,2878878.5011249934,332950.0137698884,1.0,2018-02-28 10:55:00
2018-02-28 10:55:00,595,1,1173.0,7196772.212276215,3.939471440750213,2.975277067348679,392335.0,782875.0,1272436.6943715787,974498.2732047556,59936514.0,0.0,1313319.7168695834,854000.8074657762,113.0,438.0,269.0,9.0,113.0,0.0,24.0,0.0,63.45212919282311,89.08276930416564,0.0,0.0,0.5592497868712702,427565.2381318889,34457.334117931605,2878878.5011249934,332950.0137698884,1800.0,15777442.72611111,5.786666666666667,6.312777777777778,539313.0,8474569.0,884727.7465166706,1516467.834643731,59000000.0,0.0,1279838.692329229,1143733.6144166312,192.0,495.0,438.0,10.0,192.0,0.0,24.0,0.0,95.0514768127366,118.64944702584916,0.0,457954.5135374674,0.6683333333333333,336986.4549863851,120815.45103036548,4788435.315481435,284499.96067772125,1.0,2018-02-28 10:56:00
2018-02-28 10:56:00,596,1,1800.0,15777442.72611111,5.786666666666667,6.312777777777778,539313.0,8474569.0,884727.7465166706,1516467.834643731,59000000.0,0.0,1279838.692329229,1143733.6144166312,192.0,495.0,438.0,10.0,192.0,0.0,24.0,0.0,95.0514768127366,118.64944702584916,0.0,457954.5135374674,0.6683333333333333,336986.4549863851,120815.45103036548,4788435.315481435,284499.96067772125,1661.0,13708379.04154124,4.65623118603251,4.136062612883805,568066.0,1918652.0,932085.6172210614,1468158.0719134817,59936395.0,0.0,1258257.5448825962,1244041.0633244377,66.0,337.0,498.0,12.0,66.0,0.0,0.0,0.0,80.72351383857291,112.70585903478278,0.0,0.0,0.6797110174593618,378077.42872882594,149010.77621146,4537571.021953088,220028.9566952618,1.0,2018-02-28 10:57:00
2018-02-28 10:57:00,597,1,1661.0,13708379.04154124,4.65623118603251,4.136062612883805,568066.0,1918652.0,932085.6172210614,1468158.0719134817,59936395.0,0.0,1258257.5448825962,1244041.0633244377,66.0,337.0,498.0,12.0,66.0,0.0,0.0,0.0,80.72351383857291,112.70585903478278,0.0,0.0,0.6797110174593618,378077.42872882594,149010.77621146,4537571.021953088,220028.9566952618,925.0,12100270.61945946,4.451891891891892,3.265945945945946,311136.0,791881.0,1790970.7085049003,1187503.0869977458,59300000.0,0.0,2075001.552248672,879223.4963165208,33.0,368.0,219.0,7.0,33.0,0.0,0.0,0.0,72.51706127701407,104.96169929954443,0.0,0.0,0.5232432432432432,371524.47089298815,166686.2486698471,4374390.618797632,258022.6458446197,1.0,2018-02-28 10:58:00
2018-02-28 10:58:00,598,1,925.0,12100270.61945946,4.451891891891892,3.265945945945946,311136.0,791881.0,1790970.7085049003,1187503.0869977458,59300000.0,0.0,2075001.552248672,879223.4963165208,33.0,368.0,219.0,7.0,33.0,0.0,0.0,0.0,72.51706127701407,104.96169929954443,0.0,0.0,0.5232432432432432,371524.47089298815,166686.2486698471,4374390.618797632,258022.6458446197,1200.0,9005553.3575,4.453333333333333,3.3716666666666666,387967.0,1212103.0,889202.5892214883,1104319.9869352474,89902826.0,0.0,1150311.0504736253,982588.140018134,142.0,411.0,277.0,14.0,142.0,0.0,24.0,0.0,68.49255705240466,94.33702540305032,0.0,0.0,0.4983333333333333,294461.0045773438,185280.8690156519,3488244.614328413,178627.26845388603,1.0,2018-02-28 10:59:00
2018-02-28 10:59:00,599,1,1200.0,9005553.3575,4.453333333333333,3.3716666666666666,387967.0,1212103.0,889202.5892214883,1104319.9869352474,89902826.0,0.0,1150311.0504736253,982588.140018134,142.0,411.0,277.0,14.0,142.0,0.0,24.0,0.0,68.49255705240466,94.33702540305032,0.0,0.0,0.4983333333333333,294461.0045773438,185280.8690156519,3488244.614328413,178627.26845388603,2910.0,2817723.2429553266,2.1604810996563573,1.8398625429553264,392628.0,812956.0,344720.1260571854,344715.382369368,62364762.0,0.0,379718.6241784781,266203.71237695194,105.0,352.0,269.0,16.0,105.0,0.0,22.0,0.0,26.083304239491166,39.89086911069381,0.0,0.0,0.8532646048109965,171846.38487148244,29940.45303135562,962833.9820722634,118146.59633586372,1.0,2018-02-28 11:00:00
2018-02-28 11:00:00,600,1,2910.0,2817723.2429553266,2.1604810996563573,1.8398625429553264,392628.0,812956.0,344720.1260571854,344715.382369368,62364762.0,0.0,379718.6241784781,266203.71237695194,105.0,352.0,269.0,16.0,105.0,0.0,22.0,0.0,26.083304239491166,39.89086911069381,0.0,0.0,0.8532646048109965,171846.38487148244,29940.45303135562,962833.9820722634,118146.59633586372,810.0,12143314.72345679,5.164197530864198,3.5580246913580247,309133.0,612915.0,1725297.2365226208,1179952.047808454,59936691.0,0.0,1911688.9003243768,1133035.4767282982,49.0,191.0,265.0,5.0,49.0,0.0,24.0,0.0,73.54971166305135,110.81775249063902,0.0,0.0,0.5111111111111111,775706.7072321627,753832.5986169626,4072900.415489311,326781.0043751973,1.0,2018-02-28 11:01:00
2018-02-28 11:01:00,601,1,810.0,12143314.72345679,5.164197530864198,3.5580246913580247,309133.0,612915.0,1725297.2365226208,1179952.047808454,59936691.0,0.0,1911688.9003243768,1133035.4767282982,49.0,191.0,265.0,5.0,49.0,0.0,24.0,0.0,73.54971166305135,110.81775249063902,0.0,0.0,0.5111111111111111,775706.7072321627,753832.5986169626,4072900.415489311,326781.0043751973,1289.0,12905658.131109389,4.806051202482545,4.276183087664856,473839.0,1657099.0,925852.322005718,1456274.9245870477,87791507.0,0.0,1252323.1141331517,1293918.0700346066,78.0,256.0,375.0,10.0,78.0,0.0,24.0,0.0,90.42622138180576,129.9135757074125,0.0,0.0,0.6578743211792087,279122.34135822754,146197.80751247797,3961909.49228125,400082.077035402,1.0,2018-02-28 11:02:00
2018-02-28 11:02:00,602,1,1289.0,12905658.131109389,4.806051202482545,4.276183087664856,473839.0,1657099.0,925852.322005718,1456274.9245870477,87791507.0,0.0,1252323.1141331517,1293918.0700346066,78.0,256.0,375.0,10.0,78.0,0.0,24.0,0.0,90.42622138180576,129.9135757074125,0.0,0.0,0.6578743211792087,279122.34135822754,146197.80751247797,3961909.49228125,400082.077035402,3784.0,7535325.321881607,3.0256342494714588,2.900369978858351,631803.0,3593782.0,422502.7773541632,706510.2237910726,66269943.0,0.0,625605.1942064385,580512.3427643547,99.0,348.0,519.0,12.0,99.0,0.0,30.0,0.0,42.07110732917207,59.88059052218974,0.0,0.0,0.8461945031712473,197798.73325670892,78549.74937303887,2488795.6415816946,168867.13667254997,1.0,2018-02-28 11:03:00
2018-02-28 11:03:00,603,1,3784.0,7535325.321881607,3.0256342494714588,2.900369978858351,631803.0,3593782.0,422502.7773541632,706510.2237910726,66269943.0,0.0,625605.1942064385,580512.3427643547,99.0,348.0,519.0,12.0,99.0,0.0,30.0,0.0,42.07110732917207,59.88059052218974,0.0,0.0,0.8461945031712473,197798.73325670892,78549.74937303887,2488795.6415816946,168867.13667254997,1426.0,16078305.18793829,5.157082748948107,4.681626928471248,546738.0,2457301.0,1093831.7662885534,1445326.8354234376,59000000.0,0.0,1489151.8020559377,1167217.0280331543,87.0,350.0,381.0,11.0,87.0,0.0,8.0,0.0,89.93142566017511,125.9245742274141,0.0,0.0,0.6486676016830295,309283.15229273296,86219.85577868903,5037413.878734692,427552.8086314575,1.0,2018-02-28 11:04:00
2018-02-28 11:04:00,604,1,1426.0,16078305.18793829,5.157082748948107,4.681626928471248,546738.0,2457301.0,1093831.7662885534,1445326.8354234376,59000000.0,0.0,1489151.8020559377,1167217.0280331543,87.0,350.0,381.0,11.0,87.0,0.0,8.0,0.0,89.93142566017511,125.9245742274141,0.0,0.0,0.6486676016830295,309283.15229273296,86219.85577868903,5037413.878734692,427552.8086314575,4881.0,1620544.9514443765,1.644540053267773,1.416717885679164,301395.0,524387.0,180928.77221168243,233905.1054106172,62882892.0,0.0,207634.694358767,160980.23517935278,127.0,371.0,219.0,15.0,127.0,0.0,28.0,0.0,10.85427062526804,16.35401985805214,0.0,81165.57832911711,0.9264494980536776,185431.547516072,38678.33906814317,597342.1617281378,59096.47713237536,1.0,2018-02-28 11:05:00
2018-02-28 11:05:00,605,1,4881.0,1620544.9514443765,1.644540053267773,1.416717885679164,301395.0,524387.0,180928.77221168243,233905.1054106172,62882892.0,0.0,207634.694358767,160980.23517935278,127.0,371.0,219.0,15.0,127.0,0.0,28.0,0.0,10.85427062526804,16.35401985805214,0.0,81165.57832911711,0.9264494980536776,185431.547516072,38678.33906814317,597342.1617281378,59096.47713237536,1011.0,12722960.982195845,4.66864490603363,3.472799208704253,332072.0,791815.0,1270308.3836330324,1489150.9795857952,59000000.0,0.0,1554513.7161726877,1103777.6747990996,143.0,417.0,230.0,12.0,143.0,0.0,16.0,0.0,65.96783791841365,98.54604084130406,0.0,0.0,0.4718100890207715,288616.7930854081,137143.31208502434,4425939.205035278,331014.75812158786,1.0,2018-02-28 11:06:00
2018-02-28 11:06:00,606,1,1011.0,12722960.982195845,4.66864490603363,3.472799208704253,332072.0,791815.0,1270308.3836330324,1489150.9795857952,59000000.0,0.0,1554513.7161726877,1103777.6747990996,143.0,417.0,230.0,12.0,143.0,0.0,16.0,0.0,65.96783791841365,98.54604084130406,0.0,0.0,0.4718100890207715,288616.7930854081,137143.31208502434,4425939.205035278,331014.75812158786,1260.0,18528918.002380952,6.1682539682539685,6.066666666666666,566311.0,3790642.0,1162080.447589295,1742528.1809989116,59937633.0,0.0,1685792.500506337,1258513.904006797,112.0,317.0,351.0,10.0,112.0,0.0,0.0,0.0,98.76982611001928,141.411539144884,0.0,317831.3121861034,0.5761904761904761,332761.4735254254,282211.37440471025,6396655.535595362,409734.1859230856,1.0,2018-02-28 11:07:00
2018-02-28 11:07:00,607,1,1260.0,18528918.002380952,6.1682539682539685,6.066666666666666,566311.0,3790642.0,1162080.447589295,1742528.1809989116,59937633.0,0.0,1685792.500506337,1258513.904006797,112.0,317.0,351.0,10.0,112.0,0.0,0.0,0.0,98.76982611001928,141.411539144884,0.0,317831.3121861034,0.5761904761904761,332761.4735254254,282211.37440471025,6396655.535595362,409734.1859230856,720.0,12118921.5,4.998611111111111,4.268055555555556,343093.0,643536.0,918836.9038581012,1231674.454838473,59914076.0,0.0,1164191.2083966802,1087412.3705598286,34.0,176.0,216.0,4.0,34.0,0.0,0.0,0.0,89.08412825388834,128.10375806648972,0.0,0.0,0.6680555555555555,461236.2144826735,155467.51881183573,3409916.308661381,554566.2936941714,1.0,2018-02-28 11:08:00
2018-02-28 11:08:00,608,1,720.0,12118921.5,4.998611111111111,4.268055555555556,343093.0,643536.0,918836.9038581012,1231674.454838473,59914076.0,0.0,1164191.2083966802,1087412.3705598286,34.0,176.0,216.0,4.0,34.0,0.0,0.0,0.0,89.08412825388834,128.10375806648972,0.0,0.0,0.6680555555555555,461236.2144826735,155467.51881183573,3409916.308661381,554566.2936941714,868.0,13196505.246543778,5.214285714285714,4.167050691244239,337435.0,1343458.0,1406264.1338872593,1243277.1779763326,59936474.0,0.0,1699456.9852665015,1179834.8973809788,74.0,291.0,215.0,6.0,74.0,0.0,12.0,0.0,83.67764701587339,119.65246679060564,0.0,191925.2763971272,0.5483870967741935,703306.237254815,117807.21903298024,4640382.447736036,222769.41170778795,1.0,2018-02-28 11:09:00
2018-02-28 11:09:00,609,1,868.0,13196505.246543778,5.214285714285714,4.167050691244239,337435.0,1343458.0,1406264.1338872593,1243277.1779763326,59936474.0,0.0,1699456.9852665015,1179834.8973809788,74.0,291.0,215.0,6.0,74.0,0.0,12.0,0.0,83.67764701587339,119.65246679060564,0.0,191925.2763971272,0.5483870967741935,703306.237254815,117807.21903298024,4640382.447736036,222769.41170778795,3223.0,13584158.09556314,5.1647533354018,5.069500465404902,1211998.0,7169540.0,720535.6527472946,1288793.882467253,107461518.0,0.0,1087311.8858409254,1007560.633691515,236.0,669.0,937.0,28.0,236.0,0.0,24.0,0.0,99.73641621859376,138.39966367111944,0.0,0.0,0.6751473782190506,181968.64053936687,77898.30440949743,4213103.555014474,703985.7657731527,1.0,2018-02-28 11:10:00
2018-02-28 11:10:00,610,1,3223.0,13584158.09556314,5.1647533354018,5.069500465404902,1211998.0,7169540.0,720535.6527472946,1288793.882467253,107461518.0,0.0,1087311.8858409254,1007560.633691515,236.0,669.0,937.0,28.0,236.0,0.0,24.0,0.0,99.73641621859376,138.39966367111944,0.0,0.0,0.6751473782190506,181968.64053936687,77898.30440949743,4213103.555014474,703985.7657731527,1409.0,10863620.408800568,4.4733853797019165,3.977998580553584,540800.0,1661284.0,866143.9533545005,1462115.5956159711,114000000.0,0.0,1320793.0871482375,1312580.943293704,59.0,343.0,367.0,8.0,59.0,0.0,24.0,0.0,83.15070458158445,114.26906063893378,0.0,179938.64459349896,0.6515259048970902,454719.4182147508,108311.96484042754,3994206.3240265055,1112125.0542937585,1.0,2018-02-28 11:11:00
2018-02-28 11:11:00,611,1,1409.0,10863620.408800568,4.4733853797019165,3.977998580553584,540800.0,1661284.0,866143.9533545005,1462115.5956159711,114000000.0,0.0,1320793.0871482375,1312580.943293704,59.0,343.0,367.0,8.0,59.0,0.0,24.0,0.0,83.15070458158445,114.26906063893378,0.0,179938.64459349896,0.6515259048970902,454719.4182147508,108311.96484042754,3994206.3240265055,1112125.0542937585,5436.0,3294080.094186902,2.47663723325975,2.252391464311994,795252.0,3668734.0,385681.7211294431,432574.5090308728,62260140.0,0.0,441528.9658052203,272833.0941280655,162.0,587.0,681.0,12.0,162.0,0.0,33.0,0.0,41.56169558222168,56.28394983156807,0.0,0.0,0.8679175864606328,180041.88594941076,50660.21263197497,1556685.648978402,138069.19902368658,1.0,2018-02-28 11:12:00
2018-02-28 11:12:00,612,1,5436.0,3294080.094186902,2.47663723325975,2.252391464311994,795252.0,3668734.0,385681.7211294431,432574.5090308728,62260140.0,0.0,441528.9658052203,272833.0941280655,162.0,587.0,681.0,12.0,162.0,0.0,33.0,0.0,41.56169558222168,56.28394983156807,0.0,0.0,0.8679175864606328,180041.88594941076,50660.21263197497,1556685.648978402,138069.19902368658,1660.0,14139839.51506024,5.432530120481927,6.991566265060241,504190.0,8996756.0,917900.4702993798,1303618.7743388296,89959435.0,0.0,1304557.1032972806,1210878.0339610856,72.0,277.0,470.0,2.0,72.0,0.0,24.0,0.0,110.52581086306849,135.32289002610435,0.0,0.0,0.7469879518072289,224851.8168641216,65472.41604027909,4220184.329875247,217309.73727577392,1.0,2018-02-28 11:13:00
2018-02-28 11:13:00,613,1,1660.0,14139839.51506024,5.432530120481927,6.991566265060241,504190.0,8996756.0,917900.4702993798,1303618.7743388296,89959435.0,0.0,1304557.1032972806,1210878.0339610856,72.0,277.0,470.0,2.0,72.0,0.0,24.0,0.0,110.52581086306849,135.32289002610435,0.0,0.0,0.7469879518072289,224851.8168641216,65472.41604027909,4220184.329875247,217309.73727577392,989.0,11004759.294236602,5.191102123356926,4.071789686552073,348993.0,1760917.0,1184962.346538301,1192862.016084107,62561638.0,0.0,1326794.8435837352,988724.3498515536,69.0,294.0,279.0,2.0,69.0,0.0,24.0,0.0,80.56324802316816,117.47690020900151,0.0,0.0,0.5288169868554095,462369.1630851859,324640.4482105463,3797906.5944441054,401118.26753686456,1.0,2018-02-28 11:14:00
2018-02-28 11:14:00,614,1,989.0,11004759.294236602,5.191102123356926,4.071789686552073,348993.0,1760917.0,1184962.346538301,1192862.016084107,62561638.0,0.0,1326794.8435837352,988724.3498515536,69.0,294.0,279.0,2.0,69.0,0.0,24.0,0.0,80.56324802316816,117.47690020900151,0.0,0.0,0.5288169868554095,462369.1630851859,324640.4482105463,3797906.5944441054,401118.26753686456,3179.0,16124437.56464297,5.916011324315822,6.447939603648946,1557577.0,12573979.0,857051.3471261598,1290917.8538395662,74500000.0,0.0,1323918.220417085,1080737.8116627526,89.0,554.0,954.0,9.0,89.0,0.0,8.0,0.0,113.4272455753167,150.09240124610352,0.0,0.0,0.7194086190625983,132263.19430629569,59808.715712836034,4524320.149194668,99827.40305935498,1.0,2018-02-28 11:15:00
2018-02-28 11:15:00,615,1,3179.0,16124437.56464297,5.916011324315822,6.447939603648946,1557577.0,12573979.0,857051.3471261598,1290917.8538395662,74500000.0,0.0,1323918.220417085,1080737.8116627526,89.0,554.0,954.0,9.0,89.0,0.0,8.0,0.0,113.4272455753167,150.09240124610352,0.0,0.0,0.7194086190625983,132263.19430629569,59808.715712836034,4524320.149194668,99827.40305935498,3204.0,13875070.81460674,4.846441947565543,4.646379525593009,931740.0,7082255.0,748975.3907396471,1252944.763695091,76600000.0,0.0,1114387.5989752796,939457.8891970732,150.0,733.0,815.0,21.0,150.0,0.0,12.0,0.0,95.74580420460316,129.22091622956765,0.0,0.0,0.6919475655430711,286305.8002880818,84580.84352066182,4302980.4981187,201255.5821535055,1.0,2018-02-28 11:16:00
2018-02-28 11:16:00,616,1,3204.0,13875070.81460674,4.846441947565543,4.646379525593009,931740.0,7082255.0,748975.3907396471,1252944.763695091,76600000.0,0.0,1114387.5989752796,939457.8891970732,150.0,733.0,815.0,21.0,150.0,0.0,12.0,0.0,95.74580420460316,129.22091622956765,0.0,0.0,0.6919475655430711,286305.8002880818,84580.84352066182,4302980.4981187,201255.5821535055,1690.0,9985006.64142012,3.721301775147929,3.0059171597633134,392560.0,1473812.0,843053.6197739984,1212609.959815137,59936644.0,0.0,1120321.983570022,982770.8152943348,116.0,597.0,341.0,6.0,116.0,0.0,12.0,0.0,65.88185818477959,88.51194984096763,0.0,0.0,0.6124260355029586,150531.4895567466,43494.4157412562,3625574.770401566,125536.9417209992,1.0,2018-02-28 11:17:00
2018-02-28 11:17:00,617,1,1690.0,9985006.64142012,3.721301775147929,3.0059171597633134,392560.0,1473812.0,843053.6197739984,1212609.959815137,59936644.0,0.0,1120321.983570022,982770.8152943348,116.0,597.0,341.0,6.0,116.0,0.0,12.0,0.0,65.88185818477959,88.51194984096763,0.0,0.0,0.6124260355029586,150531.4895567466,43494.4157412562,3625574.770401566,125536.9417209992,1707.0,10334442.366139423,4.582308142940832,4.046280023432924,421515.0,3864890.0,1082336.6778397327,1106552.7067967858,59142855.0,0.0,1204145.2507914628,904445.1054604726,174.0,605.0,311.0,23.0,174.0,0.0,24.0,0.0,70.16718082460264,89.97393630502397,0.0,0.0,0.6678383128295254,537092.2047451676,169749.1344406525,3639453.261525996,170915.0846396835,1.0,2018-02-28 11:18:00
2018-02-28 11:18:00,618,1,1707.0,10334442.366139423,4.582308142940832,4.046280023432924,421515.0,3864890.0,1082336.6778397327,1106552.7067967858,59142855.0,0.0,1204145.2507914628,904445.1054604726,174.0,605.0,311.0,23.0,174.0,0.0,24.0,0.0,70.16718082460264,89.97393630502397,0.0,0.0,0.6678383128295254,537092.2047451676,169749.1344406525,3639453.261525996,170915.0846396835,1345.0,15135090.420817845,5.092193308550186,4.858736059479554,519891.0,2870686.0,1008926.6226625188,1440184.9130839813,59936353.0,0.0,1383944.66585705,1284466.9598025023,134.0,421.0,340.0,7.0,134.0,0.0,0.0,0.0,88.30890519606328,121.1620971400003,0.0,0.0,0.6475836431226766,217713.99904875355,81849.23822633277,4580318.121551022,248863.13316219224,1.0,2018-02-28 11:19:00
2018-02-28 11:19:00,619,1,1345.0,15135090.420817845,5.092193308550186,4.858736059479554,519891.0,2870686.0,1008926.6226625188,1440184.9130839813,59936353.0,0.0,1383944.66585705,1284466.9598025023,134.0,421.0,340.0,7.0,134.0,0.0,0.0,0.0,88.30890519606328,121.1620971400003,0.0,0.0,0.6475836431226766,217713.99904875355,81849.23822633277,4580318.121551022,248863.13316219224,1414.0,12122971.005657708,5.0,4.433521923620933,472686.0,2738525.0,819199.8642942742,1157437.200233017,58937020.0,0.0,1023012.1622390434,882234.481750764,78.0,375.0,369.0,5.0,78.0,0.0,0.0,0.0,86.98770889759972,122.13165009127717,0.0,0.0,0.6768033946251768,512536.9394888894,54481.4773729709,3969958.914731704,116899.16916677478,1.0,2018-02-28 11:20:00
2018-02-28 11:20:00,620,1,1414.0,12122971.005657708,5.0,4.433521923620933,472686.0,2738525.0,819199.8642942742,1157437.200233017,58937020.0,0.0,1023012.1622390434,882234.481750764,78.0,375.0,369.0,5.0,78.0,0.0,0.0,0.0,86.98770889759972,122.13165009127717,0.0,0.0,0.6768033946251768,512536.9394888894,54481.4773729709,3969958.914731704,116899.16916677478,2489.0,16549016.419847328,6.177179590196866,6.627561269586179,1036414.0,10581860.0,1002911.9574970698,1372740.582407226,116000000.0,0.0,1457831.5034508673,1048291.8407249578,136.0,513.0,704.0,14.0,136.0,0.0,0.0,0.0,98.44711045622402,133.58273690861873,0.0,0.0,0.6347930895942145,169324.27705076322,92424.78473499688,5122458.091812164,148126.41952203185,1.0,2018-02-28 11:21:00
2018-02-28 11:21:00,621,1,2489.0,16549016.419847328,6.177179590196866,6.627561269586179,1036414.0,10581860.0,1002911.9574970698,1372740.582407226,116000000.0,0.0,1457831.5034508673,1048291.8407249578,136.0,513.0,704.0,14.0,136.0,0.0,0.0,0.0,98.44711045622402,133.58273690861873,0.0,0.0,0.6347930895942145,169324.27705076322,92424.78473499688,5122458.091812164,148126.41952203185,1474.0,9528757.603799189,4.991858887381276,5.00067842605156,416552.0,5454410.0,940849.6266853408,970808.668685203,59703661.0,0.0,1181217.5284421886,604981.8277120687,139.0,483.0,301.0,23.0,139.0,0.0,24.0,0.0,76.30120260392007,99.1128343769101,0.0,0.0,0.5495251017639078,188741.7639678967,113032.06155621972,3164372.1152764964,260025.00645976648,1.0,2018-02-28 11:22:00
2018-02-28 11:22:00,622,1,1474.0,9528757.603799189,4.991858887381276,5.00067842605156,416552.0,5454410.0,940849.6266853408,970808.668685203,59703661.0,0.0,1181217.5284421886,604981.8277120687,139.0,483.0,301.0,23.0,139.0,0.0,24.0,0.0,76.30120260392007,99.1128343769101,0.0,0.0,0.5495251017639078,188741.7639678967,113032.06155621972,3164372.1152764964,260025.00645976648,3822.0,4604586.77681842,2.442700156985872,2.1122448979591835,503856.0,2208097.0,442096.9391204711,461897.7345667895,98905308.0,0.0,554843.8767848454,341058.08495741105,159.0,637.0,336.0,21.0,159.0,0.0,4.0,0.0,31.730810071121034,41.21613735169158,0.0,0.0,0.8307169021454736,200010.60817289352,47290.32420345316,1365435.902469063,61714.35303530922,1.0,2018-02-28 11:23:00
2018-02-28 11:23:00,623,1,3822.0,4604586.77681842,2.442700156985872,2.1122448979591835,503856.0,2208097.0,442096.9391204711,461897.7345667895,98905308.0,0.0,554843.8767848454,341058.08495741105,159.0,637.0,336.0,21.0,159.0,0.0,4.0,0.0,31.730810071121034,41.21613735169158,0.0,0.0,0.8307169021454736,200010.60817289352,47290.32420345316,1365435.902469063,61714.35303530922,1443.0,11299492.553707551,4.3936243936243935,3.828828828828829,460197.0,1923212.0,1049243.768907207,1285061.0119708192,58951561.0,0.0,1142989.28087287,1083642.5732463354,147.0,452.0,332.0,25.0,147.0,0.0,26.0,0.0,76.06418600757436,107.54221674218164,0.0,0.0,0.6957726957726957,454390.42698688415,79122.62455342223,4331245.462460564,295824.726295602,1.0,2018-02-28 11:24:00
2018-02-28 11:24:00,624,1,1443.0,11299492.553707551,4.3936243936243935,3.828828828828829,460197.0,1923212.0,1049243.768907207,1285061.0119708192,58951561.0,0.0,1142989.28087287,1083642.5732463354,147.0,452.0,332.0,25.0,147.0,0.0,26.0,0.0,76.06418600757436,107.54221674218164,0.0,0.0,0.6957726957726957,454390.42698688415,79122.62455342223,4331245.462460564,295824.726295602,1614.0,13471448.11400248,4.633209417596035,4.143122676579925,548039.0,2188904.0,849703.4063388939,1305182.9374927531,74218936.0,0.0,1123583.1832702204,1112036.1446637972,90.0,391.0,408.0,13.0,90.0,0.0,0.0,0.0,89.73132659514492,125.16432964438232,0.0,0.0,0.7317224287484511,418476.5119443492,159262.42717114536,4231777.507257065,180037.8548566086,1.0,2018-02-28 11:25:00
2018-02-28 11:25:00,625,1,1614.0,13471448.11400248,4.633209417596035,4.143122676579925,548039.0,2188904.0,849703.4063388939,1305182.9374927531,74218936.0,0.0,1123583.1832702204,1112036.1446637972,90.0,391.0,408.0,13.0,90.0,0.0,0.0,0.0,89.73132659514492,125.16432964438232,0.0,0.0,0.7317224287484511,418476.5119443492,159262.42717114536,4231777.507257065,180037.8548566086,938.0,10902896.24413646,4.644989339019189,3.689765458422175,267458.0,1268327.0,1682591.5245096069,1217633.7821168683,58967659.0,0.0,1745390.966603126,798118.8796205496,69.0,289.0,223.0,14.0,69.0,0.0,24.0,0.0,69.53793527458933,97.5198177698549,0.0,0.0,0.5863539445628998,461254.3671877048,158003.15139072144,4284373.73457681,235977.4140217232,1.0,2018-02-28 11:26:00
2018-02-28 11:26:00,626,1,938.0,10902896.24413646,4.644989339019189,3.689765458422175,267458.0,1268327.0,1682591.5245096069,1217633.7821168683,58967659.0,0.0,1745390.966603126,798118.8796205496,69.0,289.0,223.0,14.0,69.0,0.0,24.0,0.0,69.53793527458933,97.5198177698549,0.0,0.0,0.5863539445628998,461254.3671877048,158003.15139072144,4284373.73457681,235977.4140217232,2908.0,2905233.27957359,2.139614855570839,1.8514442916093528,371986.0,892277.0,282595.9932552574,373565.9984222745,61279251.0,0.0,326390.4681683928,316598.82958475983,102.0,364.0,209.0,22.0,102.0,0.0,14.0,0.0,21.30059134329914,31.2675300229109,0.0,0.0,0.8765474552957359,229945.7329683362,52335.41381745344,980414.3398145706,95589.41668624849,1.0,2018-02-28 11:27:00
2018-02-28 11:27:00,627,1,2908.0,2905233.27957359,2.139614855570839,1.8514442916093528,371986.0,892277.0,282595.9932552574,373565.9984222745,61279251.0,0.0,326390.4681683928,316598.82958475983,102.0,364.0,209.0,22.0,102.0,0.0,14.0,0.0,21.30059134329914,31.2675300229109,0.0,0.0,0.8765474552957359,229945.7329683362,52335.41381745344,980414.3398145706,95589.41668624849,1335.0,13926541.0164794,5.306367041198502,5.143820224719101,480178.0,3430236.0,863525.1388517766,1313188.377415659,59207822.0,0.0,1233399.2039351894,982443.5059588024,91.0,330.0,350.0,11.0,91.0,0.0,8.0,0.0,85.97227944984532,120.01628412568346,0.0,0.0,0.6104868913857678,203793.47617492377,117731.89983352918,4228405.072649357,324765.2413348284,1.0,2018-02-28 11:28:00
2018-02-28 11:28:00,628,1,1335.0,13926541.0164794,5.306367041198502,5.143820224719101,480178.0,3430236.0,863525.1388517766,1313188.377415659,59207822.0,0.0,1233399.2039351894,982443.5059588024,91.0,330.0,350.0,11.0,91.0,0.0,8.0,0.0,85.97227944984532,120.01628412568346,0.0,0.0,0.6104868913857678,203793.47617492377,117731.89983352918,4228405.072649357,324765.2413348284,4855.0,2765664.752832132,1.9822863027806383,2.012358393408857,336680.0,3577832.0,294677.21552713955,258274.3948589996,82300000.0,0.0,332869.5211509546,258359.32079104404,78.0,246.0,218.0,22.0,78.0,0.0,44.0,0.0,13.729249503959528,19.885462515056314,0.0,36174.96122722587,0.9427394438722966,207068.74659694373,22740.126656232216,883203.8170836876,41359.69221136048,1.0,2018-02-28 11:29:00
2018-02-28 11:29:00,629,1,4855.0,2765664.752832132,1.9822863027806383,2.012358393408857,336680.0,3577832.0,294677.21552713955,258274.3948589996,82300000.0,0.0,332869.5211509546,258359.32079104404,78.0,246.0,218.0,22.0,78.0,0.0,44.0,0.0,13.729249503959528,19.885462515056314,0.0,36174.96122722587,0.9427394438722966,207068.74659694373,22740.126656232216,883203.8170836876,41359.69221136048,2206.0,12303459.061650043,4.519492293744333,4.044877606527652,725300.0,3056736.0,687144.2173892473,1153522.4896558344,58927739.0,0.0,1019715.8708453936,767096.623635314,107.0,445.0,584.0,16.0,107.0,0.0,16.0,0.0,95.52836474973437,130.4482545750597,0.0,0.0,0.6668177697189483,211490.1395583154,117740.28377125258,3612183.038807401,134632.7353531877,1.0,2018-02-28 11:30:00
2018-02-28 11:30:00,630,1,2206.0,12303459.061650043,4.519492293744333,4.044877606527652,725300.0,3056736.0,687144.2173892473,1153522.4896558344,58927739.0,0.0,1019715.8708453936,767096.623635314,107.0,445.0,584.0,16.0,107.0,0.0,16.0,0.0,95.52836474973437,130.4482545750597,0.0,0.0,0.6668177697189483,211490.1395583154,117740.28377125258,3612183.038807401,134632.7353531877,1167.0,11855840.84318766,4.62382176520994,3.992287917737789,362930.0,1674578.0,787157.6770872694,1219349.344431576,59936470.0,0.0,1149592.7597592503,951236.7421468096,80.0,368.0,266.0,13.0,80.0,0.0,0.0,0.0,77.13086894658997,105.89882029131388,0.0,0.0,0.5946872322193659,327850.20337455854,108159.91895867832,4125858.770398922,253821.47778152983,1.0,2018-02-28 11:31:00
2018-02-28 11:31:00,631,1,1167.0,11855840.84318766,4.62382176520994,3.992287917737789,362930.0,1674578.0,787157.6770872694,1219349.344431576,59936470.0,0.0,1149592.7597592503,951236.7421468096,80.0,368.0,266.0,13.0,80.0,0.0,0.0,0.0,77.13086894658997,105.89882029131388,0.0,0.0,0.5946872322193659,327850.20337455854,108159.91895867832,4125858.770398922,253821.47778152983,629.0,14691852.228934815,5.222575516693164,4.0588235294117645,270856.0,625227.0,1775788.7169670383,1309799.5983184965,59100000.0,0.0,2101893.945183461,860405.2526556695,33.0,228.0,136.0,11.0,33.0,0.0,0.0,0.0,74.36740490710922,112.91292312936136,0.0,593172.6473264706,0.5389507154213037,186889.8924326114,138076.413983569,4918471.031783873,234266.8493606209,1.0,2018-02-28 11:32:00
2018-02-28 11:32:00,632,1,629.0,14691852.228934815,5.222575516693164,4.0588235294117645,270856.0,625227.0,1775788.7169670383,1309799.5983184965,59100000.0,0.0,2101893.945183461,860405.2526556695,33.0,228.0,136.0,11.0,33.0,0.0,0.0,0.0,74.36740490710922,112.91292312936136,0.0,593172.6473264706,0.5389507154213037,186889.8924326114,138076.413983569,4918471.031783873,234266.8493606209,1000.0,13528533.993,4.658,3.879,361594.0,1034705.0,1012057.570986266,1604249.583933908,59936539.0,0.0,1419912.2310414102,1216164.0566235103,80.0,292.0,240.0,6.0,80.0,0.0,0.0,0.0,75.9905388176174,104.80421640892052,0.0,0.0,0.573,275210.1047365631,68438.85494749573,5004515.570739305,166845.80354891863,1.0,2018-02-28 11:33:00
2018-02-28 11:33:00,633,1,1000.0,13528533.993,4.658,3.879,361594.0,1034705.0,1012057.570986266,1604249.583933908,59936539.0,0.0,1419912.2310414102,1216164.0566235103,80.0,292.0,240.0,6.0,80.0,0.0,0.0,0.0,75.9905388176174,104.80421640892052,0.0,0.0,0.573,275210.1047365631,68438.85494749573,5004515.570739305,166845.80354891863,752.0,11413282.593085106,5.091755319148936,4.049202127659575,314132.0,798006.0,971683.6842496424,1022512.3281056848,58831115.0,0.0,1226327.0992696588,749807.1109953423,61.0,210.0,182.0,10.0,61.0,0.0,0.0,0.0,76.7587189637774,105.27275902898803,0.0,287214.10157459084,0.6196808510638298,819354.1701031192,282044.7032226119,3446971.592728828,208387.4661474548,1.0,2018-02-28 11:34:00
2018-02-28 11:34:00,634,1,752.0,11413282.593085106,5.091755319148936,4.049202127659575,314132.0,798006.0,971683.6842496424,1022512.3281056848,58831115.0,0.0,1226327.0992696588,749807.1109953423,61.0,210.0,182.0,10.0,61.0,0.0,0.0,0.0,76.7587189637774,105.27275902898803,0.0,287214.10157459084,0.6196808510638298,819354.1701031192,282044.7032226119,3446971.592728828,208387.4661474548,745.0,17244695.69127517,5.652348993288591,5.319463087248322,343168.0,1409169.0,1531836.5623030604,1634085.6920867916,59936458.0,0.0,1995034.372841859,1462022.2705759327,47.0,181.0,215.0,8.0,47.0,0.0,0.0,0.0,98.55116948951049,143.44718845462967,0.0,0.0,0.6120805369127517,268516.2449284842,174644.47786969104,5902418.257375491,214032.1371699318,1.0,2018-02-28 11:35:00
2018-02-28 11:35:00,635,1,745.0,17244695.69127517,5.652348993288591,5.319463087248322,343168.0,1409169.0,1531836.5623030604,1634085.6920867916,59936458.0,0.0,1995034.372841859,1462022.2705759327,47.0,181.0,215.0,8.0,47.0,0.0,0.0,0.0,98.55116948951049,143.44718845462967,0.0,0.0,0.6120805369127517,268516.2449284842,174644.47786969104,5902418.257375491,214032.1371699318,645.0,12628682.87131783,5.448062015503876,3.98139534883721,295544.0,609080.0,1051852.270616424,1243427.0893081394,96839019.0,0.0,1285884.917817178,665489.7621941009,55.0,221.0,147.0,10.0,55.0,0.0,0.0,0.0,79.6532670792434,117.968740770891,0.0,78456.82312686785,0.5271317829457365,1160186.8107010133,431900.3243836253,3818650.7070099786,251238.1993876404,1.0,2018-02-28 11:36:00
2018-02-28 11:36:00,636,1,645.0,12628682.87131783,5.448062015503876,3.98139534883721,295544.0,609080.0,1051852.270616424,1243427.0893081394,96839019.0,0.0,1285884.917817178,665489.7621941009,55.0,221.0,147.0,10.0,55.0,0.0,0.0,0.0,79.6532670792434,117.968740770891,0.0,78456.82312686785,0.5271317829457365,1160186.8107010133,431900.3243836253,3818650.7070099786,251238.1993876404,1355.0,18029631.938745387,5.011070110701107,4.634686346863469,470474.0,2122039.0,1056304.5313384363,1968386.496879775,60300000.0,0.0,1629749.681911024,1316139.1750455175,82.0,249.0,358.0,14.0,82.0,0.0,0.0,0.0,97.55826627322864,133.72908411009027,0.0,0.0,0.67380073800738,189904.1685240168,139159.05533618623,7138576.69118666,124035.02662362564,1.0,2018-02-28 11:37:00
2018-02-28 11:37:00,637,1,1355.0,18029631.938745387,5.011070110701107,4.634686346863469,470474.0,2122039.0,1056304.5313384363,1968386.496879775,60300000.0,0.0,1629749.681911024,1316139.1750455175,82.0,249.0,358.0,14.0,82.0,0.0,0.0,0.0,97.55826627322864,133.72908411009027,0.0,0.0,0.67380073800738,189904.1685240168,139159.05533618623,7138576.69118666,124035.02662362564,1547.0,16578860.666451195,5.393665158371041,4.950226244343892,650824.0,2644347.0,1132117.2941331747,1405877.9702310858,90000000.0,0.0,1559806.3036200358,961126.5425387828,78.0,299.0,418.0,15.0,78.0,0.0,0.0,0.0,93.89577788339076,132.48645219861518,0.0,332375.130450243,0.665158371040724,361458.006228131,265184.5223235003,5276462.780534253,473119.4929308016,1.0,2018-02-28 11:38:00
2018-02-28 11:38:00,638,1,1547.0,16578860.666451195,5.393665158371041,4.950226244343892,650824.0,2644347.0,1132117.2941331747,1405877.9702310858,90000000.0,0.0,1559806.3036200358,961126.5425387828,78.0,299.0,418.0,15.0,78.0,0.0,0.0,0.0,93.89577788339076,132.48645219861518,0.0,332375.130450243,0.665158371040724,361458.006228131,265184.5223235003,5276462.780534253,473119.4929308016,1804.0,11076889.47339246,4.514966740576496,4.430155210643015,634386.0,2910154.0,681771.9168364443,1246957.1745440152,59937736.0,0.0,1097299.938314082,966122.7412118112,79.0,438.0,482.0,28.0,79.0,0.0,0.0,0.0,99.84787468993451,138.38769012873846,0.0,0.0,0.684589800443459,180935.83983884065,108941.6550774076,3519529.1747709224,693079.7633783886,1.0,2018-02-28 11:39:00
2018-02-28 11:39:00,639,1,1804.0,11076889.47339246,4.514966740576496,4.430155210643015,634386.0,2910154.0,681771.9168364443,1246957.1745440152,59937736.0,0.0,1097299.938314082,966122.7412118112,79.0,438.0,482.0,28.0,79.0,0.0,0.0,0.0,99.84787468993451,138.38769012873846,0.0,0.0,0.684589800443459,180935.83983884065,108941.6550774076,3519529.1747709224,693079.7633783886,1156.0,15496577.44982699,6.286332179930795,6.46280276816609,440657.0,5303391.0,1356468.975571972,1198842.8483548644,59279708.0,0.0,1729678.199643931,700500.6145427297,168.0,460.0,250.0,26.0,168.0,0.0,0.0,0.0,95.18006829963642,123.87444643394724,0.0,0.0,0.5536332179930796,235996.8961162856,209486.27065362703,4127798.108052321,287579.799828134,1.0,2018-02-28 11:40:00
2018-02-28 11:40:00,640,1,1156.0,15496577.44982699,6.286332179930795,6.46280276816609,440657.0,5303391.0,1356468.975571972,1198842.8483548644,59279708.0,0.0,1729678.199643931,700500.6145427297,168.0,460.0,250.0,26.0,168.0,0.0,0.0,0.0,95.18006829963642,123.87444643394724,0.0,0.0,0.5536332179930796,235996.8961162856,209486.27065362703,4127798.108052321,287579.799828134,2060.0,12438986.085436894,5.053398058252427,5.575728155339806,609691.0,7740004.0,778494.6114045571,1215534.93333022,97210571.0,0.0,1163505.9693634363,920153.0731932328,113.0,372.0,502.0,16.0,113.0,0.0,0.0,0.0,88.33364623333655,110.9092762912053,0.0,0.0,0.6966019417475728,193413.5647728017,47702.69317417895,4241514.87215235,124762.65516550605,1.0,2018-02-28 11:41:00
2018-02-28 11:41:00,641,1,2060.0,12438986.085436894,5.053398058252427,5.575728155339806,609691.0,7740004.0,778494.6114045571,1215534.93333022,97210571.0,0.0,1163505.9693634363,920153.0731932328,113.0,372.0,502.0,16.0,113.0,0.0,0.0,0.0,88.33364623333655,110.9092762912053,0.0,0.0,0.6966019417475728,193413.5647728017,47702.69317417895,4241514.87215235,124762.65516550605,1248.0,10694815.551282052,4.596955128205129,4.118589743589744,413714.0,2014386.0,623996.3369846304,1066895.9219421952,59724162.0,0.0,909100.1229214728,648156.7077592748,31.0,278.0,309.0,11.0,31.0,0.0,0.0,0.0,100.7637437204129,135.66685449456853,28265.36362496589,140555.8825817931,0.686698717948718,343027.5688204562,107107.10714416856,4090471.683880881,160846.62047132285,1.0,2018-02-28 11:42:00
2018-02-28 11:42:00,642,1,1248.0,10694815.551282052,4.596955128205129,4.118589743589744,413714.0,2014386.0,623996.3369846304,1066895.9219421952,59724162.0,0.0,909100.1229214728,648156.7077592748,31.0,278.0,309.0,11.0,31.0,0.0,0.0,0.0,100.7637437204129,135.66685449456853,28265.36362496589,140555.8825817931,0.686698717948718,343027.5688204562,107107.10714416856,4090471.683880881,160846.62047132285,927.0,16938787.566343043,6.165048543689321,6.699029126213592,600532.0,4463687.0,1880155.4785822155,1516248.590189579,59936374.0,0.0,2295890.1476659053,1185407.1155012627,57.0,240.0,244.0,12.0,57.0,0.0,0.0,0.0,107.78162146346462,136.9895847723862,0.0,312699.48588072427,0.6192017259978425,382556.4315669348,21621.29489275445,5485891.960399562,60192.05269533788,1.0,2018-02-28 11:43:00
2018-02-28 11:43:00,643,1,927.0,16938787.566343043,6.165048543689321,6.699029126213592,600532.0,4463687.0,1880155.4785822155,1516248.590189579,59936374.0,0.0,2295890.1476659053,1185407.1155012627,57.0,240.0,244.0,12.0,57.0,0.0,0.0,0.0,107.78162146346462,136.9895847723862,0.0,312699.48588072427,0.6192017259978425,382556.4315669348,21621.29489275445,5485891.960399562,60192.05269533788,1854.0,13925457.59492988,5.28101402373247,4.992448759439051,640448.0,4279214.0,753136.7750740066,1199502.5612038455,59000000.0,0.0,1127170.9974097947,866726.263881259,144.0,442.0,523.0,13.0,144.0,0.0,0.0,0.0,100.15618983586003,140.93006974046094,0.0,0.0,0.6208198489751888,140190.3163234545,110178.05791782802,4145705.673553015,206635.0961390607,1.0,2018-02-28 11:44:00
2018-02-28 11:44:00,644,1,1854.0,13925457.59492988,5.28101402373247,4.992448759439051,640448.0,4279214.0,753136.7750740066,1199502.5612038455,59000000.0,0.0,1127170.9974097947,866726.263881259,144.0,442.0,523.0,13.0,144.0,0.0,0.0,0.0,100.15618983586003,140.93006974046094,0.0,0.0,0.6208198489751888,140190.3163234545,110178.05791782802,4145705.673553015,206635.0961390607,1166.0,14257164.086620929,4.973413379073756,4.243567753001715,425516.0,1543159.0,827097.710547928,1350725.6443909784,59936884.0,0.0,1242416.536905791,1137266.0991389684,94.0,337.0,301.0,8.0,94.0,0.0,0.0,0.0,88.95850380261732,128.88654611701165,0.0,0.0,0.6200686106346484,215211.44172907068,192702.9507996253,4507637.208458412,370536.0983004948,1.0,2018-02-28 11:45:00
2018-02-28 11:45:00,645,1,1166.0,14257164.086620929,4.973413379073756,4.243567753001715,425516.0,1543159.0,827097.710547928,1350725.6443909784,59936884.0,0.0,1242416.536905791,1137266.0991389684,94.0,337.0,301.0,8.0,94.0,0.0,0.0,0.0,88.95850380261732,128.88654611701165,0.0,0.0,0.6200686106346484,215211.44172907068,192702.9507996253,4507637.208458412,370536.0983004948,906.0,8328537.996688741,3.642384105960265,2.6114790286975715,225716.0,553412.0,1378511.5942243212,888926.0105389769,59100000.0,0.0,1583942.218270134,595394.078860278,54.0,303.0,160.0,1.0,54.0,0.0,0.0,0.0,67.8524262887011,89.74560555424779,0.0,168951.72373394194,0.6048565121412803,150629.2556363067,112265.56032321404,3236754.800947584,170752.8155100829,1.0,2018-02-28 11:46:00
2018-02-28 11:46:00,646,1,906.0,8328537.996688741,3.642384105960265,2.6114790286975715,225716.0,553412.0,1378511.5942243212,888926.0105389769,59100000.0,0.0,1583942.218270134,595394.078860278,54.0,303.0,160.0,1.0,54.0,0.0,0.0,0.0,67.8524262887011,89.74560555424779,0.0,168951.72373394194,0.6048565121412803,150629.2556363067,112265.56032321404,3236754.800947584,170752.8155100829,1022.0,10623675.3962818,3.977495107632094,3.163405088062622,271741.0,1137603.0,751231.9176924811,1251608.7651310433,59936358.0,0.0,1119409.9647721068,1047397.0865712494,92.0,320.0,192.0,4.0,92.0,0.0,0.0,0.0,76.11400967253289,99.8650224549951,0.0,0.0,0.5909980430528375,273930.5644702571,105563.07103495138,4055051.25482684,213240.14266062903,1.0,2018-02-28 11:47:00
2018-02-28 11:47:00,647,1,1022.0,10623675.3962818,3.977495107632094,3.163405088062622,271741.0,1137603.0,751231.9176924811,1251608.7651310433,59936358.0,0.0,1119409.9647721068,1047397.0865712494,92.0,320.0,192.0,4.0,92.0,0.0,0.0,0.0,76.11400967253289,99.8650224549951,0.0,0.0,0.5909980430528375,273930.5644702571,105563.07103495138,4055051.25482684,213240.14266062903,421.0,11748135.465558195,5.285035629453682,3.75771971496437,161240.0,474405.0,1616697.7245412853,1020354.4429675924,58866660.0,0.0,1810551.5829016275,810901.579797609,45.0,168.0,100.0,6.0,45.0,0.0,0.0,0.0,84.75419114940355,125.1840914188,0.0,0.0,0.4655581947743468,739443.5488966693,91757.06131587276,4312869.838294722,234755.1341536623,1.0,2018-02-28 11:48:00
2018-02-28 11:48:00,648,1,421.0,11748135.465558195,5.285035629453682,3.75771971496437,161240.0,474405.0,1616697.7245412853,1020354.4429675924,58866660.0,0.0,1810551.5829016275,810901.579797609,45.0,168.0,100.0,6.0,45.0,0.0,0.0,0.0,84.75419114940355,125.1840914188,0.0,0.0,0.4655581947743468,739443.5488966693,91757.06131587276,4312869.838294722,234755.1341536623,1408.0,14448917.488636363,4.7336647727272725,4.729403409090909,475433.0,3349586.0,1071511.181548817,1280048.0144397644,59936423.0,0.0,1452899.4743600837,1002243.2706334968,76.0,252.0,326.0,5.0,76.0,0.0,0.0,0.0,92.50284096435526,118.26544499971946,0.0,0.0,0.6867897727272727,237590.239387086,82407.67554353735,4697428.675009369,153418.0604973831,1.0,2018-02-28 11:49:00
2018-02-28 11:49:00,649,1,1408.0,14448917.488636363,4.7336647727272725,4.729403409090909,475433.0,3349586.0,1071511.181548817,1280048.0144397644,59936423.0,0.0,1452899.4743600837,1002243.2706334968,76.0,252.0,326.0,5.0,76.0,0.0,0.0,0.0,92.50284096435526,118.26544499971946,0.0,0.0,0.6867897727272727,237590.239387086,82407.67554353735,4697428.675009369,153418.0604973831,838.0,14582654.386634843,5.190930787589499,4.898568019093079,302245.0,1831108.0,1323761.060911885,988535.3689454134,90000000.0,0.0,1656319.7369893235,790740.0866598705,59.0,245.0,179.0,8.0,59.0,0.0,0.0,0.0,89.09459567200179,119.43277828675978,0.0,302588.74134901934,0.5930787589498807,328759.09521534655,250727.81386854209,3790880.3398106415,170591.38120194944,1.0,2018-02-28 11:50:00
2018-02-28 11:50:00,650,1,838.0,14582654.386634843,5.190930787589499,4.898568019093079,302245.0,1831108.0,1323761.060911885,988535.3689454134,90000000.0,0.0,1656319.7369893235,790740.0866598705,59.0,245.0,179.0,8.0,59.0,0.0,0.0,0.0,89.09459567200179,119.43277828675978,0.0,302588.74134901934,0.5930787589498807,328759.09521534655,250727.81386854209,3790880.3398106415,170591.38120194944,1174.0,12300919.25298126,4.120954003407155,3.721465076660988,353081.0,1634695.0,1088956.093613617,1376416.645944311,59937787.0,0.0,1489827.8921383114,1010076.548576978,47.0,219.0,256.0,2.0,47.0,0.0,0.0,0.0,85.17754553312854,103.7329206522252,0.0,0.0,0.6890971039182283,213636.29236997344,158541.5514632414,5038873.382426415,307359.18195241655,1.0,2018-02-28 11:51:00
2018-02-28 11:51:00,651,1,1174.0,12300919.25298126,4.120954003407155,3.721465076660988,353081.0,1634695.0,1088956.093613617,1376416.645944311,59937787.0,0.0,1489827.8921383114,1010076.548576978,47.0,219.0,256.0,2.0,47.0,0.0,0.0,0.0,85.17754553312854,103.7329206522252,0.0,0.0,0.6890971039182283,213636.29236997344,158541.5514632414,5038873.382426415,307359.18195241655,1212.0,13818879.348184818,5.025577557755776,4.313531353135313,622391.0,2132982.0,1092659.1688952153,1131592.070214508,89804533.0,0.0,1421015.242937411,811556.3053750892,121.0,357.0,233.0,11.0,121.0,0.0,0.0,0.0,83.35049810442236,105.31622202711677,0.0,0.0,0.6039603960396039,409388.8712173656,182957.87561320065,4099016.669639232,364355.3011532164,1.0,2018-02-28 11:52:00
2018-02-28 11:52:00,652,1,1212.0,13818879.348184818,5.025577557755776,4.313531353135313,622391.0,2132982.0,1092659.1688952153,1131592.070214508,89804533.0,0.0,1421015.242937411,811556.3053750892,121.0,357.0,233.0,11.0,121.0,0.0,0.0,0.0,83.35049810442236,105.31622202711677,0.0,0.0,0.6039603960396039,409388.8712173656,182957.87561320065,4099016.669639232,364355.3011532164,895.0,13974082.231284916,5.211173184357542,4.96536312849162,354526.0,2198184.0,941993.7038019352,1580960.6387509436,87800000.0,0.0,1288710.4622543862,1417538.6418167665,79.0,257.0,183.0,14.0,79.0,0.0,0.0,0.0,86.82490392340101,117.4478417570848,0.0,0.0,0.5921787709497207,214490.01197445687,192598.7151703872,4797109.4682178525,200965.1310068248,1.0,2018-02-28 11:53:00
2018-02-28 11:53:00,653,1,895.0,13974082.231284916,5.211173184357542,4.96536312849162,354526.0,2198184.0,941993.7038019352,1580960.6387509436,87800000.0,0.0,1288710.4622543862,1417538.6418167665,79.0,257.0,183.0,14.0,79.0,0.0,0.0,0.0,86.82490392340101,117.4478417570848,0.0,0.0,0.5921787709497207,214490.01197445687,192598.7151703872,4797109.4682178525,200965.1310068248,781.0,17886186.962868117,5.571062740076824,4.256081946222792,302577.0,909114.0,2124885.9473618446,2186078.595836364,58920672.0,0.0,2657814.702970547,1589749.7693211564,81.0,257.0,164.0,2.0,81.0,0.0,0.0,0.0,84.51387487328643,119.1268470412594,0.0,462458.6739551058,0.5403329065300896,333485.571677031,95007.92282140456,7719693.325931491,211221.00295809467,1.0,2018-02-28 11:54:00
2018-02-28 11:54:00,654,1,781.0,17886186.962868117,5.571062740076824,4.256081946222792,302577.0,909114.0,2124885.9473618446,2186078.595836364,58920672.0,0.0,2657814.702970547,1589749.7693211564,81.0,257.0,164.0,2.0,81.0,0.0,0.0,0.0,84.51387487328643,119.1268470412594,0.0,462458.6739551058,0.5403329065300896,333485.571677031,95007.92282140456,7719693.325931491,211221.00295809467,828.0,16586658.123188406,6.707729468599034,6.741545893719807,957472.0,3688982.0,1209091.1833814264,1586738.4562642777,62445311.0,0.0,1707622.187968424,1459222.8082615584,86.0,276.0,200.0,11.0,86.0,0.0,2.0,0.0,93.2916269949227,129.26209796786472,0.0,0.0,0.5483091787439613,264430.85974279005,43167.050251314926,5326306.446750359,193489.1533996181,1.0,2018-02-28 11:55:00
2018-02-28 11:55:00,655,1,828.0,16586658.123188406,6.707729468599034,6.741545893719807,957472.0,3688982.0,1209091.1833814264,1586738.4562642777,62445311.0,0.0,1707622.187968424,1459222.8082615584,86.0,276.0,200.0,11.0,86.0,0.0,2.0,0.0,93.2916269949227,129.26209796786472,0.0,0.0,0.5483091787439613,264430.85974279005,43167.050251314926,5326306.446750359,193489.1533996181,742.0,13987455.241239892,5.412398921832884,4.6873315363881405,330023.0,1285647.0,911498.616480007,1490461.122768127,87938545.0,0.0,1206002.2852973242,1217031.012169169,69.0,221.0,189.0,1.0,69.0,0.0,10.0,0.0,89.08418537291159,127.37293396030068,0.0,0.0,0.5754716981132075,414779.0551886878,356322.4910891738,4746441.779889931,374587.244429634,1.0,2018-02-28 11:56:00
2018-02-28 11:56:00,656,1,742.0,13987455.241239892,5.412398921832884,4.6873315363881405,330023.0,1285647.0,911498.616480007,1490461.122768127,87938545.0,0.0,1206002.2852973242,1217031.012169169,69.0,221.0,189.0,1.0,69.0,0.0,10.0,0.0,89.08418537291159,127.37293396030068,0.0,0.0,0.5754716981132075,414779.0551886878,356322.4910891738,4746441.779889931,374587.244429634,1295.0,14786366.85173745,4.918146718146718,4.183783783783784,472563.0,2097245.0,1502553.7278845129,1620873.779602244,59939030.0,0.0,1828257.584292437,1286865.7441526644,108.0,387.0,348.0,14.0,108.0,0.0,24.0,0.0,79.93117221379568,115.7140107527794,0.0,0.0,0.5667953667953668,293362.94328290457,158317.13213188804,5969372.779774735,360574.4989533907,1.0,2018-02-28 11:57:00
2018-02-28 11:57:00,657,1,1295.0,14786366.85173745,4.918146718146718,4.183783783783784,472563.0,2097245.0,1502553.7278845129,1620873.779602244,59939030.0,0.0,1828257.584292437,1286865.7441526644,108.0,387.0,348.0,14.0,108.0,0.0,24.0,0.0,79.93117221379568,115.7140107527794,0.0,0.0,0.5667953667953668,293362.94328290457,158317.13213188804,5969372.779774735,360574.4989533907,1291.0,11489673.948102249,4.910921766072812,4.152594887683966,532784.0,1713375.0,836784.4451000367,1151948.2458459693,62261203.0,0.0,1059295.850829553,1049789.625495372,104.0,371.0,352.0,13.0,104.0,0.0,24.0,0.0,81.34510660633772,115.6374097761271,0.0,0.0,0.592563903950426,384690.1301500256,206653.58008214572,3543813.5939539806,427557.2672868139,1.0,2018-02-28 11:58:00
2018-02-28 11:58:00,658,1,1291.0,11489673.948102249,4.910921766072812,4.152594887683966,532784.0,1713375.0,836784.4451000367,1151948.2458459693,62261203.0,0.0,1059295.850829553,1049789.625495372,104.0,371.0,352.0,13.0,104.0,0.0,24.0,0.0,81.34510660633772,115.6374097761271,0.0,0.0,0.592563903950426,384690.1301500256,206653.58008214572,3543813.5939539806,427557.2672868139,4222.0,2150940.175746092,1.7534343912837518,1.5343439128375178,305867.0,928232.0,268444.0640446779,304746.320198428,59936626.0,0.0,266227.08328517014,295698.72178293706,97.0,355.0,290.0,8.0,97.0,0.0,33.0,0.0,19.29949668153143,26.60811727588446,0.0,0.0,0.9194694457603032,177939.2972929137,37953.00723502538,883141.1344306376,115912.41263327036,1.0,2018-02-28 11:59:00
2018-02-28 11:59:00,659,1,4222.0,2150940.175746092,1.7534343912837518,1.5343439128375178,305867.0,928232.0,268444.0640446779,304746.320198428,59936626.0,0.0,266227.08328517014,295698.72178293706,97.0,355.0,290.0,8.0,97.0,0.0,33.0,0.0,19.29949668153143,26.60811727588446,0.0,0.0,0.9194694457603032,177939.2972929137,37953.00723502538,883141.1344306376,115912.41263327036,1717.0,17045156.018054746,5.971461852067559,5.877111240535818,714081.0,5570575.0,1189904.353638442,1514144.0881005495,62474875.0,0.0,1571054.212615278,1132331.9555524315,147.0,451.0,443.0,23.0,147.0,0.0,24.0,0.0,90.6846635390043,122.46176038827876,0.0,0.0,0.6039603960396039,434103.0945133245,67393.96589963823,5364655.580480396,283347.9613186864,1.0,2018-02-28 12:00:00
2018-02-28 12:00:00,660,1,1717.0,17045156.018054746,5.971461852067559,5.877111240535818,714081.0,5570575.0,1189904.353638442,1514144.0881005495,62474875.0,0.0,1571054.212615278,1132331.9555524315,147.0,451.0,443.0,23.0,147.0,0.0,24.0,0.0,90.6846635390043,122.46176038827876,0.0,0.0,0.6039603960396039,434103.0945133245,67393.96589963823,5364655.580480396,283347.9613186864,1095.0,11361143.771689495,5.448401826484019,5.274885844748859,468028.0,3375208.0,912177.796031679,1330257.0060341323,59936831.0,0.0,1127198.328270764,1204184.9496025902,77.0,286.0,332.0,3.0,77.0,0.0,24.0,0.0,83.71039227922421,117.28383400182092,0.0,0.0,0.6255707762557078,434998.5408650762,73826.05526279919,4134977.862812216,294497.5204089986,1.0,2018-02-28 12:01:00
2018-02-28 12:01:00,661,1,1095.0,11361143.771689495,5.448401826484019,5.274885844748859,468028.0,3375208.0,912177.796031679,1330257.0060341323,59936831.0,0.0,1127198.328270764,1204184.9496025902,77.0,286.0,332.0,3.0,77.0,0.0,24.0,0.0,83.71039227922421,117.28383400182092,0.0,0.0,0.6255707762557078,434998.5408650762,73826.05526279919,4134977.862812216,294497.5204089986,1073.0,12255756.45386766,5.269338303821063,4.761416589002796,443474.0,1976467.0,901106.6249751212,1192893.4004647362,62017634.0,0.0,1287634.3074588978,1041372.8928079116,61.0,361.0,272.0,8.0,61.0,0.0,8.0,0.0,89.66584909215601,129.88614583019805,0.0,0.0,0.5573159366262814,318836.5410998559,98523.87665775992,3762817.038030324,351583.5395361039,1.0,2018-02-28 12:02:00
2018-02-28 12:02:00,662,1,1073.0,12255756.45386766,5.269338303821063,4.761416589002796,443474.0,1976467.0,901106.6249751212,1192893.4004647362,62017634.0,0.0,1287634.3074588978,1041372.8928079116,61.0,361.0,272.0,8.0,61.0,0.0,8.0,0.0,89.66584909215601,129.88614583019805,0.0,0.0,0.5573159366262814,318836.5410998559,98523.87665775992,3762817.038030324,351583.5395361039,919.0,8042330.501632209,3.989118607181719,2.5527747551686617,261313.0,525034.0,1616357.0538983531,1132190.2857933035,65500197.0,0.0,1653016.946810918,1019135.4705174584,137.0,382.0,195.0,13.0,137.0,0.0,24.0,0.0,61.70069923522905,89.57680962358661,0.0,0.0,0.5038084874863983,417997.48826522665,206740.74708649184,3512247.64064318,316875.0284513407,1.0,2018-02-28 12:03:00
2018-02-28 12:03:00,663,1,919.0,8042330.501632209,3.989118607181719,2.5527747551686617,261313.0,525034.0,1616357.0538983531,1132190.2857933035,65500197.0,0.0,1653016.946810918,1019135.4705174584,137.0,382.0,195.0,13.0,137.0,0.0,24.0,0.0,61.70069923522905,89.57680962358661,0.0,0.0,0.5038084874863983,417997.48826522665,206740.74708649184,3512247.64064318,316875.0284513407,1310.0,12391264.495419849,5.023664122137404,4.413740458015267,521236.0,2121655.0,1101657.940902883,1466443.6810514997,62482248.0,0.0,1408677.9353747363,1169702.598760181,127.0,355.0,388.0,4.0,127.0,0.0,24.0,0.0,88.95895049037397,125.99982440101412,0.0,0.0,0.5488549618320611,340513.6640342773,21625.05474742203,4477476.919213995,378156.3068500364,1.0,2018-02-28 12:04:00
2018-02-28 12:04:00,664,1,1310.0,12391264.495419849,5.023664122137404,4.413740458015267,521236.0,2121655.0,1101657.940902883,1466443.6810514997,62482248.0,0.0,1408677.9353747363,1169702.598760181,127.0,355.0,388.0,4.0,127.0,0.0,24.0,0.0,88.95895049037397,125.99982440101412,0.0,0.0,0.5488549618320611,340513.6640342773,21625.05474742203,4477476.919213995,378156.3068500364,564.0,9312021.040780142,4.75,3.4574468085106385,244896.0,481532.0,1568416.3971729537,1323428.0458763908,59937211.0,0.0,1717215.990240162,1395871.878836451,48.0,188.0,174.0,4.0,48.0,0.0,0.0,0.0,83.81156113624876,133.90919562578637,0.0,0.0,0.4716312056737589,508016.4260207791,94327.64251213368,3848221.391084354,204276.67146655475,0.0,2018-02-28 12:05:00
2018-02-28 12:05:00,665,0,564.0,9312021.040780142,4.75,3.4574468085106385,244896.0,481532.0,1568416.3971729537,1323428.0458763908,59937211.0,0.0,1717215.990240162,1395871.878836451,48.0,188.0,174.0,4.0,48.0,0.0,0.0,0.0,83.81156113624876,133.90919562578637,0.0,0.0,0.4716312056737589,508016.4260207791,94327.64251213368,3848221.391084354,204276.67146655475,628.0,13369286.337579615,6.11624203821656,5.909235668789809,381312.0,1637500.0,2070560.0756339168,1270853.7932220718,58633044.0,0.0,2413830.2032635165,1001404.9009127507,31.0,210.0,225.0,0.0,31.0,0.0,0.0,0.0,102.493075443129,148.94189129375604,0.0,0.0,0.4617834394904458,308353.43935210496,247094.23933235576,4345329.278739626,461602.2260526312,0.0,2018-02-28 12:06:00
2018-02-28 12:06:00,666,0,628.0,13369286.337579615,6.11624203821656,5.909235668789809,381312.0,1637500.0,2070560.0756339168,1270853.7932220718,58633044.0,0.0,2413830.2032635165,1001404.9009127507,31.0,210.0,225.0,0.0,31.0,0.0,0.0,0.0,102.493075443129,148.94189129375604,0.0,0.0,0.4617834394904458,308353.43935210496,247094.23933235576,4345329.278739626,461602.2260526312,524.0,8044515.908396946,4.883587786259542,3.116412213740458,224267.0,395824.0,1615879.4348655967,1061926.1550353232,59936870.0,0.0,1831887.5901241149,1058329.9004449802,62.0,213.0,164.0,5.0,62.0,0.0,0.0,0.0,79.31693870038988,124.12200587028188,0.0,132862.1277848028,0.3263358778625954,654231.2098009815,132320.91361413727,3402168.409677886,159352.92183868625,0.0,2018-02-28 12:07:00
2018-02-28 12:07:00,667,0,524.0,8044515.908396946,4.883587786259542,3.116412213740458,224267.0,395824.0,1615879.4348655967,1061926.1550353232,59936870.0,0.0,1831887.5901241149,1058329.9004449802,62.0,213.0,164.0,5.0,62.0,0.0,0.0,0.0,79.31693870038988,124.12200587028188,0.0,132862.1277848028,0.3263358778625954,654231.2098009815,132320.91361413727,3402168.409677886,159352.92183868625,577.0,11288701.719237436,5.369150779896014,3.8076256499133447,274507.0,460123.0,2276481.5387599864,1471280.5421609285,58645744.0,0.0,2522479.3413232844,1204010.3767143493,57.0,185.0,165.0,0.0,57.0,0.0,24.0,0.0,81.6481898354513,125.33108815637436,26560.99551921506,209620.57426176008,0.3535528596187175,660696.6340747795,213522.76071166203,4473516.757437898,501134.0001023116,0.0,2018-02-28 12:08:00
2018-02-28 12:08:00,668,0,577.0,11288701.719237436,5.369150779896014,3.8076256499133447,274507.0,460123.0,2276481.5387599864,1471280.5421609285,58645744.0,0.0,2522479.3413232844,1204010.3767143493,57.0,185.0,165.0,0.0,57.0,0.0,24.0,0.0,81.6481898354513,125.33108815637436,26560.99551921506,209620.57426176008,0.3535528596187175,660696.6340747795,213522.76071166203,4473516.757437898,501134.0001023116,640.0,15475882.2265625,6.53125,6.084375,337392.0,1843148.0,1470552.5406616875,1520419.558979035,65042162.0,0.0,1987005.9253538544,1527779.3147380562,31.0,125.0,220.0,0.0,31.0,0.0,0.0,0.0,115.1896260225911,171.4529726353953,0.0,99896.53731312088,0.553125,364957.5041369204,401105.7615155815,5651414.250299404,277820.0569704367,0.0,2018-02-28 12:09:00
2018-02-28 12:09:00,669,0,640.0,15475882.2265625,6.53125,6.084375,337392.0,1843148.0,1470552.5406616875,1520419.558979035,65042162.0,0.0,1987005.9253538544,1527779.3147380562,31.0,125.0,220.0,0.0,31.0,0.0,0.0,0.0,115.1896260225911,171.4529726353953,0.0,99896.53731312088,0.553125,364957.5041369204,401105.7615155815,5651414.250299404,277820.0569704367,1084.0,15172930.729704795,5.737084870848708,5.266605166051661,509939.0,2260040.0,816361.610836635,1277638.6358391966,59626950.0,0.0,1205943.6028800248,970055.979416898,43.0,208.0,355.0,4.0,43.0,0.0,0.0,0.0,104.1921075376071,149.7611110949159,0.0,0.0,0.5894833948339483,235361.31701288707,191235.7720863073,4331717.380365165,243356.6178621308,0.0,2018-02-28 12:10:00
2018-02-28 12:10:00,670,0,1084.0,15172930.729704795,5.737084870848708,5.266605166051661,509939.0,2260040.0,816361.610836635,1277638.6358391966,59626950.0,0.0,1205943.6028800248,970055.979416898,43.0,208.0,355.0,4.0,43.0,0.0,0.0,0.0,104.1921075376071,149.7611110949159,0.0,0.0,0.5894833948339483,235361.31701288707,191235.7720863073,4331717.380365165,243356.6178621308,880.0,13115748.393181818,6.188636363636364,6.5125,393387.0,4223895.0,1774358.4546124237,1109295.3828319225,59936488.0,0.0,2073598.8375999893,968877.070576931,30.0,224.0,287.0,4.0,30.0,0.0,0.0,0.0,99.74798581874204,151.9478760834867,0.0,0.0,0.4943181818181818,213473.1981193435,197466.7818882217,4597166.430173002,169452.6718904778,0.0,2018-02-28 12:11:00
2018-02-28 12:11:00,671,0,880.0,13115748.393181818,6.188636363636364,6.5125,393387.0,4223895.0,1774358.4546124237,1109295.3828319225,59936488.0,0.0,2073598.8375999893,968877.070576931,30.0,224.0,287.0,4.0,30.0,0.0,0.0,0.0,99.74798581874204,151.9478760834867,0.0,0.0,0.4943181818181818,213473.1981193435,197466.7818882217,4597166.430173002,169452.6718904778,742.0,6997002.845013477,5.632075471698113,5.513477088948787,312696.0,2722279.0,748264.3464355523,951581.4038637074,59665742.0,0.0,834639.2127877265,520346.9335984656,51.0,295.0,182.0,6.0,51.0,0.0,0.0,0.0,89.8679415977403,137.0864922652655,0.0,0.0,0.4541778975741239,350941.3845875922,82174.3791084698,2802334.125691941,104474.112898949,0.0,2018-02-28 12:12:00
2018-02-28 12:12:00,672,0,742.0,6997002.845013477,5.632075471698113,5.513477088948787,312696.0,2722279.0,748264.3464355523,951581.4038637074,59665742.0,0.0,834639.2127877265,520346.9335984656,51.0,295.0,182.0,6.0,51.0,0.0,0.0,0.0,89.8679415977403,137.0864922652655,0.0,0.0,0.4541778975741239,350941.3845875922,82174.3791084698,2802334.125691941,104474.112898949,666.0,6354517.75075075,4.771771771771772,3.5705705705705704,302954.0,663345.0,874794.152512434,723475.7255921565,59943599.0,0.0,1061182.407044014,814608.833710468,76.0,291.0,180.0,8.0,76.0,0.0,0.0,0.0,93.4565288896422,142.1111303025494,0.0,0.0,0.3918918918918919,118845.15912276407,109420.96867372152,2313206.5656355903,149566.5520555907,0.0,2018-02-28 12:13:00
2018-02-28 12:13:00,673,0,666.0,6354517.75075075,4.771771771771772,3.5705705705705704,302954.0,663345.0,874794.152512434,723475.7255921565,59943599.0,0.0,1061182.407044014,814608.833710468,76.0,291.0,180.0,8.0,76.0,0.0,0.0,0.0,93.4565288896422,142.1111303025494,0.0,0.0,0.3918918918918919,118845.15912276407,109420.96867372152,2313206.5656355903,149566.5520555907,786.0,15744561.058524173,5.731552162849873,4.7226463104325695,317056.0,1442606.0,1855960.909328787,1502966.535145499,59905788.0,0.0,2228552.1392579987,1014632.8360492948,34.0,152.0,249.0,0.0,34.0,0.0,0.0,0.0,99.95077352829618,146.8775040296533,0.0,0.0,0.5089058524173028,612785.5405705182,110209.9651993147,6013985.706228677,1162148.98306064,0.0,2018-02-28 12:14:00
2018-02-28 12:14:00,674,0,786.0,15744561.058524173,5.731552162849873,4.7226463104325695,317056.0,1442606.0,1855960.909328787,1502966.535145499,59905788.0,0.0,2228552.1392579987,1014632.8360492948,34.0,152.0,249.0,0.0,34.0,0.0,0.0,0.0,99.95077352829618,146.8775040296533,0.0,0.0,0.5089058524173028,612785.5405705182,110209.9651993147,6013985.706228677,1162148.98306064,951.0,14154868.427970557,5.398527865404837,4.839116719242902,455532.0,1649569.0,938758.427332156,1375963.0866758388,59936663.0,0.0,1273818.0260389168,1072516.5442100628,44.0,185.0,289.0,6.0,44.0,0.0,0.0,0.0,105.34993374209832,150.47682865254112,0.0,0.0,0.5920084121976866,175767.27485905364,144937.3208060664,4835412.790460981,151593.21353271708,0.0,2018-02-28 12:15:00
2018-02-28 12:15:00,675,0,951.0,14154868.427970557,5.398527865404837,4.839116719242902,455532.0,1649569.0,938758.427332156,1375963.0866758388,59936663.0,0.0,1273818.0260389168,1072516.5442100628,44.0,185.0,289.0,6.0,44.0,0.0,0.0,0.0,105.34993374209832,150.47682865254112,0.0,0.0,0.5920084121976866,175767.27485905364,144937.3208060664,4835412.790460981,151593.21353271708,498.0,8750124.289156627,6.5120481927710845,4.71285140562249,260248.0,651211.0,1211405.3102923485,732741.7652735395,59700000.0,0.0,1325380.2443193148,628744.5434575106,7.0,129.0,181.0,0.0,7.0,0.0,0.0,0.0,101.01655381814638,156.80529575563415,17419.94381364676,36309.28562219431,0.4799196787148594,772378.0947577461,439587.29805755895,2905516.3061792627,58244.872024918135,0.0,2018-02-28 12:16:00
2018-02-28 12:16:00,676,0,498.0,8750124.289156627,6.5120481927710845,4.71285140562249,260248.0,651211.0,1211405.3102923485,732741.7652735395,59700000.0,0.0,1325380.2443193148,628744.5434575106,7.0,129.0,181.0,0.0,7.0,0.0,0.0,0.0,101.01655381814638,156.80529575563415,17419.94381364676,36309.28562219431,0.4799196787148594,772378.0947577461,439587.29805755895,2905516.3061792627,58244.872024918135,833.0,10966873.924369749,4.427370948379352,3.6638655462184873,352280.0,1017166.0,1541371.9468569278,1121997.7751577916,59936637.0,0.0,1792611.986788791,946113.9269385452,60.0,254.0,184.0,2.0,60.0,0.0,0.0,0.0,85.76500643362904,118.13952245081656,0.0,0.0,0.5558223289315727,272539.9551675063,22719.54596127617,4437714.847194587,192474.2753464897,0.0,2018-02-28 12:17:00
2018-02-28 12:17:00,677,0,833.0,10966873.924369749,4.427370948379352,3.6638655462184873,352280.0,1017166.0,1541371.9468569278,1121997.7751577916,59936637.0,0.0,1792611.986788791,946113.9269385452,60.0,254.0,184.0,2.0,60.0,0.0,0.0,0.0,85.76500643362904,118.13952245081656,0.0,0.0,0.5558223289315727,272539.9551675063,22719.54596127617,4437714.847194587,192474.2753464897,926.0,11238885.980561554,5.773218142548596,6.206263498920086,381478.0,4169254.0,736472.674330277,809350.2959630055,59642658.0,0.0,989009.8731321556,602170.6715079758,30.0,178.0,246.0,6.0,30.0,0.0,0.0,0.0,105.32285662351296,127.70065211244146,0.0,0.0,0.6447084233261339,367072.7315725287,140658.03053932925,2678581.108067058,154338.56291918753,0.0,2018-02-28 12:18:00
2018-02-28 12:18:00,678,0,926.0,11238885.980561554,5.773218142548596,6.206263498920086,381478.0,4169254.0,736472.674330277,809350.2959630055,59642658.0,0.0,989009.8731321556,602170.6715079758,30.0,178.0,246.0,6.0,30.0,0.0,0.0,0.0,105.32285662351296,127.70065211244146,0.0,0.0,0.6447084233261339,367072.7315725287,140658.03053932925,2678581.108067058,154338.56291918753,700.0,15461285.551428571,5.637142857142857,4.784285714285715,303041.0,1171732.0,1567291.8535354512,1599429.166907179,59937681.0,0.0,1964481.117229542,1211310.5948668076,33.0,156.0,215.0,2.0,33.0,0.0,0.0,0.0,95.794509855846,140.8809913150477,0.0,0.0,0.5357142857142857,282778.16314373416,298280.7695900388,6044749.612350822,102579.29140639846,0.0,2018-02-28 12:19:00
2018-02-28 12:19:00,679,0,700.0,15461285.551428571,5.637142857142857,4.784285714285715,303041.0,1171732.0,1567291.8535354512,1599429.166907179,59937681.0,0.0,1964481.117229542,1211310.5948668076,33.0,156.0,215.0,2.0,33.0,0.0,0.0,0.0,95.794509855846,140.8809913150477,0.0,0.0,0.5357142857142857,282778.16314373416,298280.7695900388,6044749.612350822,102579.29140639846,516.0,7889530.757751938,5.042635658914729,3.691860465116279,250936.0,513378.0,1541938.1084465778,648511.1179532288,56400000.0,0.0,1651799.8735376562,520046.0078792755,30.0,225.0,145.0,4.0,30.0,0.0,0.0,0.0,91.01778018412983,142.19916243351685,0.0,0.0,0.4205426356589147,437395.61353065714,139279.32018891798,2891492.853506871,262103.49325922903,0.0,2018-02-28 12:20:00
2018-02-28 12:20:00,680,0,516.0,7889530.757751938,5.042635658914729,3.691860465116279,250936.0,513378.0,1541938.1084465778,648511.1179532288,56400000.0,0.0,1651799.8735376562,520046.0078792755,30.0,225.0,145.0,4.0,30.0,0.0,0.0,0.0,91.01778018412983,142.19916243351685,0.0,0.0,0.4205426356589147,437395.61353065714,139279.32018891798,2891492.853506871,262103.49325922903,731.0,9443756.339261286,4.928864569083447,3.94391244870041,297685.0,1007993.0,910229.8174963532,1027842.7058546464,59936637.0,0.0,1165488.6927985009,986110.7514819324,37.0,184.0,196.0,3.0,37.0,0.0,0.0,0.0,95.98833999609822,127.76511070012668,0.0,373976.17284654576,0.5266757865937073,280631.00564970047,275489.3669328818,3396333.397633178,182566.2176930912,0.0,2018-02-28 12:21:00
2018-02-28 12:21:00,681,0,731.0,9443756.339261286,4.928864569083447,3.94391244870041,297685.0,1007993.0,910229.8174963532,1027842.7058546464,59936637.0,0.0,1165488.6927985009,986110.7514819324,37.0,184.0,196.0,3.0,37.0,0.0,0.0,0.0,95.98833999609822,127.76511070012668,0.0,373976.17284654576,0.5266757865937073,280631.00564970047,275489.3669328818,3396333.397633178,182566.2176930912,591.0,10140705.639593909,4.95093062605753,3.742808798646362,247193.0,568455.0,1393342.2201686816,1015041.186856178,59022381.0,0.0,1607147.6656822355,643084.2051861786,49.0,179.0,151.0,6.0,49.0,0.0,0.0,0.0,90.6862379274577,128.59947219110947,0.0,0.0,0.455160744500846,312684.990032836,265332.82202274847,4042136.9369891807,429837.997859997,0.0,2018-02-28 12:22:00
2018-02-28 12:22:00,682,0,591.0,10140705.639593909,4.95093062605753,3.742808798646362,247193.0,568455.0,1393342.2201686816,1015041.186856178,59022381.0,0.0,1607147.6656822355,643084.2051861786,49.0,179.0,151.0,6.0,49.0,0.0,0.0,0.0,90.6862379274577,128.59947219110947,0.0,0.0,0.455160744500846,312684.990032836,265332.82202274847,4042136.9369891807,429837.997859997,474.0,9861361.64978903,5.139240506329114,3.940928270042194,248350.0,533174.0,1768420.648096756,1198532.6860517005,59936919.0,0.0,2020827.1285657925,1169669.5142217884,13.0,140.0,155.0,0.0,13.0,0.0,0.0,0.0,103.67074716622952,161.67266203350738,9103.358597598668,36122.31910323384,0.4535864978902953,393470.3211354431,161867.9299225854,4313853.537364531,168920.4219596765,0.0,2018-02-28 12:23:00
2018-02-28 12:23:00,683,0,474.0,9861361.64978903,5.139240506329114,3.940928270042194,248350.0,533174.0,1768420.648096756,1198532.6860517005,59936919.0,0.0,2020827.1285657925,1169669.5142217884,13.0,140.0,155.0,0.0,13.0,0.0,0.0,0.0,103.67074716622952,161.67266203350738,9103.358597598668,36122.31910323384,0.4535864978902953,393470.3211354431,161867.9299225854,4313853.537364531,168920.4219596765,595.0,9347069.833613446,5.0890756302521005,4.132773109243698,294949.0,726298.0,1124444.2100649388,1168405.065718201,58836462.0,0.0,1361072.6022884897,798252.3320549494,52.0,185.0,189.0,1.0,52.0,0.0,0.0,0.0,102.82127944121294,158.17221628813917,0.0,0.0,0.4571428571428571,418751.4908508114,9418.04044465703,3488103.101500688,136049.0765112234,0.0,2018-02-28 12:24:00
2018-02-28 12:24:00,684,0,595.0,9347069.833613446,5.0890756302521005,4.132773109243698,294949.0,726298.0,1124444.2100649388,1168405.065718201,58836462.0,0.0,1361072.6022884897,798252.3320549494,52.0,185.0,189.0,1.0,52.0,0.0,0.0,0.0,102.82127944121294,158.17221628813917,0.0,0.0,0.4571428571428571,418751.4908508114,9418.04044465703,3488103.101500688,136049.0765112234,469.0,10918785.424307035,5.771855010660981,4.031982942430703,251022.0,477508.0,2255486.571127848,1120653.4060454566,59936802.0,0.0,2505618.151098413,1237970.3060530196,23.0,140.0,144.0,0.0,23.0,0.0,0.0,0.0,98.21950588841706,158.406177889523,0.0,412783.8166116647,0.3283582089552239,790823.0479679873,91544.75298810442,4518316.984134522,188045.7258290107,0.0,2018-02-28 12:25:00
2018-02-28 12:25:00,685,0,469.0,10918785.424307035,5.771855010660981,4.031982942430703,251022.0,477508.0,2255486.571127848,1120653.4060454566,59936802.0,0.0,2505618.151098413,1237970.3060530196,23.0,140.0,144.0,0.0,23.0,0.0,0.0,0.0,98.21950588841706,158.406177889523,0.0,412783.8166116647,0.3283582089552239,790823.0479679873,91544.75298810442,4518316.984134522,188045.7258290107,507.0,8368711.177514793,6.420118343195266,4.804733727810651,289501.0,533267.0,1407027.6138461,1018871.3011869636,59801282.0,0.0,1574349.5252882438,528445.4863118753,23.0,121.0,181.0,0.0,23.0,0.0,0.0,0.0,102.57948581387514,162.26615817890277,0.0,0.0,0.3747534516765286,544351.1552848746,170767.66586688714,3304197.53342811,262416.2021584589,0.0,2018-02-28 12:26:00
2018-02-28 12:26:00,686,0,507.0,8368711.177514793,6.420118343195266,4.804733727810651,289501.0,533267.0,1407027.6138461,1018871.3011869636,59801282.0,0.0,1574349.5252882438,528445.4863118753,23.0,121.0,181.0,0.0,23.0,0.0,0.0,0.0,102.57948581387514,162.26615817890277,0.0,0.0,0.3747534516765286,544351.1552848746,170767.66586688714,3304197.53342811,262416.2021584589,2003.0,15101790.382925613,5.0519221168247626,4.7608587119321015,745175.0,3694191.0,626699.8837840513,1360419.6946135992,59937002.0,0.0,1111153.979744247,1119867.1413117098,91.0,270.0,586.0,12.0,91.0,0.0,0.0,0.0,102.17657226923065,142.14961817325596,0.0,0.0,0.6964553170244633,161813.85350296996,160972.87055207408,4745072.808445665,120674.6362656858,0.0,2018-02-28 12:27:00
2018-02-28 12:27:00,687,0,2003.0,15101790.382925613,5.0519221168247626,4.7608587119321015,745175.0,3694191.0,626699.8837840513,1360419.6946135992,59937002.0,0.0,1111153.979744247,1119867.1413117098,91.0,270.0,586.0,12.0,91.0,0.0,0.0,0.0,102.17657226923065,142.14961817325596,0.0,0.0,0.6964553170244633,161813.85350296996,160972.87055207408,4745072.808445665,120674.6362656858,2107.0,10717929.38538206,4.43094447081158,3.953488372093023,686637.0,2940125.0,957540.9783005724,955470.8622588706,78600000.0,0.0,1202428.4131409568,647914.7970115695,78.0,397.0,582.0,16.0,78.0,0.0,0.0,0.0,101.55958212938828,138.45422126129057,0.0,0.0,0.6487897484575226,198271.52543261249,59183.12577131696,3553515.992765564,88695.26692336009,0.0,2018-02-28 12:28:00
2018-02-28 12:28:00,688,0,2107.0,10717929.38538206,4.43094447081158,3.953488372093023,686637.0,2940125.0,957540.9783005724,955470.8622588706,78600000.0,0.0,1202428.4131409568,647914.7970115695,78.0,397.0,582.0,16.0,78.0,0.0,0.0,0.0,101.55958212938828,138.45422126129057,0.0,0.0,0.6487897484575226,198271.52543261249,59183.12577131696,3553515.992765564,88695.26692336009,746.0,9587749.33780161,4.550938337801608,3.388739946380697,302326.0,675502.0,1134340.4136501525,1182706.527512919,59936727.0,0.0,1499394.3496360686,1074777.7279818635,36.0,308.0,190.0,6.0,36.0,0.0,0.0,0.0,86.36806397313606,122.70034722054277,0.0,0.0,0.5093833780160858,280435.3068709481,308407.23758655,3438038.9669320416,272079.9123139103,0.0,2018-02-28 12:29:00
2018-02-28 12:29:00,689,0,746.0,9587749.33780161,4.550938337801608,3.388739946380697,302326.0,675502.0,1134340.4136501525,1182706.527512919,59936727.0,0.0,1499394.3496360686,1074777.7279818635,36.0,308.0,190.0,6.0,36.0,0.0,0.0,0.0,86.36806397313606,122.70034722054277,0.0,0.0,0.5093833780160858,280435.3068709481,308407.23758655,3438038.9669320416,272079.9123139103,754.0,5327387.24005305,4.343501326259947,2.7294429708222814,250163.0,470930.0,675594.0683102101,578592.8466144245,58823889.0,0.0,798012.3818727812,381811.2307645785,123.0,398.0,159.0,16.0,123.0,0.0,0.0,0.0,65.6162904121191,100.08787778683872,0.0,0.0,0.3580901856763925,313651.89992723934,89554.35510772222,1805059.3071693936,64366.94554779234,0.0,2018-02-28 12:30:00
2018-02-28 12:30:00,690,0,754.0,5327387.24005305,4.343501326259947,2.7294429708222814,250163.0,470930.0,675594.0683102101,578592.8466144245,58823889.0,0.0,798012.3818727812,381811.2307645785,123.0,398.0,159.0,16.0,123.0,0.0,0.0,0.0,65.6162904121191,100.08787778683872,0.0,0.0,0.3580901856763925,313651.89992723934,89554.35510772222,1805059.3071693936,64366.94554779234,942.0,11507090.170912951,4.74203821656051,3.680467091295117,400773.0,943390.0,1464451.984519208,1068341.1476092811,59936771.0,0.0,1776201.4973860858,939465.6851290016,80.0,270.0,242.0,2.0,80.0,0.0,0.0,0.0,84.88477550128323,123.94021332070912,0.0,0.0,0.5371549893842887,341495.8945165962,126065.8123255958,4081283.7306383257,110541.16272172282,0.0,2018-02-28 12:31:00
2018-02-28 12:31:00,691,0,942.0,11507090.170912951,4.74203821656051,3.680467091295117,400773.0,943390.0,1464451.984519208,1068341.1476092811,59936771.0,0.0,1776201.4973860858,939465.6851290016,80.0,270.0,242.0,2.0,80.0,0.0,0.0,0.0,84.88477550128323,123.94021332070912,0.0,0.0,0.5371549893842887,341495.8945165962,126065.8123255958,4081283.7306383257,110541.16272172282,528.0,7387409.503787879,5.083333333333333,4.107954545454546,281745.0,541154.0,898845.7326528943,851769.958770943,58841890.0,0.0,1011933.4946918568,653078.8134699557,17.0,156.0,171.0,0.0,17.0,0.0,0.0,0.0,98.848600050093,151.48349093025303,0.0,0.0,0.4772727272727273,374015.7523326072,6712.241045400149,2670688.060677899,202099.9372054221,0.0,2018-02-28 12:32:00
2018-02-28 12:32:00,692,0,528.0,7387409.503787879,5.083333333333333,4.107954545454546,281745.0,541154.0,898845.7326528943,851769.958770943,58841890.0,0.0,1011933.4946918568,653078.8134699557,17.0,156.0,171.0,0.0,17.0,0.0,0.0,0.0,98.848600050093,151.48349093025303,0.0,0.0,0.4772727272727273,374015.7523326072,6712.241045400149,2670688.060677899,202099.9372054221,663.0,10217096.016591253,5.104072398190045,4.104072398190045,320189.0,768489.0,1168541.369534329,1217842.0199608854,62300000.0,0.0,1422828.0954048175,1130722.2375214072,16.0,149.0,192.0,0.0,16.0,0.0,0.0,0.0,98.73631329058868,142.70685559256546,0.0,144825.1694340951,0.6003016591251885,804721.2788425984,145455.6417253289,3930679.151592266,127712.72987643776,0.0,2018-02-28 12:33:00
2018-02-28 12:33:00,693,0,663.0,10217096.016591253,5.104072398190045,4.104072398190045,320189.0,768489.0,1168541.369534329,1217842.0199608854,62300000.0,0.0,1422828.0954048175,1130722.2375214072,16.0,149.0,192.0,0.0,16.0,0.0,0.0,0.0,98.73631329058868,142.70685559256546,0.0,144825.1694340951,0.6003016591251885,804721.2788425984,145455.6417253289,3930679.151592266,127712.72987643776,542.0,8210006.483394834,5.095940959409594,4.127306273062731,263310.0,874890.0,1829096.817100619,686058.0247387069,58400000.0,0.0,1894019.9414360607,479076.7409181664,31.0,159.0,163.0,0.0,31.0,0.0,0.0,0.0,104.35484081216512,150.56158955982252,0.0,176845.0731271204,0.488929889298893,297181.01750370726,214732.72124244407,3398855.981857319,195009.02891944267,0.0,2018-02-28 12:34:00
2018-02-28 12:34:00,694,0,542.0,8210006.483394834,5.095940959409594,4.127306273062731,263310.0,874890.0,1829096.817100619,686058.0247387069,58400000.0,0.0,1894019.9414360607,479076.7409181664,31.0,159.0,163.0,0.0,31.0,0.0,0.0,0.0,104.35484081216512,150.56158955982252,0.0,176845.0731271204,0.488929889298893,297181.01750370726,214732.72124244407,3398855.981857319,195009.02891944267,906.0,14717918.685430463,5.568432671081678,5.072847682119205,381857.0,1689530.0,1130570.273359903,1306594.4538797815,59937074.0,0.0,1532264.3549641876,1124509.2625631844,36.0,190.0,296.0,4.0,36.0,0.0,0.0,0.0,108.38234966966634,161.58003634635168,0.0,0.0,0.6412803532008831,544471.86082427,141489.40604745835,4179425.6060022367,360445.7789844351,0.0,2018-02-28 12:35:00
2018-02-28 12:35:00,695,0,906.0,14717918.685430463,5.568432671081678,5.072847682119205,381857.0,1689530.0,1130570.273359903,1306594.4538797815,59937074.0,0.0,1532264.3549641876,1124509.2625631844,36.0,190.0,296.0,4.0,36.0,0.0,0.0,0.0,108.38234966966634,161.58003634635168,0.0,0.0,0.6412803532008831,544471.86082427,141489.40604745835,4179425.6060022367,360445.7789844351,783.0,9333048.020434229,4.952745849297574,4.657726692209451,349014.0,1483598.0,1041407.2840603888,1122688.778698837,59600000.0,0.0,1286647.248608036,599784.3039191915,25.0,206.0,251.0,0.0,25.0,0.0,0.0,0.0,104.68769748489808,151.99737034056565,0.0,0.0,0.5951468710089399,190948.57564801088,75336.81646180489,4505959.922794171,217348.94606272693,0.0,2018-02-28 12:36:00
2018-02-28 12:36:00,696,0,783.0,9333048.020434229,4.952745849297574,4.657726692209451,349014.0,1483598.0,1041407.2840603888,1122688.778698837,59600000.0,0.0,1286647.248608036,599784.3039191915,25.0,206.0,251.0,0.0,25.0,0.0,0.0,0.0,104.68769748489808,151.99737034056565,0.0,0.0,0.5951468710089399,190948.57564801088,75336.81646180489,4505959.922794171,217348.94606272693,549.0,10969487.142076503,5.380692167577413,4.1256830601092895,293325.0,625248.0,2014592.7838659708,1397474.6300325473,59936771.0,0.0,2255287.313419461,941086.7983799056,40.0,191.0,168.0,4.0,40.0,0.0,0.0,0.0,96.0800241217774,145.82496225177832,0.0,176782.94500214103,0.4335154826958106,401682.2511011222,281877.8468703495,4382191.928485991,329110.04530802567,0.0,2018-02-28 12:37:00
2018-02-28 12:37:00,697,0,549.0,10969487.142076503,5.380692167577413,4.1256830601092895,293325.0,625248.0,2014592.7838659708,1397474.6300325473,59936771.0,0.0,2255287.313419461,941086.7983799056,40.0,191.0,168.0,4.0,40.0,0.0,0.0,0.0,96.0800241217774,145.82496225177832,0.0,176782.94500214103,0.4335154826958106,401682.2511011222,281877.8468703495,4382191.928485991,329110.04530802567,605.0,6914158.636363637,5.532231404958678,4.213223140495868,743539.0,648673.0,1270462.0837277477,989219.5997299616,62665223.0,0.0,1469444.965168551,506820.5203686567,46.0,180.0,175.0,0.0,46.0,0.0,0.0,0.0,98.05829042856776,147.47784103769587,0.0,0.0,0.512396694214876,343824.6540796269,197556.1064388192,3006291.6819203105,258215.8114863236,0.0,2018-02-28 12:38:00
2018-02-28 12:38:00,698,0,605.0,6914158.636363637,5.532231404958678,4.213223140495868,743539.0,648673.0,1270462.0837277477,989219.5997299616,62665223.0,0.0,1469444.965168551,506820.5203686567,46.0,180.0,175.0,0.0,46.0,0.0,0.0,0.0,98.05829042856776,147.47784103769587,0.0,0.0,0.512396694214876,343824.6540796269,197556.1064388192,3006291.6819203105,258215.8114863236,478.0,12146670.253138077,9.292887029288703,6.412133891213389,355586.0,564249.0,2821766.6260311413,1800270.557122982,60501371.0,0.0,3565213.1392397587,2017036.518198897,45.0,150.0,153.0,0.0,45.0,0.0,0.0,0.0,109.46774844535794,170.25702603703388,0.0,0.0,0.407949790794979,456547.0517149131,305807.86422556976,5393717.248271776,314949.2655361576,0.0,2018-02-28 12:39:00
2018-02-28 12:39:00,699,0,478.0,12146670.253138077,9.292887029288703,6.412133891213389,355586.0,564249.0,2821766.6260311413,1800270.557122982,60501371.0,0.0,3565213.1392397587,2017036.518198897,45.0,150.0,153.0,0.0,45.0,0.0,0.0,0.0,109.46774844535794,170.25702603703388,0.0,0.0,0.407949790794979,456547.0517149131,305807.86422556976,5393717.248271776,314949.2655361576,549.0,6600882.675774135,6.14207650273224,4.46448087431694,745272.0,756080.0,1370992.2474300296,923690.9706078392,58230293.0,0.0,1412457.52473559,466634.76569115935,17.0,152.0,170.0,0.0,17.0,0.0,0.0,0.0,106.17084983808545,163.56218156845028,17481.077875167346,45733.34327906599,0.4735883424408014,345791.7132882298,319827.17573975853,3193455.881667968,198298.68529750087,0.0,2018-02-28 12:40:00
2018-02-28 12:40:00,700,0,549.0,6600882.675774135,6.14207650273224,4.46448087431694,745272.0,756080.0,1370992.2474300296,923690.9706078392,58230293.0,0.0,1412457.52473559,466634.76569115935,17.0,152.0,170.0,0.0,17.0,0.0,0.0,0.0,106.17084983808545,163.56218156845028,17481.077875167346,45733.34327906599,0.4735883424408014,345791.7132882298,319827.17573975853,3193455.881667968,198298.68529750087,1001.0,15033605.927072927,7.591408591408592,9.164835164835164,548522.0,7700531.0,744511.2465628864,1477287.128578575,88167720.0,0.0,1180351.0030170889,1192608.5348946147,35.0,153.0,291.0,2.0,35.0,0.0,0.0,0.0,107.41711634152529,146.66053578723137,0.0,0.0,0.6423576423576424,269062.7067848169,48552.32928255153,5348238.379471986,160458.71339643924,0.0,2018-02-28 12:41:00
2018-02-28 12:41:00,701,0,1001.0,15033605.927072927,7.591408591408592,9.164835164835164,548522.0,7700531.0,744511.2465628864,1477287.128578575,88167720.0,0.0,1180351.0030170889,1192608.5348946147,35.0,153.0,291.0,2.0,35.0,0.0,0.0,0.0,107.41711634152529,146.66053578723137,0.0,0.0,0.6423576423576424,269062.7067848169,48552.32928255153,5348238.379471986,160458.71339643924,503.0,11744706.562624255,5.606361829025845,4.548707753479126,219028.0,1100177.0,2521647.770280629,829345.7975879262,59000000.0,0.0,2643038.009818828,582119.9050866521,11.0,128.0,158.0,4.0,11.0,0.0,0.0,0.0,102.68931521222544,154.17462091249902,0.0,0.0,0.4115308151093439,754450.0110499467,156731.33148848047,4490657.323734243,213845.65040025007,0.0,2018-02-28 12:42:00
2018-02-28 12:42:00,702,0,503.0,11744706.562624255,5.606361829025845,4.548707753479126,219028.0,1100177.0,2521647.770280629,829345.7975879262,59000000.0,0.0,2643038.009818828,582119.9050866521,11.0,128.0,158.0,4.0,11.0,0.0,0.0,0.0,102.68931521222544,154.17462091249902,0.0,0.0,0.4115308151093439,754450.0110499467,156731.33148848047,4490657.323734243,213845.65040025007,1470.0,14304492.568707485,5.181632653061224,5.075510204081633,506636.0,3264064.0,740423.5776076027,1234006.8655310208,59936360.0,0.0,1153284.0751045635,1075227.7452184665,56.0,300.0,428.0,3.0,56.0,0.0,0.0,0.0,95.11409662864824,130.92283848331968,0.0,340727.59084725333,0.6510204081632653,137099.9785435904,92445.70743789231,3830981.159482148,205098.8467103253,0.0,2018-02-28 12:43:00
2018-02-28 12:43:00,703,0,1470.0,14304492.568707485,5.181632653061224,5.075510204081633,506636.0,3264064.0,740423.5776076027,1234006.8655310208,59936360.0,0.0,1153284.0751045635,1075227.7452184665,56.0,300.0,428.0,3.0,56.0,0.0,0.0,0.0,95.11409662864824,130.92283848331968,0.0,340727.59084725333,0.6510204081632653,137099.9785435904,92445.70743789231,3830981.159482148,205098.8467103253,539.0,5427036.47309833,4.467532467532467,3.059369202226345,227908.0,502692.0,1065810.7444536951,657543.7137498055,58600000.0,0.0,1124741.0343977748,360546.424901385,48.0,237.0,123.0,6.0,48.0,0.0,0.0,0.0,88.00118061787198,131.0885076646436,0.0,0.0,0.4675324675324675,332204.5290131637,331625.44806768367,2453756.3094310453,140739.96958386348,0.0,2018-02-28 12:44:00
2018-02-28 12:44:00,704,0,539.0,5427036.47309833,4.467532467532467,3.059369202226345,227908.0,502692.0,1065810.7444536951,657543.7137498055,58600000.0,0.0,1124741.0343977748,360546.424901385,48.0,237.0,123.0,6.0,48.0,0.0,0.0,0.0,88.00118061787198,131.0885076646436,0.0,0.0,0.4675324675324675,332204.5290131637,331625.44806768367,2453756.3094310453,140739.96958386348,766.0,12353238.578328982,17.130548302872064,29.513054830287206,326696.0,28976241.0,1683583.775048012,1250148.6143564838,59936379.0,0.0,2014609.0620585245,1121332.9039879355,37.0,284.0,200.0,5.0,37.0,0.0,0.0,0.0,96.90446563273498,138.40391516234413,0.0,0.0,0.5404699738903395,280833.81091265724,309153.18687848194,4613282.968059775,203892.84129315225,0.0,2018-02-28 12:45:00
2018-02-28 12:45:00,705,0,766.0,12353238.578328982,17.130548302872064,29.513054830287206,326696.0,28976241.0,1683583.775048012,1250148.6143564838,59936379.0,0.0,2014609.0620585245,1121332.9039879355,37.0,284.0,200.0,5.0,37.0,0.0,0.0,0.0,96.90446563273498,138.40391516234413,0.0,0.0,0.5404699738903395,280833.81091265724,309153.18687848194,4613282.968059775,203892.84129315225,533.0,8185346.885553471,4.780487804878049,3.5178236397748592,234455.0,585337.0,844823.9310086967,844616.2516011259,58800000.0,0.0,1053308.4752293506,599575.8117148206,40.0,206.0,137.0,11.0,40.0,0.0,0.0,0.0,97.32203315582214,141.9476529427587,0.0,0.0,0.5121951219512195,361490.31789124233,283102.4403563023,2923302.3656988624,139956.3158046721,0.0,2018-02-28 12:46:00
2018-02-28 12:46:00,706,0,533.0,8185346.885553471,4.780487804878049,3.5178236397748592,234455.0,585337.0,844823.9310086967,844616.2516011259,58800000.0,0.0,1053308.4752293506,599575.8117148206,40.0,206.0,137.0,11.0,40.0,0.0,0.0,0.0,97.32203315582214,141.9476529427587,0.0,0.0,0.5121951219512195,361490.31789124233,283102.4403563023,2923302.3656988624,139956.3158046721,374.0,10157647.673796792,5.58288770053476,3.852941176470588,177090.0,375947.0,1604945.463598254,1516107.295199518,59936486.0,0.0,2156287.7366405264,1788580.4092527805,27.0,156.0,87.0,0.0,27.0,0.0,0.0,0.0,89.45379940202541,139.11940844233476,52421.87436727187,504546.683132667,0.4759358288770053,773348.2256684492,31791.816703779776,4341596.733021391,319444.61490930605,0.0,2018-02-28 12:47:00
2018-02-28 12:47:00,707,0,374.0,10157647.673796792,5.58288770053476,3.852941176470588,177090.0,375947.0,1604945.463598254,1516107.295199518,59936486.0,0.0,2156287.7366405264,1788580.4092527805,27.0,156.0,87.0,0.0,27.0,0.0,0.0,0.0,89.45379940202541,139.11940844233476,52421.87436727187,504546.683132667,0.4759358288770053,773348.2256684492,31791.816703779776,4341596.733021391,319444.61490930605,1322.0,13107217.270045388,4.42965204236006,4.2670196671709535,324104.0,2902783.0,1237257.436717088,1026440.7420673192,59000490.0,0.0,1626876.348605323,835545.4454371318,26.0,201.0,305.0,2.0,26.0,0.0,0.0,0.0,83.91991333564833,102.19994543063184,0.0,0.0,0.7095310136157338,234825.7926948809,103185.02432540397,3380364.5678552766,112279.0468669074,0.0,2018-02-28 12:48:00
2018-02-28 12:48:00,708,0,1322.0,13107217.270045388,4.42965204236006,4.2670196671709535,324104.0,2902783.0,1237257.436717088,1026440.7420673192,59000490.0,0.0,1626876.348605323,835545.4454371318,26.0,201.0,305.0,2.0,26.0,0.0,0.0,0.0,83.91991333564833,102.19994543063184,0.0,0.0,0.7095310136157338,234825.7926948809,103185.02432540397,3380364.5678552766,112279.0468669074,571.0,13014737.686514886,5.502626970227671,5.490367775831874,223069.0,1806802.0,1424052.2225515472,1605223.1522677613,59936467.0,0.0,2164430.364513601,1865440.9439642075,29.0,139.0,126.0,4.0,29.0,0.0,0.0,0.0,91.6216783768366,124.67768109072118,0.0,0.0,0.5709281961471103,309763.2859593304,229851.72640044635,5269595.974942912,244528.76075648452,0.0,2018-02-28 12:49:00
2018-02-28 12:49:00,709,0,571.0,13014737.686514886,5.502626970227671,5.490367775831874,223069.0,1806802.0,1424052.2225515472,1605223.1522677613,59936467.0,0.0,2164430.364513601,1865440.9439642075,29.0,139.0,126.0,4.0,29.0,0.0,0.0,0.0,91.6216783768366,124.67768109072118,0.0,0.0,0.5709281961471103,309763.2859593304,229851.72640044635,5269595.974942912,244528.76075648452,942.0,9572558.082802547,4.082802547770701,3.560509554140128,287074.0,1306579.0,1067503.251892175,939660.1602567438,58839420.0,0.0,1343097.7553118458,746562.6769918918,25.0,205.0,201.0,3.0,25.0,0.0,0.0,0.0,83.64710178216157,108.25570867418884,0.0,83197.50033751593,0.6900212314225053,312216.7863320024,115350.86895569724,3515716.9429553407,138939.3605173084,0.0,2018-02-28 12:50:00
2018-02-28 12:50:00,710,0,942.0,9572558.082802547,4.082802547770701,3.560509554140128,287074.0,1306579.0,1067503.251892175,939660.1602567438,58839420.0,0.0,1343097.7553118458,746562.6769918918,25.0,205.0,201.0,3.0,25.0,0.0,0.0,0.0,83.64710178216157,108.25570867418884,0.0,83197.50033751593,0.6900212314225053,312216.7863320024,115350.86895569724,3515716.9429553407,138939.3605173084,655.0,14133198.374045802,4.891603053435115,3.827480916030536,217058.0,916683.0,1614978.363531527,1473633.2724500285,59936346.0,0.0,2096160.333518312,1402035.4431917851,45.0,185.0,140.0,6.0,45.0,0.0,0.0,0.0,91.68019074695222,118.50809227900656,0.0,445338.76637569,0.5190839694656488,223054.3490030761,211975.6820857668,5418542.112146642,206151.05855635315,0.0,2018-02-28 12:51:00
2018-02-28 12:51:00,711,0,655.0,14133198.374045802,4.891603053435115,3.827480916030536,217058.0,916683.0,1614978.363531527,1473633.2724500285,59936346.0,0.0,2096160.333518312,1402035.4431917851,45.0,185.0,140.0,6.0,45.0,0.0,0.0,0.0,91.68019074695222,118.50809227900656,0.0,445338.76637569,0.5190839694656488,223054.3490030761,211975.6820857668,5418542.112146642,206151.05855635315,415.0,10902449.913253011,4.602409638554217,3.2048192771084336,161149.0,362324.0,1849077.793459176,1499514.726248376,59200000.0,0.0,2524858.3095871587,1509168.2060460693,22.0,145.0,86.0,3.0,22.0,0.0,0.0,0.0,86.06616492099735,118.78426970372097,0.0,319125.2574521824,0.4987951807228916,415123.0337987411,461603.3835065654,4730366.349882146,191928.3864754424,0.0,2018-02-28 12:52:00
2018-02-28 12:52:00,712,0,415.0,10902449.913253011,4.602409638554217,3.2048192771084336,161149.0,362324.0,1849077.793459176,1499514.726248376,59200000.0,0.0,2524858.3095871587,1509168.2060460693,22.0,145.0,86.0,3.0,22.0,0.0,0.0,0.0,86.06616492099735,118.78426970372097,0.0,319125.2574521824,0.4987951807228916,415123.0337987411,461603.3835065654,4730366.349882146,191928.3864754424,332.0,14710629.081325302,5.1897590361445785,3.533132530120482,130708.0,277593.0,2780848.0599544155,1982314.0923742687,81922485.0,0.0,3336909.868551319,2189715.9833152047,44.0,151.0,63.0,10.0,44.0,0.0,0.0,0.0,76.28449139844186,116.2199786360729,0.0,1060758.90196283,0.4006024096385542,554121.5811881708,362073.481154111,6769623.46393839,435170.6345424432,0.0,2018-02-28 12:53:00
2018-02-28 12:53:00,713,0,332.0,14710629.081325302,5.1897590361445785,3.533132530120482,130708.0,277593.0,2780848.0599544155,1982314.0923742687,81922485.0,0.0,3336909.868551319,2189715.9833152047,44.0,151.0,63.0,10.0,44.0,0.0,0.0,0.0,76.28449139844186,116.2199786360729,0.0,1060758.90196283,0.4006024096385542,554121.5811881708,362073.481154111,6769623.46393839,435170.6345424432,470.0,11904914.612765957,5.238297872340426,3.7148936170212767,180337.0,612191.0,2061075.7169946944,1248743.7219295776,58900000.0,0.0,2630499.1119176587,1279792.0019585572,24.0,144.0,103.0,0.0,24.0,0.0,0.0,0.0,80.48037439339299,117.03882375784448,0.0,33467.00835902906,0.4595744680851064,544823.1532044474,485724.49806724174,4556405.198731307,217300.0506897798,0.0,2018-02-28 12:54:00
2018-02-28 12:54:00,714,0,470.0,11904914.612765957,5.238297872340426,3.7148936170212767,180337.0,612191.0,2061075.7169946944,1248743.7219295776,58900000.0,0.0,2630499.1119176587,1279792.0019585572,24.0,144.0,103.0,0.0,24.0,0.0,0.0,0.0,80.48037439339299,117.03882375784448,0.0,33467.00835902906,0.4595744680851064,544823.1532044474,485724.49806724174,4556405.198731307,217300.0506897798,905.0,18088666.634254143,5.499447513812155,5.264088397790055,352559.0,1967863.0,1388628.0358927124,1696075.8873129855,119000000.0,0.0,2050615.9251361089,1657298.2331628776,50.0,187.0,264.0,4.0,50.0,0.0,0.0,0.0,105.38940367142,149.749051678737,0.0,0.0,0.6022099447513812,133538.5725516193,142419.63816258445,5971538.999609313,277431.9698642992,0.0,2018-02-28 12:55:00
2018-02-28 12:55:00,715,0,905.0,18088666.634254143,5.499447513812155,5.264088397790055,352559.0,1967863.0,1388628.0358927124,1696075.8873129855,119000000.0,0.0,2050615.9251361089,1657298.2331628776,50.0,187.0,264.0,4.0,50.0,0.0,0.0,0.0,105.38940367142,149.749051678737,0.0,0.0,0.6022099447513812,133538.5725516193,142419.63816258445,5971538.999609313,277431.9698642992,385.0,14357842.363636363,5.815584415584415,3.896103896103896,182953.0,427315.0,3037967.137208593,1241654.096405228,59647791.0,0.0,3348635.857017106,984365.397585528,5.0,105.0,102.0,0.0,5.0,0.0,0.0,0.0,101.7920851142439,160.52821561173894,0.0,38439.76287953445,0.4571428571428571,1065282.6851014472,481906.2370886897,5553619.759655456,262007.36041046315,0.0,2018-02-28 12:56:00
2018-02-28 12:56:00,716,0,385.0,14357842.363636363,5.815584415584415,3.896103896103896,182953.0,427315.0,3037967.137208593,1241654.096405228,59647791.0,0.0,3348635.857017106,984365.397585528,5.0,105.0,102.0,0.0,5.0,0.0,0.0,0.0,101.7920851142439,160.52821561173894,0.0,38439.76287953445,0.4571428571428571,1065282.6851014472,481906.2370886897,5553619.759655456,262007.36041046315,360.0,13548462.997222222,5.258333333333334,4.0777777777777775,161594.0,342206.0,2279095.873972157,2056191.6219466145,59936554.0,0.0,3309304.7879100195,2679985.970531416,19.0,161.0,75.0,0.0,19.0,0.0,0.0,0.0,81.79629934902361,129.15773054975168,0.0,88565.08227837963,0.475,471036.37175925,22589.13504440388,5882334.214317172,290009.030900041,0.0,2018-02-28 12:57:00
2018-02-28 12:57:00,717,0,360.0,13548462.997222222,5.258333333333334,4.0777777777777775,161594.0,342206.0,2279095.873972157,2056191.6219466145,59936554.0,0.0,3309304.7879100195,2679985.970531416,19.0,161.0,75.0,0.0,19.0,0.0,0.0,0.0,81.79629934902361,129.15773054975168,0.0,88565.08227837963,0.475,471036.37175925,22589.13504440388,5882334.214317172,290009.030900041,923.0,12123517.498374864,4.520043336944745,3.972914409534128,263927.0,1805659.0,710846.6511507226,1306533.4527508414,59000000.0,0.0,1090591.7103526893,930383.5776539166,83.0,229.0,184.0,6.0,83.0,0.0,0.0,0.0,87.98398543370628,116.97940550694388,0.0,0.0,0.6348862405200434,292827.2039947656,87509.3832657717,4619364.724127846,329533.7377180027,0.0,2018-02-28 12:58:00
2018-02-28 12:58:00,718,0,923.0,12123517.498374864,4.520043336944745,3.972914409534128,263927.0,1805659.0,710846.6511507226,1306533.4527508414,59000000.0,0.0,1090591.7103526893,930383.5776539166,83.0,229.0,184.0,6.0,83.0,0.0,0.0,0.0,87.98398543370628,116.97940550694388,0.0,0.0,0.6348862405200434,292827.2039947656,87509.3832657717,4619364.724127846,329533.7377180027,359.0,21744908.18941504,5.9665738161559885,4.401114206128134,172470.0,391332.0,4150081.2777737314,2349781.439459258,59936349.0,0.0,5227729.51908592,2831257.2700530654,11.0,88.0,93.0,2.0,11.0,0.0,0.0,0.0,96.51022560199276,145.64871865286713,19651.221396779376,40087.535149421696,0.4401114206128134,531315.6799479927,511782.22809324384,8624466.332284352,352989.99485118245,0.0,2018-02-28 12:59:00
